ISO-10303-21;
HEADER;
FILE_DESCRIPTION (( 'STEP AP214' ),
    '1' );
FILE_NAME ('Core1262-868M.STEP',
    '2022-12-28T13:50:21',
    ( '' ),
    ( '' ),
    'SwSTEP 2.0',
    'SolidWorks 2021',
    '' );
FILE_SCHEMA (( 'AUTOMOTIVE_DESIGN' ));
ENDSEC;

DATA;
#1 = DIRECTION ( 'NONE',  ( -0.000000000000000000, -1.000000000000000000, -0.000000000000000000 ) ) ;
#2 = CARTESIAN_POINT ( 'NONE',  ( 7.620000000000000107, 1.599999999999999867, 0.4700000000000016387 ) ) ;
#3 = CARTESIAN_POINT ( 'NONE',  ( -6.000000000000001776, 1.600000000000007638, 9.490000000000005542 ) ) ;
#4 = CARTESIAN_POINT ( 'NONE',  ( 2.899999999999999467, 2.100000000000000089, -7.139999999999995239 ) ) ;
#5 = CARTESIAN_POINT ( 'NONE',  ( 7.620000000000110241, 4.721281787984062284, 0.7619999999999956808 ) ) ;
#6 = CARTESIAN_POINT ( 'NONE',  ( -7.619999999999819806, 4.721281787984062284, 9.398000000000003240 ) ) ;
#7 = FACE_OUTER_BOUND ( 'NONE', #6583, .T. ) ;
#8 = VERTEX_POINT ( 'NONE', #8542 ) ;
#9 = LINE ( 'NONE', #4623, #5184 ) ;
#10 = EDGE_CURVE ( 'NONE', #4281, #5562, #10301, .T. ) ;
#11 = EDGE_LOOP ( 'NONE', ( #5611, #1918, #2918, #9624 ) ) ;
#12 = ADVANCED_FACE ( 'NONE', ( #8591, #1421 ), #6886, .F. ) ;
#13 = ORIENTED_EDGE ( 'NONE', *, *, #4496, .F. ) ;
#14 = ADVANCED_FACE ( 'NONE', ( #4570 ), #539, .F. ) ;
#15 = PLANE ( 'NONE',  #992 ) ;
#16 = DIRECTION ( 'NONE',  ( 0.000000000000000000, 0.000000000000000000, -1.000000000000000000 ) ) ;
#17 = CARTESIAN_POINT ( 'NONE',  ( -9.500000000000000000, 0.000000000000000000, -8.089999999999999858 ) ) ;
#18 = ORIENTED_EDGE ( 'NONE', *, *, #901, .F. ) ;
#19 = ORIENTED_EDGE ( 'NONE', *, *, #10060, .F. ) ;
#20 = EDGE_LOOP ( 'NONE', ( #3965, #3509, #8793, #5787 ) ) ;
#21 = ADVANCED_FACE ( 'NONE', ( #6219 ), #7805, .F. ) ;
#22 = ORIENTED_EDGE ( 'NONE', *, *, #8805, .T. ) ;
#23 = DIRECTION ( 'NONE',  ( -0.000000000000000000, -1.000000000000000000, -0.000000000000000000 ) ) ;
#24 = EDGE_CURVE ( 'NONE', #8659, #5044, #4627, .T. ) ;
#25 = LINE ( 'NONE', #8606, #2319 ) ;
#26 = DIRECTION ( 'NONE',  ( 0.000000000000000000, 1.000000000000000000, 0.000000000000000000 ) ) ;
#27 = DIRECTION ( 'NONE',  ( 0.000000000000000000, -0.000000000000000000, 1.000000000000000000 ) ) ;
#28 = CARTESIAN_POINT ( 'NONE',  ( 0.000000000000000000, 1.600000000000000089, -5.549999999999998934 ) ) ;
#29 = ADVANCED_FACE ( 'NONE', ( #5322, #1326 ), #2259, .F. ) ;
#30 = ORIENTED_EDGE ( 'NONE', *, *, #5071, .F. ) ;
#31 = CARTESIAN_POINT ( 'NONE',  ( 0.000000000000000000, 1.600000000000000089, 9.690000000000004832 ) ) ;
#32 = VECTOR ( 'NONE', #2309, 1000.000000000000000 ) ;
#33 = ORIENTED_EDGE ( 'NONE', *, *, #3354, .F. ) ;
#34 = VECTOR ( 'NONE', #2499, 1000.000000000000000 ) ;
#35 = SURFACE_SIDE_STYLE ('',( #3917 ) ) ;
#36 = CARTESIAN_POINT ( 'NONE',  ( -7.620000000000000107, 1.599999999999999867, -0.4700000000000012501 ) ) ;
#37 = SURFACE_STYLE_FILL_AREA ( #8048 ) ;
#38 = PLANE ( 'NONE',  #3905 ) ;
#39 = AXIS2_PLACEMENT_3D ( 'NONE', #10054, #8490, #6929 ) ;
#40 = PLANE ( 'NONE',  #2120 ) ;
#41 = ORIENTED_EDGE ( 'NONE', *, *, #5602, .T. ) ;
#42 = LINE ( 'NONE', #7371, #1309 ) ;
#43 = EDGE_CURVE ( 'NONE', #9885, #8348, #7790, .T. ) ;
#44 = ORIENTED_EDGE ( 'NONE', *, *, #5856, .F. ) ;
#45 = VERTEX_POINT ( 'NONE', #7859 ) ;
#46 = VECTOR ( 'NONE', #9324, 1000.000000000000000 ) ;
#47 = CARTESIAN_POINT ( 'NONE',  ( 6.000000000000001776, 2.970000000000000195, -4.630000000000001670 ) ) ;
#48 = FACE_OUTER_BOUND ( 'NONE', #8089, .T. ) ;
#49 = CARTESIAN_POINT ( 'NONE',  ( -7.620000000000000995, 4.721281787984062284, -5.549999999999998934 ) ) ;
#50 = CYLINDRICAL_SURFACE ( 'NONE', #7469, 0.5080000000000001181 ) ;
#51 = DIRECTION ( 'NONE',  ( 0.000000000000000000, 1.000000000000000000, -0.000000000000000000 ) ) ;
#52 = CARTESIAN_POINT ( 'NONE',  ( 9.500000000000000000, 1.599999999999999867, 1.270000000000000240 ) ) ;
#53 = FACE_BOUND ( 'NONE', #5928, .T. ) ;
#54 = ORIENTED_EDGE ( 'NONE', *, *, #593, .F. ) ;
#55 = FACE_OUTER_BOUND ( 'NONE', #5977, .T. ) ;
#56 = EDGE_LOOP ( 'NONE', ( #3233, #4025, #7822, #3004 ) ) ;
#57 = EDGE_LOOP ( 'NONE', ( #982, #9238, #9761, #7501, #6123, #5850 ) ) ;
#58 = VERTEX_POINT ( 'NONE', #9207 ) ;
#59 = DIRECTION ( 'NONE',  ( 0.000000000000000000, 0.000000000000000000, -1.000000000000000000 ) ) ;
#60 = CARTESIAN_POINT ( 'NONE',  ( 6.000000000000003553, 3.069999999999999840, 0.000000000000000000 ) ) ;
#61 = EDGE_CURVE ( 'NONE', #8775, #836, #9315, .T. ) ;
#62 = DIRECTION ( 'NONE',  ( 0.000000000000000000, 0.000000000000000000, 1.000000000000000000 ) ) ;
#63 = DIRECTION ( 'NONE',  ( 0.000000000000000000, 0.000000000000000000, 1.000000000000000000 ) ) ;
#64 = ORIENTED_EDGE ( 'NONE', *, *, #1042, .T. ) ;
#65 = EDGE_LOOP ( 'NONE', ( #9557, #9304, #9896, #282 ) ) ;
#66 = EDGE_CURVE ( 'NONE', #9038, #6325, #7658, .T. ) ;
#67 = ORIENTED_EDGE ( 'NONE', *, *, #4003, .F. ) ;
#68 = EDGE_LOOP ( 'NONE', ( #6384, #9680, #2135, #6242 ) ) ;
#69 = DIRECTION ( 'NONE',  ( 1.000000000000000000, 0.000000000000000000, 0.000000000000000000 ) ) ;
#70 = CARTESIAN_POINT ( 'NONE',  ( -9.499999999999996447, 1.600000000000000089, 0.000000000000000000 ) ) ;
#71 = AXIS2_PLACEMENT_3D ( 'NONE', #5828, #200, #3514 ) ;
#72 = EDGE_CURVE ( 'NONE', #854, #9701, #8741, .T. ) ;
#73 = VECTOR ( 'NONE', #6606, 1000.000000000000000 ) ;
#74 = ADVANCED_FACE ( 'NONE', ( #5734 ), #9467, .F. ) ;
#75 = CARTESIAN_POINT ( 'NONE',  ( 1.290000000000000036, 2.970000000000000195, -5.279999999999999361 ) ) ;
#76 = LINE ( 'NONE', #7054, #8479 ) ;
#77 = ADVANCED_FACE ( 'NONE', ( #8847, #53 ), #5685, .T. ) ;
#78 = DIRECTION ( 'NONE',  ( 0.000000000000000000, 0.000000000000000000, -1.000000000000000000 ) ) ;
#79 = EDGE_LOOP ( 'NONE', ( #3380, #9862, #285, #7055 ) ) ;
#80 = CARTESIAN_POINT ( 'NONE',  ( 6.350000000000001421, 1.600000000000000089, 9.690000000000004832 ) ) ;
#81 = ORIENTED_EDGE ( 'NONE', *, *, #569, .T. ) ;
#82 = VECTOR ( 'NONE', #6660, 1000.000000000000000 ) ;
#83 = EDGE_CURVE ( 'NONE', #10177, #4723, #439, .T. ) ;
#84 = DIRECTION ( 'NONE',  ( 0.000000000000000000, 0.000000000000000000, 1.000000000000000000 ) ) ;
#85 = DIRECTION ( 'NONE',  ( 0.000000000000000000, 0.000000000000000000, 1.000000000000000000 ) ) ;
#86 = VECTOR ( 'NONE', #9183, 1000.000000000000000 ) ;
#87 = CARTESIAN_POINT ( 'NONE',  ( -9.500000000000000000, 4.721281787984062284, 0.000000000000000000 ) ) ;
#88 = DIRECTION ( 'NONE',  ( 0.000000000000000000, 1.000000000000000000, 0.000000000000000000 ) ) ;
#89 = VERTEX_POINT ( 'NONE', #1687 ) ;
#90 = ORIENTED_EDGE ( 'NONE', *, *, #9487, .F. ) ;
#91 = ADVANCED_FACE ( 'NONE', ( #8788, #1529 ), #6520, .F. ) ;
#92 = DIRECTION ( 'NONE',  ( -0.000000000000000000, -1.000000000000000000, -0.000000000000000000 ) ) ;
#93 = LINE ( 'NONE', #2519, #6337 ) ;
#94 = LINE ( 'NONE', #8010, #642 ) ;
#95 = VECTOR ( 'NONE', #700, 1000.000000000000000 ) ;
#96 = CARTESIAN_POINT ( 'NONE',  ( 1.240000000000001545, 3.270000000000000018, -9.340000000000003411 ) ) ;
#97 = DIRECTION ( 'NONE',  ( -0.000000000000000000, -1.000000000000000000, -0.000000000000000000 ) ) ;
#98 = DIRECTION ( 'NONE',  ( 0.000000000000000000, -1.000000000000000000, 0.000000000000000000 ) ) ;
#99 = DIRECTION ( 'NONE',  ( 0.000000000000000000, 0.000000000000000000, 1.000000000000000000 ) ) ;
#100 = SURFACE_STYLE_FILL_AREA ( #6412 ) ;
#101 = PLANE ( 'NONE',  #2792 ) ;
#102 = VERTEX_POINT ( 'NONE', #2363 ) ;
#103 = CYLINDRICAL_SURFACE ( 'NONE', #2495, 0.5080000000000002292 ) ;
#104 = VECTOR ( 'NONE', #4842, 1000.000000000000000 ) ;
#105 = VERTEX_POINT ( 'NONE', #4092 ) ;
#106 = EDGE_LOOP ( 'NONE', ( #3293, #4679, #8197, #44 ) ) ;
#107 = ORIENTED_EDGE ( 'NONE', *, *, #2010, .F. ) ;
#108 = CIRCLE ( 'NONE', #3966, 0.5080000000000015614 ) ;
#109 = LINE ( 'NONE', #1012, #1988 ) ;
#110 = ADVANCED_FACE ( 'NONE', ( #4771 ), #3938, .F. ) ;
#111 = FACE_OUTER_BOUND ( 'NONE', #1389, .T. ) ;
#112 = MECHANICAL_DESIGN_GEOMETRIC_PRESENTATION_REPRESENTATION (  '', ( #6158 ), #785 ) ;
#113 = AXIS2_PLACEMENT_3D ( 'NONE', #7209, #133, #9651 ) ;
#114 = CARTESIAN_POINT ( 'NONE',  ( 0.000000000000000000, 1.600000000000000089, 0.000000000000000000 ) ) ;
#115 = CYLINDRICAL_SURFACE ( 'NONE', #5944, 0.5080000000000045590 ) ;
#116 = CIRCLE ( 'NONE', #6169, 0.5080000000000002292 ) ;
#117 = EDGE_LOOP ( 'NONE', ( #502, #3075, #4594, #3893 ) ) ;
#118 = ORIENTED_EDGE ( 'NONE', *, *, #2731, .T. ) ;
#119 = ORIENTED_EDGE ( 'NONE', *, *, #729, .T. ) ;
#120 = AXIS2_PLACEMENT_3D ( 'NONE', #8585, #1524, #3201 ) ;
#121 = VECTOR ( 'NONE', #5497, 1000.000000000000000 ) ;
#122 = ORIENTED_EDGE ( 'NONE', *, *, #6617, .T. ) ;
#123 = DIRECTION ( 'NONE',  ( 0.000000000000000000, 1.000000000000000000, -0.000000000000000000 ) ) ;
#124 = AXIS2_PLACEMENT_3D ( 'NONE', #7207, #8819, #78 ) ;
#125 = PLANE ( 'NONE',  #2293 ) ;
#126 = EDGE_CURVE ( 'NONE', #1301, #8626, #7133, .T. ) ;
#127 = DIRECTION ( 'NONE',  ( -1.000000000000000000, -0.000000000000000000, -0.000000000000000000 ) ) ;
#128 = DIRECTION ( 'NONE',  ( -8.028929904771831160E-16, 1.000000000000000000, 0.000000000000000000 ) ) ;
#129 = DIRECTION ( 'NONE',  ( 0.000000000000000000, 0.000000000000000000, -1.000000000000000000 ) ) ;
#130 = AXIS2_PLACEMENT_3D ( 'NONE', #8586, #2889, #8379 ) ;
#131 = AXIS2_PLACEMENT_3D ( 'NONE', #8850, #7432, #7232 ) ;
#132 = ORIENTED_EDGE ( 'NONE', *, *, #5651, .T. ) ;
#133 = DIRECTION ( 'NONE',  ( 0.000000000000000000, 1.000000000000000000, -0.000000000000000000 ) ) ;
#134 = EDGE_CURVE ( 'NONE', #7821, #9258, #2474, .T. ) ;
#135 = ORIENTED_EDGE ( 'NONE', *, *, #5527, .T. ) ;
#136 = ORIENTED_EDGE ( 'NONE', *, *, #3871, .F. ) ;
#137 = EDGE_CURVE ( 'NONE', #7767, #5221, #796, .T. ) ;
#138 = LINE ( 'NONE', #6594, #7038 ) ;
#139 = ADVANCED_FACE ( 'NONE', ( #7126 ), #3996, .F. ) ;
#140 = VECTOR ( 'NONE', #341, 1000.000000000000000 ) ;
#141 = AXIS2_PLACEMENT_3D ( 'NONE', #3339, #3964, #7991 ) ;
#142 = CARTESIAN_POINT ( 'NONE',  ( 3.219999999999999751, 1.750000000000000000, -9.979999999999996874 ) ) ;
#143 = CARTESIAN_POINT ( 'NONE',  ( 7.620000000000032969, 0.000000000000000000, -6.349999999999999645 ) ) ;
#144 = PLANE ( 'NONE',  #2487 ) ;
#145 = ORIENTED_EDGE ( 'NONE', *, *, #7488, .T. ) ;
#146 = ORIENTED_EDGE ( 'NONE', *, *, #4713, .T. ) ;
#147 = VECTOR ( 'NONE', #5580, 1000.000000000000000 ) ;
#148 = AXIS2_PLACEMENT_3D ( 'NONE', #7467, #1138, #5816 ) ;
#149 = VERTEX_POINT ( 'NONE', #5522 ) ;
#150 = ADVANCED_FACE ( 'NONE', ( #7 ), #101, .T. ) ;
#151 = DIRECTION ( 'NONE',  ( 1.000000000000000000, 0.000000000000000000, -4.613626265895764052E-16 ) ) ;
#152 = EDGE_CURVE ( 'NONE', #6598, #1459, #8694, .T. ) ;
#153 = CARTESIAN_POINT ( 'NONE',  ( -9.500000000000000000, 4.721281787984062284, -3.009999999999999787 ) ) ;
#154 = VECTOR ( 'NONE', #151, 1000.000000000000000 ) ;
#155 = DIRECTION ( 'NONE',  ( 0.000000000000000000, 0.000000000000000000, -1.000000000000000000 ) ) ;
#156 = CIRCLE ( 'NONE', #5198, 0.7999999999999994893 ) ;
#157 = SURFACE_SIDE_STYLE ('',( #9765 ) ) ;
#158 = CARTESIAN_POINT ( 'NONE',  ( -9.499999999999996447, 0.000000000000000000, 11.00000000000000355 ) ) ;
#159 = CARTESIAN_POINT ( 'NONE',  ( -6.000000000000001776, 2.970000000000000639, 9.690000000000006608 ) ) ;
#160 = DIRECTION ( 'NONE',  ( -0.000000000000000000, -1.000000000000000000, -0.000000000000000000 ) ) ;
#161 = DIRECTION ( 'NONE',  ( -9.227252531791528105E-16, 0.000000000000000000, -1.000000000000000000 ) ) ;
#162 = CARTESIAN_POINT ( 'NONE',  ( 7.620000000000000107, 1.599999999999999867, -2.069999999999998508 ) ) ;
#163 = ORIENTED_EDGE ( 'NONE', *, *, #1953, .F. ) ;
#164 = DIRECTION ( 'NONE',  ( -0.000000000000000000, -1.000000000000000000, -0.000000000000000000 ) ) ;
#165 = EDGE_LOOP ( 'NONE', ( #7648, #5088, #7025, #5913 ) ) ;
#166 = VERTEX_POINT ( 'NONE', #2415 ) ;
#167 = ADVANCED_FACE ( 'NONE', ( #5624, #3310 ), #4832, .T. ) ;
#168 = MECHANICAL_DESIGN_GEOMETRIC_PRESENTATION_REPRESENTATION (  '', ( #10022 ), #679 ) ;
#169 = EDGE_LOOP ( 'NONE', ( #2351, #6223, #5800, #7281 ) ) ;
#170 = FACE_OUTER_BOUND ( 'NONE', #2717, .T. ) ;
#171 = PLANE ( 'NONE',  #2978 ) ;
#172 = FACE_BOUND ( 'NONE', #3748, .T. ) ;
#173 = DIRECTION ( 'NONE',  ( -1.000000000000000000, 0.000000000000000000, 1.186541365237213826E-16 ) ) ;
#174 = DIRECTION ( 'NONE',  ( 1.186541365237213826E-16, -0.000000000000000000, 1.000000000000000000 ) ) ;
#175 = ORIENTED_EDGE ( 'NONE', *, *, #5954, .F. ) ;
#176 = ORIENTED_EDGE ( 'NONE', *, *, #3285, .T. ) ;
#177 = ORIENTED_EDGE ( 'NONE', *, *, #10264, .T. ) ;
#178 = EDGE_CURVE ( 'NONE', #1378, #5798, #5782, .T. ) ;
#179 = ORIENTED_EDGE ( 'NONE', *, *, #3507, .F. ) ;
#180 = CARTESIAN_POINT ( 'NONE',  ( 0.000000000000000000, 1.600000000000000089, 0.000000000000000000 ) ) ;
#181 = CARTESIAN_POINT ( 'NONE',  ( 7.620000000000188400, 0.000000000000000000, 8.381999999999999673 ) ) ;
#182 = FACE_OUTER_BOUND ( 'NONE', #4849, .T. ) ;
#183 = DIRECTION ( 'NONE',  ( 0.000000000000000000, 1.000000000000000000, 0.000000000000000000 ) ) ;
#184 = VERTEX_POINT ( 'NONE', #9035 ) ;
#185 = CARTESIAN_POINT ( 'NONE',  ( -7.619999999999922835, 4.721281787984062284, -0.7619999999999984563 ) ) ;
#186 = VERTEX_POINT ( 'NONE', #6666 ) ;
#187 = ORIENTED_EDGE ( 'NONE', *, *, #1330, .T. ) ;
#188 = PRESENTATION_STYLE_ASSIGNMENT (( #9866 ) ) ;
#189 = CARTESIAN_POINT ( 'NONE',  ( 9.500000000000003553, 1.600000000000000089, -10.99999999999999645 ) ) ;
#190 = EDGE_CURVE ( 'NONE', #5458, #7682, #9627, .T. ) ;
#191 = VECTOR ( 'NONE', #2114, 1000.000000000000000 ) ;
#192 = FACE_OUTER_BOUND ( 'NONE', #5719, .T. ) ;
#193 = ORIENTED_EDGE ( 'NONE', *, *, #3286, .F. ) ;
#194 = ORIENTED_EDGE ( 'NONE', *, *, #6680, .T. ) ;
#195 = ADVANCED_FACE ( 'NONE', ( #7536 ), #7430, .T. ) ;
#196 = ORIENTED_EDGE ( 'NONE', *, *, #8983, .T. ) ;
#197 = CARTESIAN_POINT ( 'NONE',  ( 9.500000000000000000, 1.599999999999999867, 0.000000000000000000 ) ) ;
#198 = VECTOR ( 'NONE', #8460, 1000.000000000000000 ) ;
#199 = CARTESIAN_POINT ( 'NONE',  ( 2.699999999999999289, 1.750000000000000000, -8.409999999999993037 ) ) ;
#200 = DIRECTION ( 'NONE',  ( -0.000000000000000000, -1.000000000000000000, 0.000000000000000000 ) ) ;
#201 = EDGE_CURVE ( 'NONE', #875, #3656, #4197, .T. ) ;
#202 = PLANE ( 'NONE',  #3636 ) ;
#203 = LINE ( 'NONE', #7955, #3260 ) ;
#204 = SURFACE_STYLE_USAGE ( .BOTH. , #4194 ) ;
#205 = DIRECTION ( 'NONE',  ( 0.000000000000000000, 0.000000000000000000, 1.000000000000000000 ) ) ;
#206 =( NAMED_UNIT ( * ) PLANE_ANGLE_UNIT ( ) SI_UNIT ( $, .RADIAN. ) );
#207 = DIRECTION ( 'NONE',  ( -1.000000000000000000, 0.000000000000000000, 0.000000000000000000 ) ) ;
#208 = EDGE_LOOP ( 'NONE', ( #1387, #3173, #8753, #6718 ) ) ;
#209 = EDGE_CURVE ( 'NONE', #8301, #8706, #8989, .T. ) ;
#210 = CARTESIAN_POINT ( 'NONE',  ( 1.240000000000001545, 1.600000000000000755, -9.490000000000000213 ) ) ;
#211 = VERTEX_POINT ( 'NONE', #360 ) ;
#212 = ORIENTED_EDGE ( 'NONE', *, *, #9660, .T. ) ;
#213 = AXIS2_PLACEMENT_3D ( 'NONE', #6885, #3733, #5421 ) ;
#214 = CARTESIAN_POINT ( 'NONE',  ( -7.619999999999897078, 1.599999999999999867, 1.270000000000002016 ) ) ;
#215 = CARTESIAN_POINT ( 'NONE',  ( 7.620000000000164420, 1.600000000000000089, 6.349999999999999645 ) ) ;
#216 = DIRECTION ( 'NONE',  ( 1.000000000000000000, 0.000000000000000000, -1.186541365237208649E-16 ) ) ;
#217 = EDGE_CURVE ( 'NONE', #2269, #7434, #9724, .T. ) ;
#218 = DIRECTION ( 'NONE',  ( 0.000000000000000000, 0.000000000000000000, -1.000000000000000000 ) ) ;
#219 = LINE ( 'NONE', #4309, #4394 ) ;
#220 = ORIENTED_EDGE ( 'NONE', *, *, #6031, .F. ) ;
#221 = ORIENTED_EDGE ( 'NONE', *, *, #9371, .F. ) ;
#222 = VERTEX_POINT ( 'NONE', #162 ) ;
#223 = CARTESIAN_POINT ( 'NONE',  ( 0.000000000000000000, 3.270000000000000018, -9.340000000000003411 ) ) ;
#224 = ADVANCED_FACE ( 'NONE', ( #8934 ), #4990, .T. ) ;
#225 = LINE ( 'NONE', #4957, #6975 ) ;
#226 = LINE ( 'NONE', #278, #6902 ) ;
#227 = CARTESIAN_POINT ( 'NONE',  ( -9.500000000000000000, 1.599999999999999867, -4.318000000000000504 ) ) ;
#228 = DIRECTION ( 'NONE',  ( 0.000000000000000000, 0.000000000000000000, 1.000000000000000000 ) ) ;
#229 = VERTEX_POINT ( 'NONE', #1005 ) ;
#230 = EDGE_LOOP ( 'NONE', ( #1516, #2850, #8004, #3236 ) ) ;
#231 = LINE ( 'NONE', #6640, #8637 ) ;
#232 = EDGE_LOOP ( 'NONE', ( #664, #7893, #2328, #8832, #6177, #7470 ) ) ;
#233 = FILL_AREA_STYLE_COLOUR ( '', #8352 ) ;
#234 = VECTOR ( 'NONE', #4984, 1000.000000000000000 ) ;
#235 = CARTESIAN_POINT ( 'NONE',  ( -9.500000000000000000, 0.000000000000000000, -9.397999999999999687 ) ) ;
#236 = CARTESIAN_POINT ( 'NONE',  ( -9.499999999999996447, 0.000000000000000000, 3.010000000000002451 ) ) ;
#237 = CARTESIAN_POINT ( 'NONE',  ( 9.500000000000000000, 4.721281787984062284, -4.610000000000000320 ) ) ;
#238 = AXIS2_PLACEMENT_3D ( 'NONE', #8312, #5037, #3669 ) ;
#239 = ORIENTED_EDGE ( 'NONE', *, *, #3606, .T. ) ;
#240 = EDGE_LOOP ( 'NONE', ( #1540, #5537, #9342, #3878, #5575, #8778 ) ) ;
#241 = ORIENTED_EDGE ( 'NONE', *, *, #2846, .T. ) ;
#242 = CARTESIAN_POINT ( 'NONE',  ( 0.000000000000000000, 1.600000000000000089, -4.610000000000000320 ) ) ;
#243 = PRESENTATION_LAYER_ASSIGNMENT (  '', '', ( #9436 ) ) ;
#244 = EDGE_CURVE ( 'NONE', #8077, #6146, #8130, .T. ) ;
#245 = CARTESIAN_POINT ( 'NONE',  ( -2.083052259051932157E-15, 4.721281787984062284, -3.009999999999992681 ) ) ;
#246 = SURFACE_SIDE_STYLE ('',( #4140 ) ) ;
#247 = CARTESIAN_POINT ( 'NONE',  ( 7.620000000000000107, 1.600000000000000089, 2.070000000000002505 ) ) ;
#248 = CARTESIAN_POINT ( 'NONE',  ( -9.499999999999996447, 1.600000000000000089, -7.150000000000001243 ) ) ;
#249 = LINE ( 'NONE', #3410, #1506 ) ;
#250 = PLANE ( 'NONE',  #877 ) ;
#251 = CYLINDRICAL_SURFACE ( 'NONE', #3287, 0.1000000000000002554 ) ;
#252 = DIRECTION ( 'NONE',  ( 0.000000000000000000, 0.000000000000000000, 1.000000000000000000 ) ) ;
#253 = VERTEX_POINT ( 'NONE', #5087 ) ;
#254 = PLANE ( 'NONE',  #2818 ) ;
#255 = VERTEX_POINT ( 'NONE', #9882 ) ;
#256 = EDGE_LOOP ( 'NONE', ( #8904, #4185, #5753, #8436 ) ) ;
#257 = EDGE_CURVE ( 'NONE', #1351, #6073, #1451, .T. ) ;
#258 = DIRECTION ( 'NONE',  ( 0.000000000000000000, 0.000000000000000000, -1.000000000000000000 ) ) ;
#259 = EDGE_CURVE ( 'NONE', #5044, #9038, #2572, .T. ) ;
#260 = DIRECTION ( 'NONE',  ( 0.000000000000000000, 0.000000000000000000, 1.000000000000000000 ) ) ;
#261 = CLOSED_SHELL ( 'NONE', ( #4871, #5915, #7088, #9544, #7833, #6188 ) ) ;
#262 = CARTESIAN_POINT ( 'NONE',  ( 9.500000000000000000, 4.721281787984062284, -0.7620000000000002327 ) ) ;
#263 = ADVANCED_FACE ( 'NONE', ( #3364 ), #9770, .F. ) ;
#264 = DIRECTION ( 'NONE',  ( -0.000000000000000000, -1.000000000000000000, -0.000000000000000000 ) ) ;
#265 = DIRECTION ( 'NONE',  ( -0.000000000000000000, -0.000000000000000000, 1.000000000000000000 ) ) ;
#266 =( GEOMETRIC_REPRESENTATION_CONTEXT ( 3 ) GLOBAL_UNCERTAINTY_ASSIGNED_CONTEXT ( ( #5110 ) ) GLOBAL_UNIT_ASSIGNED_CONTEXT ( ( #7970, #7820, #3167 ) ) REPRESENTATION_CONTEXT ( 'NONE', 'WORKASPACE' ) );
#267 = DIRECTION ( 'NONE',  ( -0.000000000000000000, -0.000000000000000000, 1.000000000000000000 ) ) ;
#268 = CONICAL_SURFACE ( 'NONE', #7459, 0.8000000000000012657, 0.7853981633974514986 ) ;
#269 = ORIENTED_EDGE ( 'NONE', *, *, #5232, .F. ) ;
#270 = VERTEX_POINT ( 'NONE', #5040 ) ;
#271 = CLOSED_SHELL ( 'NONE', ( #7008, #3684, #9877, #8497, #6347, #2673, #8717, #7577, #2705, #2314 ) ) ;
#272 = EDGE_CURVE ( 'NONE', #8962, #723, #5992, .T. ) ;
#273 = CIRCLE ( 'NONE', #2458, 0.1999999999999996503 ) ;
#274 = FACE_OUTER_BOUND ( 'NONE', #8427, .T. ) ;
#275 = AXIS2_PLACEMENT_3D ( 'NONE', #7458, #6849, #9062 ) ;
#276 = ADVANCED_FACE ( 'NONE', ( #4244 ), #3460, .F. ) ;
#277 = VECTOR ( 'NONE', #3372, 1000.000000000000000 ) ;
#278 = CARTESIAN_POINT ( 'NONE',  ( 2.560562577572152244E-15, 1.600000000000000089, 5.550000000000006928 ) ) ;
#279 = DIRECTION ( 'NONE',  ( -0.000000000000000000, -1.000000000000000000, -0.000000000000000000 ) ) ;
#280 = PLANE ( 'NONE',  #5329 ) ;
#281 = ORIENTED_EDGE ( 'NONE', *, *, #2773, .F. ) ;
#282 = ORIENTED_EDGE ( 'NONE', *, *, #3521, .T. ) ;
#283 = AXIS2_PLACEMENT_3D ( 'NONE', #3987, #1, #7853 ) ;
#284 = VECTOR ( 'NONE', #5386, 1000.000000000000000 ) ;
#285 = ORIENTED_EDGE ( 'NONE', *, *, #4396, .T. ) ;
#286 = CARTESIAN_POINT ( 'NONE',  ( -9.500000000000000000, 4.721281787984062284, -5.842000000000002302 ) ) ;
#287 = ORIENTED_EDGE ( 'NONE', *, *, #7647, .F. ) ;
#288 = VERTEX_POINT ( 'NONE', #9833 ) ;
#289 = EDGE_CURVE ( 'NONE', #2937, #10203, #2680, .T. ) ;
#290 = AXIS2_PLACEMENT_3D ( 'NONE', #8664, #7874, #612 ) ;
#291 = VECTOR ( 'NONE', #8998, 1000.000000000000000 ) ;
#292 = CARTESIAN_POINT ( 'NONE',  ( 7.620000000000000107, 0.000000000000000000, -2.069999999999998508 ) ) ;
#293 = LINE ( 'NONE', #8407, #3766 ) ;
#294 = MECHANICAL_DESIGN_GEOMETRIC_PRESENTATION_REPRESENTATION (  '', ( #3484 ), #8487 ) ;
#295 = DIRECTION ( 'NONE',  ( 1.000000000000000000, -0.000000000000000000, 0.000000000000000000 ) ) ;
#296 = AXIS2_PLACEMENT_3D ( 'NONE', #7158, #9050, #4743 ) ;
#297 = VERTEX_POINT ( 'NONE', #7484 ) ;
#298 = CARTESIAN_POINT ( 'NONE',  ( -7.619999999999897078, 0.000000000000000000, 1.270000000000002016 ) ) ;
#299 = EDGE_LOOP ( 'NONE', ( #2979, #10215, #5513, #6910 ) ) ;
#300 = ORIENTED_EDGE ( 'NONE', *, *, #5723, .F. ) ;
#301 = VERTEX_POINT ( 'NONE', #311 ) ;
#302 = EDGE_CURVE ( 'NONE', #1736, #3702, #3522, .T. ) ;
#303 = CIRCLE ( 'NONE', #9318, 0.5079999999999963434 ) ;
#304 = LINE ( 'NONE', #4234, #2333 ) ;
#305 = AXIS2_PLACEMENT_3D ( 'NONE', #6313, #10320, #1579 ) ;
#306 = FACE_OUTER_BOUND ( 'NONE', #6427, .T. ) ;
#307 = LINE ( 'NONE', #7581, #2289 ) ;
#308 = FACE_OUTER_BOUND ( 'NONE', #385, .T. ) ;
#309 = VECTOR ( 'NONE', #5903, 1000.000000000000000 ) ;
#310 = CARTESIAN_POINT ( 'NONE',  ( -6.349999999999999645, 29.71055027400083759, -9.340000000000003411 ) ) ;
#311 = CARTESIAN_POINT ( 'NONE',  ( -9.500000000000000000, 0.000000000000000000, 9.397999999999999687 ) ) ;
#312 = EDGE_LOOP ( 'NONE', ( #3197, #5654, #1462, #4775 ) ) ;
#313 = VERTEX_POINT ( 'NONE', #1409 ) ;
#314 = ORIENTED_EDGE ( 'NONE', *, *, #3354, .T. ) ;
#315 = FACE_OUTER_BOUND ( 'NONE', #8803, .T. ) ;
#316 = VECTOR ( 'NONE', #8660, 1000.000000000000000 ) ;
#317 = LINE ( 'NONE', #1786, #5156 ) ;
#318 = DIRECTION ( 'NONE',  ( -1.365923996832131856E-16, 0.000000000000000000, -1.000000000000000000 ) ) ;
#319 = CARTESIAN_POINT ( 'NONE',  ( -7.620000000000000107, 1.600000000000000089, 7.150000000000003020 ) ) ;
#320 = DIRECTION ( 'NONE',  ( -0.000000000000000000, -1.000000000000000000, -0.000000000000000000 ) ) ;
#321 = ADVANCED_FACE ( 'NONE', ( #6970 ), #7585, .T. ) ;
#322 = ORIENTED_EDGE ( 'NONE', *, *, #9868, .F. ) ;
#323 = AXIS2_PLACEMENT_3D ( 'NONE', #2839, #10153, #4612 ) ;
#324 = CARTESIAN_POINT ( 'NONE',  ( -7.619999999999870433, 1.599999999999999867, 3.302000000000001378 ) ) ;
#325 = ORIENTED_EDGE ( 'NONE', *, *, #337, .T. ) ;
#326 = EDGE_CURVE ( 'NONE', #6135, #8744, #4608, .T. ) ;
#327 = CARTESIAN_POINT ( 'NONE',  ( -6.000000000000001776, 3.270000000000000018, 0.000000000000000000 ) ) ;
#328 = DIRECTION ( 'NONE',  ( -0.000000000000000000, -1.000000000000000000, -0.000000000000000000 ) ) ;
#329 = VECTOR ( 'NONE', #9548, 1000.000000000000000 ) ;
#330 = CARTESIAN_POINT ( 'NONE',  ( 5.121125155144291866E-15, 0.000000000000000000, 5.549999999999993605 ) ) ;
#331 = DIRECTION ( 'NONE',  ( 0.000000000000000000, 0.000000000000000000, -1.000000000000000000 ) ) ;
#332 = ADVANCED_FACE ( 'NONE', ( #2041 ), #3829, .T. ) ;
#333 = CARTESIAN_POINT ( 'NONE',  ( 7.620000000000162643, 0.000000000000000000, 6.858000000000008534 ) ) ;
#334 = VERTEX_POINT ( 'NONE', #3674 ) ;
#335 = ORIENTED_EDGE ( 'NONE', *, *, #5368, .F. ) ;
#336 = ORIENTED_EDGE ( 'NONE', *, *, #7058, .T. ) ;
#337 = EDGE_CURVE ( 'NONE', #5434, #1176, #6872, .T. ) ;
#338 = DIRECTION ( 'NONE',  ( 0.000000000000000000, 0.000000000000000000, 1.000000000000000000 ) ) ;
#339 = EDGE_LOOP ( 'NONE', ( #8742, #1944, #3172, #3467 ) ) ;
#340 = VERTEX_POINT ( 'NONE', #526 ) ;
#341 = DIRECTION ( 'NONE',  ( 1.000000000000000000, -0.000000000000000000, -0.000000000000000000 ) ) ;
#342 = CARTESIAN_POINT ( 'NONE',  ( 3.969999999999999751, 3.000000000000000000, -7.892499999999994742 ) ) ;
#343 = DIRECTION ( 'NONE',  ( 0.000000000000000000, 1.000000000000000000, -0.000000000000000000 ) ) ;
#344 = PLANE ( 'NONE',  #5630 ) ;
#345 = EDGE_CURVE ( 'NONE', #7127, #4412, #2881, .T. ) ;
#346 = VERTEX_POINT ( 'NONE', #8476 ) ;
#347 = DIRECTION ( 'NONE',  ( -0.000000000000000000, -1.000000000000000000, -0.000000000000000000 ) ) ;
#348 = ORIENTED_EDGE ( 'NONE', *, *, #1208, .T. ) ;
#349 = ORIENTED_EDGE ( 'NONE', *, *, #2641, .F. ) ;
#350 = EDGE_LOOP ( 'NONE', ( #1117, #7720, #7562, #1432 ) ) ;
#351 = CARTESIAN_POINT ( 'NONE',  ( -7.619999999999947704, 1.599999999999999867, -3.810000000000000053 ) ) ;
#352 = CIRCLE ( 'NONE', #6241, 0.8000000000000012657 ) ;
#353 = CARTESIAN_POINT ( 'NONE',  ( 0.000000000000000000, 1.600000000000000089, 9.690000000000004832 ) ) ;
#354 = EDGE_CURVE ( 'NONE', #3704, #9370, #4511, .T. ) ;
#355 = LINE ( 'NONE', #3563, #8635 ) ;
#356 = LINE ( 'NONE', #5885, #10317 ) ;
#357 = DIRECTION ( 'NONE',  ( 1.000000000000000000, -0.000000000000000000, 0.000000000000000000 ) ) ;
#358 = CARTESIAN_POINT ( 'NONE',  ( 7.620000000000188400, 0.000000000000000000, 8.890000000000004121 ) ) ;
#359 = LINE ( 'NONE', #4450, #8790 ) ;
#360 = CARTESIAN_POINT ( 'NONE',  ( 9.500000000000000000, 0.000000000000000000, 1.778000000000000469 ) ) ;
#361 = VERTEX_POINT ( 'NONE', #5365 ) ;
#362 = DIRECTION ( 'NONE',  ( 0.000000000000000000, 0.000000000000000000, 1.000000000000000000 ) ) ;
#363 = ORIENTED_EDGE ( 'NONE', *, *, #5358, .T. ) ;
#364 = ORIENTED_EDGE ( 'NONE', *, *, #1514, .T. ) ;
#365 = DIRECTION ( 'NONE',  ( 0.000000000000000000, -0.000000000000000000, 1.000000000000000000 ) ) ;
#366 = AXIS2_PLACEMENT_3D ( 'NONE', #7926, #822, #6434 ) ;
#367 = CARTESIAN_POINT ( 'NONE',  ( -6.049999999999999822, 2.970000000000000195, 9.340000000000008740 ) ) ;
#368 = PLANE ( 'NONE',  #9301 ) ;
#369 = CARTESIAN_POINT ( 'NONE',  ( 7.620000000000032081, 4.721281787984062284, -5.841999999999996085 ) ) ;
#370 = LINE ( 'NONE', #1940, #2266 ) ;
#371 = DIRECTION ( 'NONE',  ( -0.000000000000000000, -0.000000000000000000, -1.000000000000000000 ) ) ;
#372 = CIRCLE ( 'NONE', #3898, 0.5080000000000002292 ) ;
#373 = VERTEX_POINT ( 'NONE', #8529 ) ;
#374 = CARTESIAN_POINT ( 'NONE',  ( 7.620000000000084484, 1.599999999999999867, -1.269999999999998463 ) ) ;
#375 = ORIENTED_EDGE ( 'NONE', *, *, #9052, .F. ) ;
#376 = DIRECTION ( 'NONE',  ( -0.000000000000000000, -1.000000000000000000, -0.000000000000000000 ) ) ;
#377 = VECTOR ( 'NONE', #6138, 1000.000000000000000 ) ;
#378 = CARTESIAN_POINT ( 'NONE',  ( 9.500000000000003553, 1.600000000000000089, 0.000000000000000000 ) ) ;
#379 = UNCERTAINTY_MEASURE_WITH_UNIT (LENGTH_MEASURE( 1.000000000000000082E-05 ), #3863, 'distance_accuracy_value', 'NONE');
#380 = EDGE_CURVE ( 'NONE', #3072, #7246, #108, .T. ) ;
#381 = CARTESIAN_POINT ( 'NONE',  ( 0.000000000000000000, 1.600000000000000089, 0.000000000000000000 ) ) ;
#382 = DIRECTION ( 'NONE',  ( 0.000000000000000000, 1.000000000000000000, 0.000000000000000000 ) ) ;
#383 = ORIENTED_EDGE ( 'NONE', *, *, #6704, .T. ) ;
#384 = EDGE_LOOP ( 'NONE', ( #5413, #2284, #2515, #2165 ) ) ;
#385 = EDGE_LOOP ( 'NONE', ( #3556, #7413, #8017, #9036 ) ) ;
#386 = CARTESIAN_POINT ( 'NONE',  ( 8.941207703305983145E-15, 0.000000000000000000, -9.689999999999992397 ) ) ;
#387 = ORIENTED_EDGE ( 'NONE', *, *, #1677, .T. ) ;
#388 = VERTEX_POINT ( 'NONE', #7866 ) ;
#389 = LINE ( 'NONE', #7203, #9153 ) ;
#390 = EDGE_CURVE ( 'NONE', #9908, #9176, #2215, .T. ) ;
#391 = ADVANCED_FACE ( 'NONE', ( #706 ), #3897, .T. ) ;
#392 = CARTESIAN_POINT ( 'NONE',  ( 7.620000000000140439, 1.600000000000000089, 3.810000000000000941 ) ) ;
#393 = CARTESIAN_POINT ( 'NONE',  ( -9.500000000000000000, 4.721281787984062284, -0.4699999999999986411 ) ) ;
#394 = EDGE_CURVE ( 'NONE', #6424, #9944, #5481, .T. ) ;
#395 = CARTESIAN_POINT ( 'NONE',  ( 7.620000000000162643, 0.000000000000000000, 5.841999999999997861 ) ) ;
#396 = SURFACE_STYLE_FILL_AREA ( #5193 ) ;
#397 = EDGE_LOOP ( 'NONE', ( #2367, #543, #7868, #5287 ) ) ;
#398 = DIRECTION ( 'NONE',  ( -0.000000000000000000, -1.000000000000000000, -0.000000000000000000 ) ) ;
#399 = ORIENTED_EDGE ( 'NONE', *, *, #3241, .T. ) ;
#400 = CIRCLE ( 'NONE', #5775, 0.2999999999999999334 ) ;
#401 = EDGE_LOOP ( 'NONE', ( #2456, #2936, #10134, #6266, #2882, #9906 ) ) ;
#402 = CARTESIAN_POINT ( 'NONE',  ( -7.620000000000000107, 1.599999999999999867, -3.010000000000001119 ) ) ;
#403 = EDGE_CURVE ( 'NONE', #3675, #7919, #4630, .T. ) ;
#404 = AXIS2_PLACEMENT_3D ( 'NONE', #4548, #8418, #6137 ) ;
#405 = FACE_OUTER_BOUND ( 'NONE', #6789, .T. ) ;
#406 = DIRECTION ( 'NONE',  ( -1.000000000000000000, 0.000000000000000000, -0.000000000000000000 ) ) ;
#407 = VECTOR ( 'NONE', #2088, 1000.000000000000000 ) ;
#408 = DIRECTION ( 'NONE',  ( 0.000000000000000000, 0.000000000000000000, 1.000000000000000000 ) ) ;
#409 = DIRECTION ( 'NONE',  ( 0.000000000000000000, 0.000000000000000000, -1.000000000000000000 ) ) ;
#410 = CARTESIAN_POINT ( 'NONE',  ( 6.505213034913197195E-16, 1.599999999999999867, 0.4700000000000122413 ) ) ;
#411 =( NAMED_UNIT ( * ) PLANE_ANGLE_UNIT ( ) SI_UNIT ( $, .RADIAN. ) );
#412 = PRESENTATION_STYLE_ASSIGNMENT (( #2090 ) ) ;
#413 = DIRECTION ( 'NONE',  ( -1.000000000000000000, -0.000000000000000000, 0.000000000000000000 ) ) ;
#414 = DIRECTION ( 'NONE',  ( -1.000000000000000000, 0.000000000000000000, 0.000000000000000000 ) ) ;
#415 = VERTEX_POINT ( 'NONE', #2950 ) ;
#416 = ORIENTED_EDGE ( 'NONE', *, *, #6562, .F. ) ;
#417 = ORIENTED_EDGE ( 'NONE', *, *, #5382, .T. ) ;
#418 = PRESENTATION_LAYER_ASSIGNMENT (  '', '', ( #7108 ) ) ;
#419 = EDGE_LOOP ( 'NONE', ( #136, #5765, #6568, #2587 ) ) ;
#420 = EDGE_CURVE ( 'NONE', #5891, #1713, #9321, .T. ) ;
#421 = VECTOR ( 'NONE', #615, 1000.000000000000000 ) ;
#422 = DIRECTION ( 'NONE',  ( 1.000000000000000000, 0.000000000000000000, -1.365923996832131856E-16 ) ) ;
#423 = PLANE ( 'NONE',  #7644 ) ;
#424 = FILL_AREA_STYLE_COLOUR ( '', #3845 ) ;
#425 = CARTESIAN_POINT ( 'NONE',  ( -9.500000000000000000, 1.599999999999999867, 0.000000000000000000 ) ) ;
#426 = DIRECTION ( 'NONE',  ( -0.000000000000000000, -1.000000000000000000, -0.000000000000000000 ) ) ;
#427 = FACE_BOUND ( 'NONE', #3367, .T. ) ;
#428 = CIRCLE ( 'NONE', #1744, 0.1000000000000002554 ) ;
#429 = EDGE_LOOP ( 'NONE', ( #9251, #8976, #6761, #7846 ) ) ;
#430 = DIRECTION ( 'NONE',  ( 1.000000000000000000, -0.000000000000000000, 0.000000000000000000 ) ) ;
#431 = VERTEX_POINT ( 'NONE', #9477 ) ;
#432 = EDGE_CURVE ( 'NONE', #4198, #913, #3795, .T. ) ;
#433 = LINE ( 'NONE', #4369, #1146 ) ;
#434 = PLANE ( 'NONE',  #7649 ) ;
#435 = DIRECTION ( 'NONE',  ( 0.000000000000000000, -0.000000000000000000, 1.000000000000000000 ) ) ;
#436 = DIRECTION ( 'NONE',  ( 0.000000000000000000, 1.000000000000000000, -0.000000000000000000 ) ) ;
#437 = CARTESIAN_POINT ( 'NONE',  ( 5.039999999999999147, 2.100000000000000089, -9.279999999999994031 ) ) ;
#438 = LINE ( 'NONE', #1959, #284 ) ;
#439 = CIRCLE ( 'NONE', #6316, 0.5080000000000023386 ) ;
#440 = ORIENTED_EDGE ( 'NONE', *, *, #7488, .F. ) ;
#441 = ORIENTED_EDGE ( 'NONE', *, *, #1428, .F. ) ;
#442 = ORIENTED_EDGE ( 'NONE', *, *, #8351, .T. ) ;
#443 = VECTOR ( 'NONE', #7738, 1000.000000000000000 ) ;
#444 = FACE_OUTER_BOUND ( 'NONE', #2175, .T. ) ;
#445 = ORIENTED_EDGE ( 'NONE', *, *, #3470, .T. ) ;
#446 = ORIENTED_EDGE ( 'NONE', *, *, #4342, .T. ) ;
#447 = DIRECTION ( 'NONE',  ( 0.000000000000000000, 0.000000000000000000, -1.000000000000000000 ) ) ;
#448 = VECTOR ( 'NONE', #2092, 1000.000000000000000 ) ;
#449 = CARTESIAN_POINT ( 'NONE',  ( -7.620000000000000107, 0.000000000000000000, 7.150000000000003020 ) ) ;
#450 = PLANE ( 'NONE',  #10325 ) ;
#451 = AXIS2_PLACEMENT_3D ( 'NONE', #833, #8681, #10297 ) ;
#452 = CYLINDRICAL_SURFACE ( 'NONE', #7726, 0.5080000000000002292 ) ;
#453 = DIRECTION ( 'NONE',  ( -0.000000000000000000, -1.000000000000000000, -0.000000000000000000 ) ) ;
#454 = AXIS2_PLACEMENT_3D ( 'NONE', #4983, #1001, #5728 ) ;
#455 = ORIENTED_EDGE ( 'NONE', *, *, #4386, .F. ) ;
#456 = EDGE_CURVE ( 'NONE', #229, #10237, #3010, .T. ) ;
#457 = LINE ( 'NONE', #237, #9649 ) ;
#458 = ADVANCED_FACE ( 'NONE', ( #7042 ), #7715, .T. ) ;
#459 = CIRCLE ( 'NONE', #9969, 0.5080000000000001181 ) ;
#460 = AXIS2_PLACEMENT_3D ( 'NONE', #6258, #6214, #7852 ) ;
#461 = ORIENTED_EDGE ( 'NONE', *, *, #10073, .T. ) ;
#462 = VERTEX_POINT ( 'NONE', #6270 ) ;
#463 = EDGE_CURVE ( 'NONE', #3114, #3555, #9423, .T. ) ;
#464 = AXIS2_PLACEMENT_3D ( 'NONE', #8928, #997, #7273 ) ;
#465 = FACE_OUTER_BOUND ( 'NONE', #7911, .T. ) ;
#466 = VECTOR ( 'NONE', #10116, 1000.000000000000000 ) ;
#467 = VECTOR ( 'NONE', #7319, 1000.000000000000000 ) ;
#468 =( NAMED_UNIT ( * ) PLANE_ANGLE_UNIT ( ) SI_UNIT ( $, .RADIAN. ) );
#469 = FACE_OUTER_BOUND ( 'NONE', #7294, .T. ) ;
#470 = CARTESIAN_POINT ( 'NONE',  ( 5.121125155144291866E-15, 1.599999999999999867, 5.549999999999993605 ) ) ;
#471 = CARTESIAN_POINT ( 'NONE',  ( -7.620000000000000107, 1.600000000000000089, 2.070000000000002505 ) ) ;
#472 = FILL_AREA_STYLE ('',( #6142 ) ) ;
#473 = CARTESIAN_POINT ( 'NONE',  ( 9.500000000000003553, 0.000000000000000000, 11.00000000000000355 ) ) ;
#474 = EDGE_CURVE ( 'NONE', #166, #6353, #6375, .T. ) ;
#475 = ORIENTED_EDGE ( 'NONE', *, *, #10181, .T. ) ;
#476 = AXIS2_PLACEMENT_3D ( 'NONE', #8331, #9684, #5163 ) ;
#477 = ORIENTED_EDGE ( 'NONE', *, *, #8199, .F. ) ;
#478 = VECTOR ( 'NONE', #8109, 1000.000000000000000 ) ;
#479 = ADVANCED_FACE ( 'NONE', ( #6574 ), #2423, .T. ) ;
#480 = ORIENTED_EDGE ( 'NONE', *, *, #3422, .F. ) ;
#481 = CARTESIAN_POINT ( 'NONE',  ( 9.500000000000000000, 4.721281787984062284, 4.318000000000000504 ) ) ;
#482 = DIRECTION ( 'NONE',  ( 1.000000000000000000, -0.000000000000000000, -9.227252531791528105E-16 ) ) ;
#483 = VECTOR ( 'NONE', #9899, 1000.000000000000000 ) ;
#484 = LINE ( 'NONE', #6006, #2486 ) ;
#485 = CARTESIAN_POINT ( 'NONE',  ( 0.000000000000000000, 0.000000000000000000, 7.150000000000003020 ) ) ;
#486 = FACE_OUTER_BOUND ( 'NONE', #1390, .T. ) ;
#487 = EDGE_CURVE ( 'NONE', #6195, #4082, #7966, .T. ) ;
#488 = ORIENTED_EDGE ( 'NONE', *, *, #2250, .F. ) ;
#489 = ORIENTED_EDGE ( 'NONE', *, *, #7190, .F. ) ;
#490 = LINE ( 'NONE', #1377, #3147 ) ;
#491 = VERTEX_POINT ( 'NONE', #5581 ) ;
#492 = AXIS2_PLACEMENT_3D ( 'NONE', #1494, #764, #3952 ) ;
#493 = AXIS2_PLACEMENT_3D ( 'NONE', #8424, #7694, #7740 ) ;
#494 = DIRECTION ( 'NONE',  ( 0.000000000000000000, 1.000000000000000000, -0.000000000000000000 ) ) ;
#495 = DIRECTION ( 'NONE',  ( -0.000000000000000000, -1.000000000000000000, -0.000000000000000000 ) ) ;
#496 = CARTESIAN_POINT ( 'NONE',  ( 7.620000000000060503, 0.000000000000000000, -3.810000000000000053 ) ) ;
#497 = VECTOR ( 'NONE', #9132, 1000.000000000000000 ) ;
#498 = CARTESIAN_POINT ( 'NONE',  ( 1.240000000000001545, 3.270000000000000018, -9.390000000000000568 ) ) ;
#499 = LINE ( 'NONE', #3014, #8878 ) ;
#500 = PLANE ( 'NONE',  #7316 ) ;
#501 = EDGE_CURVE ( 'NONE', #5459, #2699, #3944, .T. ) ;
#502 = ORIENTED_EDGE ( 'NONE', *, *, #1550, .F. ) ;
#503 = VERTEX_POINT ( 'NONE', #4779 ) ;
#504 = VERTEX_POINT ( 'NONE', #3213 ) ;
#505 = ORIENTED_EDGE ( 'NONE', *, *, #190, .F. ) ;
#506 = ORIENTED_EDGE ( 'NONE', *, *, #3119, .F. ) ;
#507 =( GEOMETRIC_REPRESENTATION_CONTEXT ( 3 ) GLOBAL_UNCERTAINTY_ASSIGNED_CONTEXT ( ( #9166 ) ) GLOBAL_UNIT_ASSIGNED_CONTEXT ( ( #4077, #6701, #4224 ) ) REPRESENTATION_CONTEXT ( 'NONE', 'WORKASPACE' ) );
#508 = FACE_OUTER_BOUND ( 'NONE', #8567, .T. ) ;
#509 = CYLINDRICAL_SURFACE ( 'NONE', #5454, 0.2999999999999999334 ) ;
#510 = FACE_OUTER_BOUND ( 'NONE', #8113, .T. ) ;
#511 = DIRECTION ( 'NONE',  ( 1.000000000000000000, 0.000000000000000000, 0.000000000000000000 ) ) ;
#512 = CARTESIAN_POINT ( 'NONE',  ( 9.500000000000000000, 1.599999999999999867, 0.000000000000000000 ) ) ;
#513 = VERTEX_POINT ( 'NONE', #8855 ) ;
#514 = AXIS2_PLACEMENT_3D ( 'NONE', #2089, #2772, #1206 ) ;
#515 = ORIENTED_EDGE ( 'NONE', *, *, #6243, .T. ) ;
#516 = ORIENTED_EDGE ( 'NONE', *, *, #3976, .T. ) ;
#517 = DIRECTION ( 'NONE',  ( 0.000000000000000000, 0.000000000000000000, -1.000000000000000000 ) ) ;
#518 = EDGE_CURVE ( 'NONE', #3757, #6708, #9732, .T. ) ;
#519 = FACE_OUTER_BOUND ( 'NONE', #2552, .T. ) ;
#520 = CARTESIAN_POINT ( 'NONE',  ( 1.240000000000001545, 3.270000000000000018, -9.390000000000000568 ) ) ;
#521 = EDGE_CURVE ( 'NONE', #2948, #5075, #5633, .T. ) ;
#522 = LINE ( 'NONE', #1407, #2252 ) ;
#523 = FACE_OUTER_BOUND ( 'NONE', #3568, .T. ) ;
#524 = DIRECTION ( 'NONE',  ( 1.000000000000000000, 0.000000000000000000, 0.000000000000000000 ) ) ;
#525 = CARTESIAN_POINT ( 'NONE',  ( 9.500000000000003553, 0.000000000000000000, -3.009999999999998010 ) ) ;
#526 = CARTESIAN_POINT ( 'NONE',  ( -9.499999999999996447, 1.600000000000000089, 3.010000000000002451 ) ) ;
#527 = ORIENTED_EDGE ( 'NONE', *, *, #3466, .T. ) ;
#528 = ORIENTED_EDGE ( 'NONE', *, *, #3925, .F. ) ;
#529 = VERTEX_POINT ( 'NONE', #5743 ) ;
#530 = EDGE_CURVE ( 'NONE', #2992, #5874, #3469, .T. ) ;
#531 = EDGE_CURVE ( 'NONE', #4198, #6073, #956, .T. ) ;
#532 = CARTESIAN_POINT ( 'NONE',  ( 6.000000000000002665, 3.270000000000000018, -7.119248191423285917E-16 ) ) ;
#533 = CARTESIAN_POINT ( 'NONE',  ( -9.499999999999996447, 1.600000000000000089, 4.610000000000002984 ) ) ;
#534 = CARTESIAN_POINT ( 'NONE',  ( 9.500000000000000000, 0.000000000000000000, -0.7620000000000002327 ) ) ;
#535 = DIRECTION ( 'NONE',  ( 1.000000000000000000, 0.000000000000000000, -0.000000000000000000 ) ) ;
#536 = ADVANCED_FACE ( 'NONE', ( #111 ), #1641, .F. ) ;
#537 = DIRECTION ( 'NONE',  ( 1.000000000000000000, -0.000000000000000000, 0.000000000000000000 ) ) ;
#538 = CARTESIAN_POINT ( 'NONE',  ( -7.619999999999975238, 1.599999999999999867, -6.858000000000000540 ) ) ;
#539 = PLANE ( 'NONE',  #2445 ) ;
#540 = EDGE_LOOP ( 'NONE', ( #7245, #8703, #4720, #3127, #5129, #6024, #8675, #7344, #8097, #1602, #22, #1541, #1465, #1239, #8848, #4732, #1316, #5300, #6997, #8494 ) ) ;
#541 = DIRECTION ( 'NONE',  ( 0.000000000000000000, 0.000000000000000000, -1.000000000000000000 ) ) ;
#542 = VECTOR ( 'NONE', #6113, 1000.000000000000000 ) ;
#543 = ORIENTED_EDGE ( 'NONE', *, *, #8630, .T. ) ;
#544 = AXIS2_PLACEMENT_3D ( 'NONE', #7831, #5294, #2229 ) ;
#545 = DIRECTION ( 'NONE',  ( -0.000000000000000000, -1.000000000000000000, -0.000000000000000000 ) ) ;
#546 = ADVANCED_FACE ( 'NONE', ( #7193 ), #4889, .T. ) ;
#547 = DIRECTION ( 'NONE',  ( 0.000000000000000000, 1.000000000000000000, -0.000000000000000000 ) ) ;
#548 = VECTOR ( 'NONE', #4418, 1000.000000000000000 ) ;
#549 = LINE ( 'NONE', #5226, #7130 ) ;
#550 = DIRECTION ( 'NONE',  ( -0.000000000000000000, 0.000000000000000000, 1.000000000000000000 ) ) ;
#551 = CARTESIAN_POINT ( 'NONE',  ( -9.499999999999996447, 1.600000000000000089, -5.549999999999998934 ) ) ;
#552 = CARTESIAN_POINT ( 'NONE',  ( -9.499999999999996447, 1.600000000000000089, 0.000000000000000000 ) ) ;
#553 = ORIENTED_EDGE ( 'NONE', *, *, #4006, .T. ) ;
#554 = ORIENTED_EDGE ( 'NONE', *, *, #10196, .T. ) ;
#555 = ORIENTED_EDGE ( 'NONE', *, *, #4299, .T. ) ;
#556 = VERTEX_POINT ( 'NONE', #9683 ) ;
#557 = VECTOR ( 'NONE', #4603, 1000.000000000000000 ) ;
#558 = DIRECTION ( 'NONE',  ( 0.000000000000000000, 1.000000000000000000, -0.000000000000000000 ) ) ;
#559 = EDGE_CURVE ( 'NONE', #9860, #7515, #3319, .T. ) ;
#560 = CARTESIAN_POINT ( 'NONE',  ( -9.500000000000000000, 1.599999999999999867, -7.150000000000001243 ) ) ;
#561 = CARTESIAN_POINT ( 'NONE',  ( -7.620000000000000107, 0.000000000000000000, 8.090000000000003411 ) ) ;
#562 = CARTESIAN_POINT ( 'NONE',  ( 1.389999999999999458, 2.970000000000000639, -9.690000000000001279 ) ) ;
#563 = LINE ( 'NONE', #8461, #421 ) ;
#564 = ORIENTED_EDGE ( 'NONE', *, *, #8618, .T. ) ;
#565 = ORIENTED_EDGE ( 'NONE', *, *, #5472, .T. ) ;
#566 = LINE ( 'NONE', #2980, #7995 ) ;
#567 = EDGE_LOOP ( 'NONE', ( #8902, #9432, #2922, #3865 ) ) ;
#568 = PLANE ( 'NONE',  #6865 ) ;
#569 = EDGE_CURVE ( 'NONE', #6035, #9532, #8955, .T. ) ;
#570 = CARTESIAN_POINT ( 'NONE',  ( 0.000000000000000000, 1.600000000000000089, -7.150000000000001243 ) ) ;
#571 = DIRECTION ( 'NONE',  ( -1.000000000000000000, 0.000000000000000000, 0.000000000000000000 ) ) ;
#572 = CARTESIAN_POINT ( 'NONE',  ( -7.620000000000000107, 1.600000000000000089, -0.4699999999999986411 ) ) ;
#573 = DIRECTION ( 'NONE',  ( -1.000000000000000000, 0.000000000000000000, 0.000000000000000000 ) ) ;
#574 = CARTESIAN_POINT ( 'NONE',  ( -3.298742780115471021E-15, 0.000000000000000000, 7.149999999999999467 ) ) ;
#575 = SURFACE_STYLE_FILL_AREA ( #472 ) ;
#576 = DIRECTION ( 'NONE',  ( 0.000000000000000000, 1.000000000000000000, -0.000000000000000000 ) ) ;
#577 = DIRECTION ( 'NONE',  ( 0.000000000000000000, 1.000000000000000000, -0.000000000000000000 ) ) ;
#578 = ORIENTED_EDGE ( 'NONE', *, *, #10342, .T. ) ;
#579 = EDGE_LOOP ( 'NONE', ( #5471, #9990, #7013, #604 ) ) ;
#580 = ORIENTED_EDGE ( 'NONE', *, *, #3483, .F. ) ;
#581 = DIRECTION ( 'NONE',  ( -1.000000000000000000, 0.000000000000000000, 0.000000000000000000 ) ) ;
#582 = ADVANCED_FACE ( 'NONE', ( #8115 ), #171, .F. ) ;
#583 = VECTOR ( 'NONE', #1149, 1000.000000000000000 ) ;
#584 = CIRCLE ( 'NONE', #4597, 0.7999999999999986011 ) ;
#585 = FACE_OUTER_BOUND ( 'NONE', #384, .T. ) ;
#586 = DIRECTION ( 'NONE',  ( 1.000000000000000000, -0.000000000000000000, 0.000000000000000000 ) ) ;
#587 = CARTESIAN_POINT ( 'NONE',  ( 9.500000000000000000, 1.599999999999999867, 0.000000000000000000 ) ) ;
#588 = LINE ( 'NONE', #7080, #6115 ) ;
#589 = DIRECTION ( 'NONE',  ( -1.000000000000000000, 0.000000000000000000, 0.000000000000000000 ) ) ;
#590 = DIRECTION ( 'NONE',  ( 0.000000000000000000, 1.000000000000000000, -0.000000000000000000 ) ) ;
#591 = ORIENTED_EDGE ( 'NONE', *, *, #4900, .T. ) ;
#592 = DIRECTION ( 'NONE',  ( 0.000000000000000000, 1.000000000000000000, -0.000000000000000000 ) ) ;
#593 = EDGE_CURVE ( 'NONE', #7806, #7560, #9574, .T. ) ;
#594 = ORIENTED_EDGE ( 'NONE', *, *, #5631, .T. ) ;
#595 = EDGE_CURVE ( 'NONE', #8962, #6395, #8797, .T. ) ;
#596 = AXIS2_PLACEMENT_3D ( 'NONE', #9295, #2145, #4274 ) ;
#597 = ADVANCED_FACE ( 'NONE', ( #6470 ), #2485, .F. ) ;
#598 = LINE ( 'NONE', #3846, #666 ) ;
#599 = DIRECTION ( 'NONE',  ( -0.000000000000000000, -1.000000000000000000, -0.000000000000000000 ) ) ;
#600 = UNCERTAINTY_MEASURE_WITH_UNIT (LENGTH_MEASURE( 1.000000000000000082E-05 ), #6461, 'distance_accuracy_value', 'NONE');
#601 = PRESENTATION_LAYER_ASSIGNMENT (  '', '', ( #930 ) ) ;
#602 = CARTESIAN_POINT ( 'NONE',  ( 9.500000000000000000, 0.000000000000000000, 5.841999999999999638 ) ) ;
#603 = CARTESIAN_POINT ( 'NONE',  ( 9.500000000000000000, 1.599999999999999867, -9.397999999999996135 ) ) ;
#604 = ORIENTED_EDGE ( 'NONE', *, *, #2422, .F. ) ;
#605 = ORIENTED_EDGE ( 'NONE', *, *, #1235, .T. ) ;
#606 = EDGE_CURVE ( 'NONE', #2656, #5669, #317, .T. ) ;
#607 = VERTEX_POINT ( 'NONE', #5158 ) ;
#608 = EDGE_LOOP ( 'NONE', ( #6858, #6802, #9249, #1410 ) ) ;
#609 = FACE_OUTER_BOUND ( 'NONE', #1580, .T. ) ;
#610 = ADVANCED_FACE ( 'NONE', ( #3528 ), #8218, .T. ) ;
#611 = LINE ( 'NONE', #1437, #8328 ) ;
#612 = DIRECTION ( 'NONE',  ( 0.000000000000000000, 0.000000000000000000, -1.000000000000000000 ) ) ;
#613 = AXIS2_PLACEMENT_3D ( 'NONE', #5467, #8638, #4678 ) ;
#614 = CARTESIAN_POINT ( 'NONE',  ( 2.699999999999999289, 1.750000000000000000, -8.409999999999993037 ) ) ;
#615 = DIRECTION ( 'NONE',  ( 0.000000000000000000, 0.000000000000000000, -1.000000000000000000 ) ) ;
#616 = VERTEX_POINT ( 'NONE', #8325 ) ;
#617 = VECTOR ( 'NONE', #6260, 1000.000000000000000 ) ;
#618 = VECTOR ( 'NONE', #5333, 1000.000000000000000 ) ;
#619 = EDGE_CURVE ( 'NONE', #1198, #1807, #9472, .T. ) ;
#620 = ORIENTED_EDGE ( 'NONE', *, *, #1135, .F. ) ;
#621 = PLANE ( 'NONE',  #2310 ) ;
#622 = ORIENTED_EDGE ( 'NONE', *, *, #1683, .F. ) ;
#623 = AXIS2_PLACEMENT_3D ( 'NONE', #6567, #9143, #1930 ) ;
#624 = LINE ( 'NONE', #2982, #4177 ) ;
#625 = AXIS2_PLACEMENT_3D ( 'NONE', #4446, #8715, #6341 ) ;
#626 = FACE_OUTER_BOUND ( 'NONE', #1745, .T. ) ;
#627 = CARTESIAN_POINT ( 'NONE',  ( 1.289999999999999591, 3.270000000000000018, -9.340000000000003411 ) ) ;
#628 = DIRECTION ( 'NONE',  ( -1.000000000000000000, 0.000000000000000000, 0.000000000000000000 ) ) ;
#629 = AXIS2_PLACEMENT_3D ( 'NONE', #9437, #10124, #2127 ) ;
#630 = AXIS2_PLACEMENT_3D ( 'NONE', #10096, #6052, #10258 ) ;
#631 = CARTESIAN_POINT ( 'NONE',  ( 1.240000000000001545, 3.270000000000000018, 0.000000000000000000 ) ) ;
#632 = VERTEX_POINT ( 'NONE', #1844 ) ;
#633 = DIRECTION ( 'NONE',  ( -0.000000000000000000, 0.000000000000000000, 1.000000000000000000 ) ) ;
#634 = EDGE_CURVE ( 'NONE', #851, #9417, #2969, .T. ) ;
#635 = VERTEX_POINT ( 'NONE', #5048 ) ;
#636 = AXIS2_PLACEMENT_3D ( 'NONE', #3884, #7177, #9560 ) ;
#637 = VECTOR ( 'NONE', #3588, 1000.000000000000000 ) ;
#638 = VERTEX_POINT ( 'NONE', #6767 ) ;
#639 = ORIENTED_EDGE ( 'NONE', *, *, #3729, .F. ) ;
#640 = CARTESIAN_POINT ( 'NONE',  ( 7.620000000000135998, 4.721281787984062284, 4.318000000000007610 ) ) ;
#641 = AXIS2_PLACEMENT_3D ( 'NONE', #8718, #3962, #3533 ) ;
#642 = VECTOR ( 'NONE', #4766, 1000.000000000000000 ) ;
#643 = LINE ( 'NONE', #3833, #6334 ) ;
#644 = CARTESIAN_POINT ( 'NONE',  ( 1.289999999999999591, 2.970000000000000195, -9.340000000000003411 ) ) ;
#645 = STYLED_ITEM ( 'NONE', ( #1730 ), #4902 ) ;
#646 = FACE_BOUND ( 'NONE', #7545, .T. ) ;
#647 = FACE_OUTER_BOUND ( 'NONE', #7102, .T. ) ;
#648 = DIRECTION ( 'NONE',  ( -0.000000000000000000, -1.000000000000000000, -0.000000000000000000 ) ) ;
#649 = AXIS2_PLACEMENT_3D ( 'NONE', #5049, #6622, #3322 ) ;
#650 = PLANE ( 'NONE',  #2216 ) ;
#651 = CIRCLE ( 'NONE', #6509, 0.1000000000000000472 ) ;
#652 = DIRECTION ( 'NONE',  ( 1.000000000000000000, -0.000000000000000000, 0.000000000000000000 ) ) ;
#653 = ORIENTED_EDGE ( 'NONE', *, *, #8946, .T. ) ;
#654 = CARTESIAN_POINT ( 'NONE',  ( 3.969999999999999751, 3.000000000000000000, -8.209999999999995524 ) ) ;
#655 = ORIENTED_EDGE ( 'NONE', *, *, #3175, .T. ) ;
#656 = VECTOR ( 'NONE', #9960, 1000.000000000000000 ) ;
#657 = DIRECTION ( 'NONE',  ( -1.000000000000000000, 0.000000000000000000, 1.365923996832131856E-16 ) ) ;
#658 = CIRCLE ( 'NONE', #7495, 0.8000000000000003775 ) ;
#659 = EDGE_CURVE ( 'NONE', #9197, #928, #7395, .T. ) ;
#660 = DIRECTION ( 'NONE',  ( 0.000000000000000000, 1.000000000000000000, 0.000000000000000000 ) ) ;
#661 = DIRECTION ( 'NONE',  ( 0.000000000000000000, 1.000000000000000000, -0.000000000000000000 ) ) ;
#662 = DIRECTION ( 'NONE',  ( 0.000000000000000000, 1.000000000000000000, 0.000000000000000000 ) ) ;
#663 = VERTEX_POINT ( 'NONE', #7593 ) ;
#664 = ORIENTED_EDGE ( 'NONE', *, *, #3761, .T. ) ;
#665 = EDGE_CURVE ( 'NONE', #837, #9884, #3472, .T. ) ;
#666 = VECTOR ( 'NONE', #5428, 1000.000000000000000 ) ;
#667 = VERTEX_POINT ( 'NONE', #4252 ) ;
#668 = CARTESIAN_POINT ( 'NONE',  ( 9.500000000000003553, 0.000000000000000000, -5.549999999999998934 ) ) ;
#669 = CYLINDRICAL_SURFACE ( 'NONE', #7010, 0.5080000000000023386 ) ;
#670 = CARTESIAN_POINT ( 'NONE',  ( -6.000000000000001776, 2.970000000000000195, 9.490000000000005542 ) ) ;
#671 = VECTOR ( 'NONE', #8568, 1000.000000000000000 ) ;
#672 = VECTOR ( 'NONE', #8240, 1000.000000000000000 ) ;
#673 = EDGE_CURVE ( 'NONE', #9285, #3915, #4812, .T. ) ;
#674 = CARTESIAN_POINT ( 'NONE',  ( -9.500000000000000000, 1.599999999999999867, 1.778000000000000469 ) ) ;
#675 = CARTESIAN_POINT ( 'NONE',  ( 0.000000000000000000, 2.970000000000000195, -4.630000000000001670 ) ) ;
#676 = ORIENTED_EDGE ( 'NONE', *, *, #4834, .F. ) ;
#677 = EDGE_CURVE ( 'NONE', #7599, #8626, #1059, .T. ) ;
#678 = ORIENTED_EDGE ( 'NONE', *, *, #3187, .F. ) ;
#680 = CARTESIAN_POINT ( 'NONE',  ( 9.500000000000000000, 0.000000000000000000, 8.382000000000001450 ) ) ;
#679 =( GEOMETRIC_REPRESENTATION_CONTEXT ( 3 ) GLOBAL_UNCERTAINTY_ASSIGNED_CONTEXT ( ( #10010 ) ) GLOBAL_UNIT_ASSIGNED_CONTEXT ( ( #5714, #4915, #4928 ) ) REPRESENTATION_CONTEXT ( 'NONE', 'WORKASPACE' ) );
#681 = ORIENTED_EDGE ( 'NONE', *, *, #8036, .F. ) ;
#682 = CARTESIAN_POINT ( 'NONE',  ( -7.620000000000000107, 1.600000000000000089, -5.549999999999998934 ) ) ;
#683 = EDGE_CURVE ( 'NONE', #4557, #3071, #3622, .T. ) ;
#684 = PRESENTATION_LAYER_ASSIGNMENT (  '', '', ( #5209 ) ) ;
#685 = DIRECTION ( 'NONE',  ( 0.000000000000000000, 0.000000000000000000, 1.000000000000000000 ) ) ;
#686 = LINE ( 'NONE', #9353, #557 ) ;
#687 = CARTESIAN_POINT ( 'NONE',  ( 7.620000000000000107, 1.599999999999999867, 7.150000000000003020 ) ) ;
#688 = ORIENTED_EDGE ( 'NONE', *, *, #4417, .F. ) ;
#689 = CARTESIAN_POINT ( 'NONE',  ( 0.000000000000000000, 1.600000000000000089, -3.009999999999998010 ) ) ;
#690 = VERTEX_POINT ( 'NONE', #2842 ) ;
#691 = VERTEX_POINT ( 'NONE', #8174 ) ;
#692 = ORIENTED_EDGE ( 'NONE', *, *, #4434, .T. ) ;
#693 = CARTESIAN_POINT ( 'NONE',  ( -7.619999999999870433, 0.000000000000000000, 3.810000000000002718 ) ) ;
#694 = ADVANCED_FACE ( 'NONE', ( #3420 ), #5897, .F. ) ;
#695 = LINE ( 'NONE', #7031, #4474 ) ;
#696 = LINE ( 'NONE', #7224, #3634 ) ;
#697 = DIRECTION ( 'NONE',  ( 0.000000000000000000, 1.000000000000000000, -0.000000000000000000 ) ) ;
#698 = DIRECTION ( 'NONE',  ( 0.000000000000000000, 0.000000000000000000, 1.000000000000000000 ) ) ;
#699 = CARTESIAN_POINT ( 'NONE',  ( -7.620000000000000107, 1.599999999999999867, -7.150000000000001243 ) ) ;
#700 = DIRECTION ( 'NONE',  ( -0.000000000000000000, -1.000000000000000000, -0.000000000000000000 ) ) ;
#701 = ORIENTED_EDGE ( 'NONE', *, *, #7244, .T. ) ;
#702 = LINE ( 'NONE', #6414, #6519 ) ;
#703 = EDGE_LOOP ( 'NONE', ( #5894, #3999, #7269, #6581 ) ) ;
#704 = EDGE_LOOP ( 'NONE', ( #8245, #5752, #8687, #8246 ) ) ;
#705 = LINE ( 'NONE', #3896, #2325 ) ;
#706 = FACE_OUTER_BOUND ( 'NONE', #2598, .T. ) ;
#707 = CARTESIAN_POINT ( 'NONE',  ( 9.500000000000000000, 4.721281787984062284, 0.000000000000000000 ) ) ;
#708 = PRODUCT_DEFINITION_FORMATION_WITH_SPECIFIED_SOURCE ( 'ANY', '', #4060, .NOT_KNOWN. ) ;
#709 = ORIENTED_EDGE ( 'NONE', *, *, #5591, .F. ) ;
#710 = EDGE_LOOP ( 'NONE', ( #8716, #8118, #5584, #897, #4636, #4152 ) ) ;
#711 = ORIENTED_EDGE ( 'NONE', *, *, #6628, .T. ) ;
#712 = CARTESIAN_POINT ( 'NONE',  ( 9.500000000000000000, 0.000000000000000000, 8.890000000000000568 ) ) ;
#713 = CARTESIAN_POINT ( 'NONE',  ( 5.039999999999997371, 2.100000000000000089, -6.939999999999995950 ) ) ;
#714 = VECTOR ( 'NONE', #1833, 1000.000000000000000 ) ;
#715 = CIRCLE ( 'NONE', #544, 0.5080000000000015614 ) ;
#716 = DIRECTION ( 'NONE',  ( 0.000000000000000000, 0.000000000000000000, -1.000000000000000000 ) ) ;
#717 = EDGE_CURVE ( 'NONE', #7920, #4108, #6721, .T. ) ;
#718 = CARTESIAN_POINT ( 'NONE',  ( 6.380645125733860089E-15, 0.000000000000000000, 4.610000000000013642 ) ) ;
#719 = SURFACE_STYLE_FILL_AREA ( #10127 ) ;
#720 = CARTESIAN_POINT ( 'NONE',  ( 1.910041274080840512E-15, 0.000000000000000000, 2.069999999999993623 ) ) ;
#721 = ORIENTED_EDGE ( 'NONE', *, *, #5882, .T. ) ;
#722 = AXIS2_PLACEMENT_3D ( 'NONE', #1431, #6995, #4632 ) ;
#723 = VERTEX_POINT ( 'NONE', #1013 ) ;
#724 = CARTESIAN_POINT ( 'NONE',  ( 1.939999999999998836, 3.270000000000000018, -2.651284304145224122E-16 ) ) ;
#725 = ADVANCED_FACE ( 'NONE', ( #6823 ), #9994, .F. ) ;
#726 = ORIENTED_EDGE ( 'NONE', *, *, #7936, .T. ) ;
#727 = EDGE_CURVE ( 'NONE', #4666, #8090, #1109, .T. ) ;
#728 = CARTESIAN_POINT ( 'NONE',  ( 7.620000000000000107, 0.000000000000000000, 0.4700000000000016387 ) ) ;
#729 = EDGE_CURVE ( 'NONE', #990, #965, #5843, .T. ) ;
#730 = AXIS2_PLACEMENT_3D ( 'NONE', #832, #4030, #6247 ) ;
#731 = CARTESIAN_POINT ( 'NONE',  ( 7.620000000000000107, 4.721281787984062284, 4.610000000000002984 ) ) ;
#732 = SURFACE_STYLE_FILL_AREA ( #1512 ) ;
#733 = DIRECTION ( 'NONE',  ( 0.000000000000000000, 1.000000000000000000, 0.000000000000000000 ) ) ;
#734 = PLANE ( 'NONE',  #1294 ) ;
#735 = ORIENTED_EDGE ( 'NONE', *, *, #3081, .F. ) ;
#736 = DIRECTION ( 'NONE',  ( 0.000000000000000000, 1.000000000000000000, -0.000000000000000000 ) ) ;
#737 = ORIENTED_EDGE ( 'NONE', *, *, #5276, .F. ) ;
#738 = VERTEX_POINT ( 'NONE', #1166 ) ;
#739 = ADVANCED_FACE ( 'NONE', ( #4303 ), #9890, .F. ) ;
#740 = EDGE_CURVE ( 'NONE', #9073, #7942, #2294, .T. ) ;
#741 = CARTESIAN_POINT ( 'NONE',  ( -7.619999999999819806, 0.000000000000000000, 8.890000000000004121 ) ) ;
#742 = DIRECTION ( 'NONE',  ( 0.000000000000000000, 0.000000000000000000, 1.000000000000000000 ) ) ;
#743 = CARTESIAN_POINT ( 'NONE',  ( 2.900000000000000799, 2.100000000000000089, -6.939999999999995950 ) ) ;
#744 = DIRECTION ( 'NONE',  ( -0.000000000000000000, -1.000000000000000000, -0.000000000000000000 ) ) ;
#745 = SPHERICAL_SURFACE ( 'NONE', #6739, 0.3175000000000000044 ) ;
#746 = LINE ( 'NONE', #2413, #3383 ) ;
#747 = DIRECTION ( 'NONE',  ( 1.000000000000000000, -0.000000000000000000, 0.000000000000000000 ) ) ;
#748 = ORIENTED_EDGE ( 'NONE', *, *, #7176, .T. ) ;
#749 = DIRECTION ( 'NONE',  ( -0.000000000000000000, -1.000000000000000000, -0.000000000000000000 ) ) ;
#750 = ORIENTED_EDGE ( 'NONE', *, *, #2197, .T. ) ;
#751 = ORIENTED_EDGE ( 'NONE', *, *, #8133, .T. ) ;
#752 = EDGE_CURVE ( 'NONE', #638, #691, #9633, .T. ) ;
#753 = VECTOR ( 'NONE', #9565, 1000.000000000000000 ) ;
#754 = CARTESIAN_POINT ( 'NONE',  ( 3.219999999999999751, 1.750000000000000000, -9.479999999999995097 ) ) ;
#755 = CARTESIAN_POINT ( 'NONE',  ( 6.000000000000001776, 29.71055027400083759, -4.730000000000001315 ) ) ;
#756 = CARTESIAN_POINT ( 'NONE',  ( -7.619999999999845564, 0.000000000000000000, 6.350000000000003197 ) ) ;
#757 = VECTOR ( 'NONE', #10035, 1000.000000000000000 ) ;
#758 = DIRECTION ( 'NONE',  ( -0.000000000000000000, -0.000000000000000000, -1.000000000000000000 ) ) ;
#759 = VECTOR ( 'NONE', #6793, 1000.000000000000000 ) ;
#760 = EDGE_LOOP ( 'NONE', ( #3450, #701, #1184, #10117 ) ) ;
#761 = ORIENTED_EDGE ( 'NONE', *, *, #9653, .F. ) ;
#762 = EDGE_CURVE ( 'NONE', #9199, #4221, #3638, .T. ) ;
#763 = ORIENTED_EDGE ( 'NONE', *, *, #1292, .T. ) ;
#764 = DIRECTION ( 'NONE',  ( -0.000000000000000000, -1.000000000000000000, -0.000000000000000000 ) ) ;
#765 = LINE ( 'NONE', #3225, #9328 ) ;
#766 = VECTOR ( 'NONE', #1867, 1000.000000000000000 ) ;
#767 = DIRECTION ( 'NONE',  ( 0.000000000000000000, 0.000000000000000000, 1.000000000000000000 ) ) ;
#768 = DIRECTION ( 'NONE',  ( 0.000000000000000000, 0.000000000000000000, 1.000000000000000000 ) ) ;
#769 = LINE ( 'NONE', #28, #6655 ) ;
#770 = DIRECTION ( 'NONE',  ( 0.000000000000000000, 0.000000000000000000, 1.000000000000000000 ) ) ;
#771 = ORIENTED_EDGE ( 'NONE', *, *, #7957, .T. ) ;
#772 = DIRECTION ( 'NONE',  ( 0.000000000000000000, 1.000000000000000000, -0.000000000000000000 ) ) ;
#773 = ORIENTED_EDGE ( 'NONE', *, *, #530, .T. ) ;
#774 = DIRECTION ( 'NONE',  ( 0.000000000000000000, 0.000000000000000000, -1.000000000000000000 ) ) ;
#775 = ADVANCED_FACE ( 'NONE', ( #4615 ), #8485, .F. ) ;
#776 = CARTESIAN_POINT ( 'NONE',  ( 6.000000000000003553, 3.270000000000000018, 9.390000000000005898 ) ) ;
#777 = CIRCLE ( 'NONE', #8126, 0.8000000000000003775 ) ;
#778 = CARTESIAN_POINT ( 'NONE',  ( 9.500000000000000000, 4.721281787984062284, 0.000000000000000000 ) ) ;
#779 = CARTESIAN_POINT ( 'NONE',  ( 5.239999999999999325, 2.100000000000000089, -7.139999999999997016 ) ) ;
#780 = EDGE_LOOP ( 'NONE', ( #212, #812, #4163, #2809 ) ) ;
#781 = DIRECTION ( 'NONE',  ( -1.000000000000000000, 0.000000000000000000, 2.768175759537458431E-15 ) ) ;
#782 = ORIENTED_EDGE ( 'NONE', *, *, #3859, .T. ) ;
#783 = ORIENTED_EDGE ( 'NONE', *, *, #7884, .F. ) ;
#784 = EDGE_CURVE ( 'NONE', #9285, #9025, #695, .T. ) ;
#785 =( GEOMETRIC_REPRESENTATION_CONTEXT ( 3 ) GLOBAL_UNCERTAINTY_ASSIGNED_CONTEXT ( ( #10220 ) ) GLOBAL_UNIT_ASSIGNED_CONTEXT ( ( #1000, #8930, #5080 ) ) REPRESENTATION_CONTEXT ( 'NONE', 'WORKASPACE' ) );
#786 = CARTESIAN_POINT ( 'NONE',  ( 7.620000000000085372, 4.721281787984062284, -1.270000000000000240 ) ) ;
#787 = CARTESIAN_POINT ( 'NONE',  ( 0.000000000000000000, 0.000000000000000000, -5.549999999999998934 ) ) ;
#788 = CYLINDRICAL_SURFACE ( 'NONE', #3815, 0.5080000000000050031 ) ;
#789 = EDGE_CURVE ( 'NONE', #2201, #1493, #1300, .T. ) ;
#790 = CARTESIAN_POINT ( 'NONE',  ( 9.500000000000000000, 1.599999999999999867, 4.318000000000000504 ) ) ;
#791 = CARTESIAN_POINT ( 'NONE',  ( 7.620000000000000107, 0.000000000000000000, 8.090000000000003411 ) ) ;
#792 = DIRECTION ( 'NONE',  ( 0.000000000000000000, 0.000000000000000000, -1.000000000000000000 ) ) ;
#793 = VECTOR ( 'NONE', #4765, 1000.000000000000000 ) ;
#794 = DIRECTION ( 'NONE',  ( 0.000000000000000000, 0.000000000000000000, 1.000000000000000000 ) ) ;
#795 = VECTOR ( 'NONE', #8669, 1000.000000000000000 ) ;
#796 = LINE ( 'NONE', #10265, #7797 ) ;
#797 = VERTEX_POINT ( 'NONE', #1415 ) ;
#798 = ADVANCED_FACE ( 'NONE', ( #2253 ), #5263, .F. ) ;
#799 = FACE_OUTER_BOUND ( 'NONE', #2644, .T. ) ;
#800 = ORIENTED_EDGE ( 'NONE', *, *, #8388, .F. ) ;
#801 = ORIENTED_EDGE ( 'NONE', *, *, #7523, .F. ) ;
#802 = AXIS2_PLACEMENT_3D ( 'NONE', #7267, #5769, #1764 ) ;
#803 = AXIS2_PLACEMENT_3D ( 'NONE', #4563, #6152, #1266 ) ;
#804 = AXIS2_PLACEMENT_3D ( 'NONE', #9666, #4873, #8056 ) ;
#805 = PLANE ( 'NONE',  #1154 ) ;
#806 = VECTOR ( 'NONE', #8846, 1000.000000000000000 ) ;
#807 = CARTESIAN_POINT ( 'NONE',  ( -6.349999999999999645, 1.600000000000000755, -9.490000000000000213 ) ) ;
#808 = EDGE_CURVE ( 'NONE', #6353, #10240, #6098, .T. ) ;
#809 = VECTOR ( 'NONE', #9648, 1000.000000000000000 ) ;
#810 = LINE ( 'NONE', #905, #2654 ) ;
#811 = ORIENTED_EDGE ( 'NONE', *, *, #4072, .F. ) ;
#812 = ORIENTED_EDGE ( 'NONE', *, *, #9008, .T. ) ;
#813 = ORIENTED_EDGE ( 'NONE', *, *, #10083, .T. ) ;
#814 = VECTOR ( 'NONE', #9843, 1000.000000000000000 ) ;
#815 = VERTEX_POINT ( 'NONE', #10209 ) ;
#816 = PLANE ( 'NONE',  #5704 ) ;
#817 = VECTOR ( 'NONE', #4596, 1000.000000000000000 ) ;
#818 = PLANE ( 'NONE',  #4001 ) ;
#819 = DIRECTION ( 'NONE',  ( 0.000000000000000000, 0.000000000000000000, 1.000000000000000000 ) ) ;
#820 = ADVANCED_FACE ( 'NONE', ( #3042 ), #8484, .F. ) ;
#821 = AXIS2_PLACEMENT_3D ( 'NONE', #1799, #8863, #7296 ) ;
#822 = DIRECTION ( 'NONE',  ( 0.000000000000000000, 1.000000000000000000, -0.000000000000000000 ) ) ;
#823 = CARTESIAN_POINT ( 'NONE',  ( -7.619999999999975238, 1.599999999999999867, -5.841999999999998749 ) ) ;
#824 = LINE ( 'NONE', #4021, #1140 ) ;
#825 = ORIENTED_EDGE ( 'NONE', *, *, #5100, .F. ) ;
#826 = DIRECTION ( 'NONE',  ( -0.000000000000000000, -1.000000000000000000, -0.000000000000000000 ) ) ;
#827 = EDGE_LOOP ( 'NONE', ( #4833, #1701, #8751, #7357 ) ) ;
#828 = AXIS2_PLACEMENT_3D ( 'NONE', #8217, #7347, #8796 ) ;
#829 = DIRECTION ( 'NONE',  ( 0.000000000000000000, 0.000000000000000000, -1.000000000000000000 ) ) ;
#830 = VECTOR ( 'NONE', #7996, 1000.000000000000000 ) ;
#831 = DIRECTION ( 'NONE',  ( 0.000000000000000000, -1.000000000000000000, 0.000000000000000000 ) ) ;
#832 = CARTESIAN_POINT ( 'NONE',  ( 0.000000000000000000, 4.721281787984062284, -4.609999999999998543 ) ) ;
#833 = CARTESIAN_POINT ( 'NONE',  ( -9.499999999999868550, 0.000000000000000000, 3.810000000000000941 ) ) ;
#834 = ORIENTED_EDGE ( 'NONE', *, *, #3148, .F. ) ;
#835 = CARTESIAN_POINT ( 'NONE',  ( 0.000000000000000000, 4.721281787984062284, -7.150000000000001243 ) ) ;
#836 = VERTEX_POINT ( 'NONE', #7077 ) ;
#837 = VERTEX_POINT ( 'NONE', #5416 ) ;
#838 = DIRECTION ( 'NONE',  ( 0.000000000000000000, 1.000000000000000000, -0.000000000000000000 ) ) ;
#839 = EDGE_CURVE ( 'NONE', #4950, #166, #7703, .T. ) ;
#840 = VECTOR ( 'NONE', #10084, 1000.000000000000000 ) ;
#841 = DIRECTION ( 'NONE',  ( -0.000000000000000000, -1.000000000000000000, -0.000000000000000000 ) ) ;
#842 = EDGE_CURVE ( 'NONE', #6393, #7918, #7749, .T. ) ;
#843 = CARTESIAN_POINT ( 'NONE',  ( 7.620000000000084484, 1.599999999999999867, -1.269999999999998463 ) ) ;
#844 = DIRECTION ( 'NONE',  ( 0.000000000000000000, 0.000000000000000000, 1.000000000000000000 ) ) ;
#845 = CARTESIAN_POINT ( 'NONE',  ( -6.000000000000001776, 29.71055027400083759, 9.690000000000006608 ) ) ;
#846 = CARTESIAN_POINT ( 'NONE',  ( -7.619999999999869544, 1.599999999999999867, 3.810000000000000941 ) ) ;
#847 = CARTESIAN_POINT ( 'NONE',  ( 3.969999999999999751, 2.682500000000000107, -8.209999999999995524 ) ) ;
#848 = CARTESIAN_POINT ( 'NONE',  ( -9.499999999999996447, 0.000000000000000000, 7.150000000000003020 ) ) ;
#849 = CARTESIAN_POINT ( 'NONE',  ( 1.240000000000002434, 3.270000000000000018, -5.279999999999999361 ) ) ;
#850 = DIRECTION ( 'NONE',  ( 0.000000000000000000, 1.000000000000000000, -0.000000000000000000 ) ) ;
#851 = VERTEX_POINT ( 'NONE', #8584 ) ;
#852 = CARTESIAN_POINT ( 'NONE',  ( 0.000000000000000000, 0.000000000000000000, -0.4699999999999986411 ) ) ;
#853 = EDGE_LOOP ( 'NONE', ( #3311, #4953, #3037, #1849 ) ) ;
#854 = VERTEX_POINT ( 'NONE', #5315 ) ;
#855 = EDGE_CURVE ( 'NONE', #2324, #4281, #643, .T. ) ;
#856 = ORIENTED_EDGE ( 'NONE', *, *, #2287, .F. ) ;
#857 = ADVANCED_FACE ( 'NONE', ( #585 ), #8430, .F. ) ;
#858 = CYLINDRICAL_SURFACE ( 'NONE', #10351, 0.7999999999999994893 ) ;
#859 = DIRECTION ( 'NONE',  ( 1.186541365237213826E-16, -0.000000000000000000, 1.000000000000000000 ) ) ;
#860 = ADVANCED_FACE ( 'NONE', ( #9308 ), #3775, .T. ) ;
#861 = CARTESIAN_POINT ( 'NONE',  ( 6.000000000000003553, 3.069999999999999840, 9.390000000000005898 ) ) ;
#862 = ORIENTED_EDGE ( 'NONE', *, *, #10298, .T. ) ;
#863 = ORIENTED_EDGE ( 'NONE', *, *, #5666, .F. ) ;
#864 = ORIENTED_EDGE ( 'NONE', *, *, #5602, .F. ) ;
#865 = VERTEX_POINT ( 'NONE', #6977 ) ;
#866 = CARTESIAN_POINT ( 'NONE',  ( -7.619999999999921947, 1.600000000000000089, -1.270000000000000240 ) ) ;
#867 = EDGE_CURVE ( 'NONE', #5076, #1493, #4458, .T. ) ;
#868 = DIRECTION ( 'NONE',  ( 0.000000000000000000, 0.000000000000000000, 1.000000000000000000 ) ) ;
#869 = CARTESIAN_POINT ( 'NONE',  ( 0.000000000000000000, 0.000000000000000000, -7.150000000000001243 ) ) ;
#870 = DIRECTION ( 'NONE',  ( 1.000000000000000000, -0.000000000000000000, -1.186541365237213826E-16 ) ) ;
#871 = LINE ( 'NONE', #5959, #6248 ) ;
#872 = LINE ( 'NONE', #7986, #795 ) ;
#873 = EDGE_LOOP ( 'NONE', ( #4186, #8579, #5272, #7046 ) ) ;
#874 = DIRECTION ( 'NONE',  ( -0.000000000000000000, -1.000000000000000000, -0.000000000000000000 ) ) ;
#875 = VERTEX_POINT ( 'NONE', #2887 ) ;
#876 = DIRECTION ( 'NONE',  ( 1.000000000000000000, -0.000000000000000000, 0.000000000000000000 ) ) ;
#877 = AXIS2_PLACEMENT_3D ( 'NONE', #9830, #2678, #9034 ) ;
#878 = VERTEX_POINT ( 'NONE', #10156 ) ;
#879 = ADVANCED_FACE ( 'NONE', ( #8100 ), #891, .T. ) ;
#880 = VECTOR ( 'NONE', #6940, 1000.000000000000000 ) ;
#881 = PRESENTATION_STYLE_ASSIGNMENT (( #3188 ) ) ;
#882 = CARTESIAN_POINT ( 'NONE',  ( 1.240000000000002434, 3.069999999999999840, -5.279999999999999361 ) ) ;
#883 = PLANE ( 'NONE',  #10109 ) ;
#884 = DIRECTION ( 'NONE',  ( -0.000000000000000000, -1.000000000000000000, -0.000000000000000000 ) ) ;
#885 = CARTESIAN_POINT ( 'NONE',  ( 7.620000000000000107, 1.600000000000000089, -0.4699999999999986411 ) ) ;
#886 = VERTEX_POINT ( 'NONE', #7272 ) ;
#887 = ORIENTED_EDGE ( 'NONE', *, *, #2996, .F. ) ;
#888 = EDGE_CURVE ( 'NONE', #8077, #462, #2463, .T. ) ;
#889 = CARTESIAN_POINT ( 'NONE',  ( 7.620000000000084484, 4.721281787984062284, -1.269999999999998463 ) ) ;
#890 = VECTOR ( 'NONE', #3135, 1000.000000000000000 ) ;
#891 = CYLINDRICAL_SURFACE ( 'NONE', #2798, 0.7999999999999999334 ) ;
#892 = CARTESIAN_POINT ( 'NONE',  ( 0.000000000000000000, 3.069999999999999840, 0.000000000000000000 ) ) ;
#893 = FACE_OUTER_BOUND ( 'NONE', #8404, .T. ) ;
#894 = CARTESIAN_POINT ( 'NONE',  ( 9.500000000000003553, 1.600000000000000089, 0.000000000000000000 ) ) ;
#895 = DIRECTION ( 'NONE',  ( 1.000000000000000000, 0.000000000000000000, 0.000000000000000000 ) ) ;
#896 = CARTESIAN_POINT ( 'NONE',  ( 0.000000000000000000, 4.721281787984062284, 3.010000000000002451 ) ) ;
#897 = ORIENTED_EDGE ( 'NONE', *, *, #1819, .F. ) ;
#898 = CARTESIAN_POINT ( 'NONE',  ( 3.969999999999999751, 2.950000000000001066, -8.209999999999995524 ) ) ;
#899 = EDGE_LOOP ( 'NONE', ( #3902, #7793, #7161, #801 ) ) ;
#900 = ORIENTED_EDGE ( 'NONE', *, *, #9719, .T. ) ;
#901 = EDGE_CURVE ( 'NONE', #632, #2117, #3093, .T. ) ;
#902 = ORIENTED_EDGE ( 'NONE', *, *, #4962, .T. ) ;
#903 = CARTESIAN_POINT ( 'NONE',  ( 0.000000000000000000, 1.600000000000000089, 4.610000000000002984 ) ) ;
#904 = DIRECTION ( 'NONE',  ( 0.000000000000000000, 1.000000000000000000, -0.000000000000000000 ) ) ;
#905 = CARTESIAN_POINT ( 'NONE',  ( 1.939999999999998170, 29.71055027400083759, -4.730000000000001315 ) ) ;
#906 = DIRECTION ( 'NONE',  ( -0.000000000000000000, 0.000000000000000000, -1.000000000000000000 ) ) ;
#907 = LINE ( 'NONE', #4103, #6586 ) ;
#908 = ADVANCED_FACE ( 'NONE', ( #5515 ), #1679, .T. ) ;
#909 = EDGE_CURVE ( 'NONE', #4950, #3540, #3300, .T. ) ;
#910 = ORIENTED_EDGE ( 'NONE', *, *, #2908, .F. ) ;
#911 = ORIENTED_EDGE ( 'NONE', *, *, #8129, .T. ) ;
#912 = VECTOR ( 'NONE', #2005, 1000.000000000000000 ) ;
#913 = VERTEX_POINT ( 'NONE', #1724 ) ;
#914 = ADVANCED_FACE ( 'NONE', ( #6511 ), #6305, .F. ) ;
#915 = EDGE_LOOP ( 'NONE', ( #440, #7546, #1618, #6148 ) ) ;
#916 = DIRECTION ( 'NONE',  ( 1.366641393889291440E-16, -0.000000000000000000, 1.000000000000000000 ) ) ;
#917 = DIRECTION ( 'NONE',  ( 0.000000000000000000, 0.000000000000000000, 1.000000000000000000 ) ) ;
#918 = VECTOR ( 'NONE', #4395, 1000.000000000000000 ) ;
#919 = AXIS2_PLACEMENT_3D ( 'NONE', #5361, #573, #8526 ) ;
#920 = CARTESIAN_POINT ( 'NONE',  ( 6.349999999999999645, 29.71055027400083759, -4.580000000000003624 ) ) ;
#921 = DIRECTION ( 'NONE',  ( 0.000000000000000000, -1.000000000000000000, 0.000000000000000000 ) ) ;
#922 = EDGE_CURVE ( 'NONE', #9027, #8318, #3974, .T. ) ;
#923 = CARTESIAN_POINT ( 'NONE',  ( 0.000000000000000000, 1.599999999999999867, -7.150000000000001243 ) ) ;
#924 = CARTESIAN_POINT ( 'NONE',  ( 1.240000000000001545, 2.970000000000000195, -9.390000000000000568 ) ) ;
#925 = ORIENTED_EDGE ( 'NONE', *, *, #3317, .T. ) ;
#926 = EDGE_CURVE ( 'NONE', #6708, #5927, #4137, .T. ) ;
#927 = LINE ( 'NONE', #4119, #7306 ) ;
#928 = VERTEX_POINT ( 'NONE', #1523 ) ;
#929 = VERTEX_POINT ( 'NONE', #4714 ) ;
#930 = STYLED_ITEM ( 'NONE', ( #3323 ), #1643 ) ;
#931 = CARTESIAN_POINT ( 'NONE',  ( 9.500000000000000000, 1.599999999999999867, 6.349999999999999645 ) ) ;
#932 = EDGE_CURVE ( 'NONE', #6548, #6179, #9809, .T. ) ;
#933 = CIRCLE ( 'NONE', #9100, 0.5080000000000050031 ) ;
#934 = LINE ( 'NONE', #1615, #6009 ) ;
#935 = ORIENTED_EDGE ( 'NONE', *, *, #5553, .T. ) ;
#936 = VERTEX_POINT ( 'NONE', #2358 ) ;
#937 = CARTESIAN_POINT ( 'NONE',  ( 1.240000000000001545, 2.970000000000000195, -9.490000000000000213 ) ) ;
#938 = DIRECTION ( 'NONE',  ( 0.000000000000000000, 0.000000000000000000, 1.000000000000000000 ) ) ;
#939 = CARTESIAN_POINT ( 'NONE',  ( 9.500000000000000000, 1.599999999999999867, -8.089999999999998082 ) ) ;
#940 = DIRECTION ( 'NONE',  ( 0.000000000000000000, 1.000000000000000000, -0.000000000000000000 ) ) ;
#941 = EDGE_CURVE ( 'NONE', #9701, #2863, #1952, .T. ) ;
#942 = AXIS2_PLACEMENT_3D ( 'NONE', #6265, #3003, #1476 ) ;
#943 = FILL_AREA_STYLE_COLOUR ( '', #1948 ) ;
#944 = DIRECTION ( 'NONE',  ( 0.000000000000000000, 1.000000000000000000, -0.000000000000000000 ) ) ;
#945 =( NAMED_UNIT ( * ) SI_UNIT ( $, .STERADIAN. ) SOLID_ANGLE_UNIT ( ) );
#946 = LINE ( 'NONE', #8314, #4549 ) ;
#947 = CARTESIAN_POINT ( 'NONE',  ( 7.620000000000000107, 0.000000000000000000, 3.010000000000002451 ) ) ;
#948 = DIRECTION ( 'NONE',  ( 0.000000000000000000, 0.000000000000000000, 1.000000000000000000 ) ) ;
#949 = ORIENTED_EDGE ( 'NONE', *, *, #729, .F. ) ;
#950 = PRESENTATION_LAYER_ASSIGNMENT (  '', '', ( #9454 ) ) ;
#951 = CARTESIAN_POINT ( 'NONE',  ( -7.620000000000000107, 0.000000000000000000, 0.4699999999999999178 ) ) ;
#952 = CIRCLE ( 'NONE', #8792, 0.3000000000000001554 ) ;
#953 = ORIENTED_EDGE ( 'NONE', *, *, #6765, .T. ) ;
#954 = VERTEX_POINT ( 'NONE', #6154 ) ;
#955 = DIRECTION ( 'NONE',  ( -0.000000000000000000, -1.000000000000000000, -0.000000000000000000 ) ) ;
#956 = LINE ( 'NONE', #2580, #9293 ) ;
#957 = CIRCLE ( 'NONE', #8960, 0.5079999999999997851 ) ;
#958 = VECTOR ( 'NONE', #4768, 1000.000000000000000 ) ;
#959 = CYLINDRICAL_SURFACE ( 'NONE', #9821, 0.7999999999999994893 ) ;
#960 = LINE ( 'NONE', #6529, #10095 ) ;
#961 = CARTESIAN_POINT ( 'NONE',  ( -7.620000000000000107, 4.721281787984062284, -7.150000000000001243 ) ) ;
#962 = AXIS2_PLACEMENT_3D ( 'NONE', #5394, #4588, #7727 ) ;
#963 = VECTOR ( 'NONE', #5096, 1000.000000000000000 ) ;
#964 = ORIENTED_EDGE ( 'NONE', *, *, #1049, .F. ) ;
#965 = VERTEX_POINT ( 'NONE', #534 ) ;
#966 = ORIENTED_EDGE ( 'NONE', *, *, #10218, .T. ) ;
#967 = CIRCLE ( 'NONE', #10315, 0.1000000000000000472 ) ;
#968 = COLOUR_RGB ( '',1.000000000000000000, 0.8117647058823529438, 0.5019607843137254832 ) ;
#969 = ORIENTED_EDGE ( 'NONE', *, *, #3549, .F. ) ;
#970 = PLANE ( 'NONE',  #7334 ) ;
#971 = EDGE_CURVE ( 'NONE', #9944, #7962, #9310, .T. ) ;
#972 = AXIS2_PLACEMENT_3D ( 'NONE', #8359, #7416, #9186 ) ;
#973 = DIRECTION ( 'NONE',  ( 0.000000000000000000, 0.000000000000000000, 1.000000000000000000 ) ) ;
#974 = CARTESIAN_POINT ( 'NONE',  ( 4.719999999999999751, 1.750000000000000000, -6.439999999999992397 ) ) ;
#975 = EDGE_CURVE ( 'NONE', #7709, #4297, #3777, .T. ) ;
#976 = DIRECTION ( 'NONE',  ( -0.000000000000000000, -1.000000000000000000, -0.000000000000000000 ) ) ;
#977 = AXIS2_PLACEMENT_3D ( 'NONE', #4519, #6927, #10098 ) ;
#978 = VECTOR ( 'NONE', #9622, 1000.000000000000000 ) ;
#979 = ORIENTED_EDGE ( 'NONE', *, *, #6075, .T. ) ;
#980 = LINE ( 'NONE', #185, #3961 ) ;
#981 = ORIENTED_EDGE ( 'NONE', *, *, #1748, .T. ) ;
#982 = ORIENTED_EDGE ( 'NONE', *, *, #4547, .T. ) ;
#983 = SURFACE_SIDE_STYLE ('',( #9751 ) ) ;
#984 = EDGE_CURVE ( 'NONE', #340, #89, #4617, .T. ) ;
#985 = AXIS2_PLACEMENT_3D ( 'NONE', #1594, #3019, #8755 ) ;
#986 = ADVANCED_FACE ( 'NONE', ( #7800, #646 ), #5518, .F. ) ;
#987 = LINE ( 'NONE', #4078, #6206 ) ;
#988 = DIRECTION ( 'NONE',  ( -4.613626265895764052E-16, 0.000000000000000000, -1.000000000000000000 ) ) ;
#989 = LINE ( 'NONE', #3291, #467 ) ;
#990 = VERTEX_POINT ( 'NONE', #4674 ) ;
#991 = ORIENTED_EDGE ( 'NONE', *, *, #2760, .T. ) ;
#992 = AXIS2_PLACEMENT_3D ( 'NONE', #8546, #3788, #9526 ) ;
#993 = PRESENTATION_LAYER_ASSIGNMENT (  '', '', ( #1491 ) ) ;
#994 = ORIENTED_EDGE ( 'NONE', *, *, #8401, .F. ) ;
#995 = DIRECTION ( 'NONE',  ( 0.000000000000000000, 0.000000000000000000, -1.000000000000000000 ) ) ;
#996 = EDGE_CURVE ( 'NONE', #9250, #8744, #3299, .T. ) ;
#997 = DIRECTION ( 'NONE',  ( 0.000000000000000000, -1.000000000000000000, 0.000000000000000000 ) ) ;
#998 = AXIS2_PLACEMENT_3D ( 'NONE', #7477, #3558, #6710 ) ;
#999 = CARTESIAN_POINT ( 'NONE',  ( 1.589999999999999636, 1.600000000000000089, -5.279999999999999361 ) ) ;
#1000 =( LENGTH_UNIT ( ) NAMED_UNIT ( * ) SI_UNIT ( .MILLI., .METRE. ) );
#1001 = DIRECTION ( 'NONE',  ( -1.000000000000000000, 0.000000000000000000, 0.000000000000000000 ) ) ;
#1002 = CYLINDRICAL_SURFACE ( 'NONE', #9079, 0.5079999999999997851 ) ;
#1003 = SURFACE_STYLE_FILL_AREA ( #5779 ) ;
#1004 = DIRECTION ( 'NONE',  ( -1.000000000000000000, 0.000000000000000000, 0.000000000000000000 ) ) ;
#1005 = CARTESIAN_POINT ( 'NONE',  ( -7.620000000000000107, 1.600000000000000089, 3.010000000000002451 ) ) ;
#1006 = EDGE_LOOP ( 'NONE', ( #622, #8553, #2419, #7147 ) ) ;
#1007 = LINE ( 'NONE', #8889, #9823 ) ;
#1008 = EDGE_LOOP ( 'NONE', ( #1087, #8554, #2621, #4328 ) ) ;
#1009 = VERTEX_POINT ( 'NONE', #7079 ) ;
#1010 = AXIS2_PLACEMENT_3D ( 'NONE', #2034, #5249, #517 ) ;
#1011 = EDGE_CURVE ( 'NONE', #2573, #1520, #10051, .T. ) ;
#1012 = CARTESIAN_POINT ( 'NONE',  ( 2.699999999999999289, 1.750000000000000000, -8.009999999999996234 ) ) ;
#1013 = CARTESIAN_POINT ( 'NONE',  ( 6.000000000000003553, 3.270000000000000018, 9.340000000000006963 ) ) ;
#1014 = CARTESIAN_POINT ( 'NONE',  ( 3.969999999999999751, 2.100000000000000089, -7.409999999999993925 ) ) ;
#1015 = CARTESIAN_POINT ( 'NONE',  ( 0.000000000000000000, 1.600000000000000089, -3.009999999999999787 ) ) ;
#1016 = COLOUR_RGB ( '',1.000000000000000000, 0.8117647058823529438, 0.5019607843137254832 ) ;
#1017 = PLANE ( 'NONE',  #4727 ) ;
#1018 = VERTEX_POINT ( 'NONE', #9613 ) ;
#1019 = EDGE_LOOP ( 'NONE', ( #554, #6074, #10152, #4218 ) ) ;
#1020 = ORIENTED_EDGE ( 'NONE', *, *, #380, .F. ) ;
#1021 = DIRECTION ( 'NONE',  ( 1.000000000000000000, -0.000000000000000000, -1.365923996832131856E-16 ) ) ;
#1022 = CARTESIAN_POINT ( 'NONE',  ( -7.619999999999948592, 4.721281787984062284, -3.809999999999999165 ) ) ;
#1023 = CARTESIAN_POINT ( 'NONE',  ( 1.590000000000000302, 29.71055027400083759, -4.730000000000001315 ) ) ;
#1024 = DIRECTION ( 'NONE',  ( -0.000000000000000000, -1.000000000000000000, -0.000000000000000000 ) ) ;
#1025 = CARTESIAN_POINT ( 'NONE',  ( -9.500000000000000000, 4.721281787984062284, -7.150000000000001243 ) ) ;
#1026 = VERTEX_POINT ( 'NONE', #2 ) ;
#1027 = VERTEX_POINT ( 'NONE', #6513 ) ;
#1028 = DIRECTION ( 'NONE',  ( -0.000000000000000000, -1.000000000000000000, -0.000000000000000000 ) ) ;
#1029 = ORIENTED_EDGE ( 'NONE', *, *, #2788, .T. ) ;
#1030 = ORIENTED_EDGE ( 'NONE', *, *, #8865, .T. ) ;
#1031 = ADVANCED_FACE ( 'NONE', ( #1726 ), #788, .F. ) ;
#1032 = CARTESIAN_POINT ( 'NONE',  ( 3.969999999999999751, 2.682500000000000107, -7.892499999999994742 ) ) ;
#1033 = CARTESIAN_POINT ( 'NONE',  ( 0.000000000000000000, 0.000000000000000000, 0.000000000000000000 ) ) ;
#1034 = DIRECTION ( 'NONE',  ( -1.000000000000000000, 0.000000000000000000, 0.000000000000000000 ) ) ;
#1035 = EDGE_CURVE ( 'NONE', #6413, #929, #7901, .T. ) ;
#1036 = CIRCLE ( 'NONE', #2373, 0.5080000000000050031 ) ;
#1037 = DIRECTION ( 'NONE',  ( 0.000000000000000000, -0.000000000000000000, 1.000000000000000000 ) ) ;
#1038 = ADVANCED_FACE ( 'NONE', ( #4925 ), #7179, .F. ) ;
#1039 = ORIENTED_EDGE ( 'NONE', *, *, #8262, .F. ) ;
#1040 = ORIENTED_EDGE ( 'NONE', *, *, #5994, .F. ) ;
#1041 = ORIENTED_EDGE ( 'NONE', *, *, #2536, .F. ) ;
#1042 = EDGE_CURVE ( 'NONE', #1520, #2737, #2408, .T. ) ;
#1043 = CARTESIAN_POINT ( 'NONE',  ( 9.500000000000003553, 0.000000000000000000, 4.610000000000002984 ) ) ;
#1044 = CIRCLE ( 'NONE', #2382, 0.5079999999999997851 ) ;
#1045 = CYLINDRICAL_SURFACE ( 'NONE', #5788, 0.1000000000000000472 ) ;
#1046 = FACE_OUTER_BOUND ( 'NONE', #3112, .T. ) ;
#1047 = CARTESIAN_POINT ( 'NONE',  ( 7.620000000000135998, 0.000000000000000000, 3.810000000000002718 ) ) ;
#1048 = CARTESIAN_POINT ( 'NONE',  ( -7.620000000000000107, 0.000000000000000000, 3.010000000000002451 ) ) ;
#1049 = EDGE_CURVE ( 'NONE', #6048, #7574, #3988, .T. ) ;
#1050 = DIRECTION ( 'NONE',  ( 1.000000000000000000, 0.000000000000000000, -0.000000000000000000 ) ) ;
#1051 = ORIENTED_EDGE ( 'NONE', *, *, #8250, .T. ) ;
#1052 = DIRECTION ( 'NONE',  ( -0.000000000000000000, -1.000000000000000000, -0.000000000000000000 ) ) ;
#1053 = ORIENTED_EDGE ( 'NONE', *, *, #4301, .T. ) ;
#1054 = ORIENTED_EDGE ( 'NONE', *, *, #1887, .F. ) ;
#1055 = VECTOR ( 'NONE', #550, 1000.000000000000000 ) ;
#1056 = EDGE_CURVE ( 'NONE', #7919, #3059, #94, .T. ) ;
#1057 = DIRECTION ( 'NONE',  ( 0.000000000000000000, 0.000000000000000000, -1.000000000000000000 ) ) ;
#1058 = LINE ( 'NONE', #4996, #7346 ) ;
#1059 = LINE ( 'NONE', #7439, #4979 ) ;
#1060 = CARTESIAN_POINT ( 'NONE',  ( 0.000000000000000000, 1.600000000000000089, 3.010000000000002451 ) ) ;
#1061 = DIRECTION ( 'NONE',  ( 0.000000000000000000, 0.000000000000000000, -1.000000000000000000 ) ) ;
#1062 = FACE_OUTER_BOUND ( 'NONE', #3499, .T. ) ;
#1063 = ADVANCED_FACE ( 'NONE', ( #893, #3150 ), #3302, .F. ) ;
#1064 = EDGE_LOOP ( 'NONE', ( #9739, #1782, #2727, #4451 ) ) ;
#1065 = ORIENTED_EDGE ( 'NONE', *, *, #7399, .F. ) ;
#1066 = CARTESIAN_POINT ( 'NONE',  ( 3.219999999999999751, 1.750000000000000000, -6.939999999999995062 ) ) ;
#1067 = PLANE ( 'NONE',  #9456 ) ;
#1068 = CARTESIAN_POINT ( 'NONE',  ( 7.620000000000085372, 0.000000000000000000, -1.270000000000000240 ) ) ;
#1069 = DIRECTION ( 'NONE',  ( 0.000000000000000000, 0.000000000000000000, -1.000000000000000000 ) ) ;
#1070 = LINE ( 'NONE', #923, #1630 ) ;
#1071 = EDGE_CURVE ( 'NONE', #5848, #10166, #6993, .T. ) ;
#1072 = ORIENTED_EDGE ( 'NONE', *, *, #4947, .T. ) ;
#1073 = ORIENTED_EDGE ( 'NONE', *, *, #7553, .T. ) ;
#1074 = ORIENTED_EDGE ( 'NONE', *, *, #4430, .T. ) ;
#1075 = DIRECTION ( 'NONE',  ( 1.000000000000000000, 0.000000000000000000, -1.186541365237213826E-16 ) ) ;
#1076 = ORIENTED_EDGE ( 'NONE', *, *, #1746, .T. ) ;
#1077 = ORIENTED_EDGE ( 'NONE', *, *, #6742, .T. ) ;
#1078 = DIRECTION ( 'NONE',  ( 0.000000000000000000, 0.000000000000000000, -1.000000000000000000 ) ) ;
#1079 = CARTESIAN_POINT ( 'NONE',  ( 9.500000000000003553, 0.000000000000000000, 0.000000000000000000 ) ) ;
#1080 = LINE ( 'NONE', #3598, #7554 ) ;
#1081 = FACE_OUTER_BOUND ( 'NONE', #8196, .T. ) ;
#1082 = ORIENTED_EDGE ( 'NONE', *, *, #2422, .T. ) ;
#1083 = VECTOR ( 'NONE', #9668, 1000.000000000000000 ) ;
#1084 = DIRECTION ( 'NONE',  ( 0.000000000000000000, 1.000000000000000000, -0.000000000000000000 ) ) ;
#1085 = CIRCLE ( 'NONE', #9305, 0.5080000000000001181 ) ;
#1086 = ORIENTED_EDGE ( 'NONE', *, *, #8446, .T. ) ;
#1087 = ORIENTED_EDGE ( 'NONE', *, *, #1343, .F. ) ;
#1088 = LINE ( 'NONE', #8979, #8022 ) ;
#1089 = AXIS2_PLACEMENT_3D ( 'NONE', #143, #4029, #85 ) ;
#1090 = EDGE_CURVE ( 'NONE', #4494, #8707, #7952, .T. ) ;
#1091 = EDGE_CURVE ( 'NONE', #6424, #9510, #5569, .T. ) ;
#1092 = PRESENTATION_LAYER_ASSIGNMENT (  '', '', ( #9213 ) ) ;
#1093 = LINE ( 'NONE', #3561, #9426 ) ;
#1094 = PRESENTATION_STYLE_ASSIGNMENT (( #3303 ) ) ;
#1095 = DIRECTION ( 'NONE',  ( 0.000000000000000000, 0.000000000000000000, -1.000000000000000000 ) ) ;
#1096 = ADVANCED_FACE ( 'NONE', ( #9561 ), #3932, .T. ) ;
#1097 = LINE ( 'NONE', #9033, #5790 ) ;
#1098 = CARTESIAN_POINT ( 'NONE',  ( 1.589999999999999414, 1.600000000000000755, -9.340000000000003411 ) ) ;
#1099 = CARTESIAN_POINT ( 'NONE',  ( 0.000000000000000000, 3.000000000000000000, 0.000000000000000000 ) ) ;
#1100 = SURFACE_SIDE_STYLE ('',( #6759 ) ) ;
#1101 = CARTESIAN_POINT ( 'NONE',  ( -7.620000000000000107, 1.600000000000000089, 2.070000000000002505 ) ) ;
#1102 = ORIENTED_EDGE ( 'NONE', *, *, #1265, .F. ) ;
#1103 = EDGE_LOOP ( 'NONE', ( #506, #4484, #1353 ) ) ;
#1104 = ORIENTED_EDGE ( 'NONE', *, *, #4692, .F. ) ;
#1105 = FACE_OUTER_BOUND ( 'NONE', #3710, .T. ) ;
#1106 = DIRECTION ( 'NONE',  ( -0.000000000000000000, -1.000000000000000000, -0.000000000000000000 ) ) ;
#1107 = EDGE_CURVE ( 'NONE', #1578, #9953, #9586, .T. ) ;
#1108 = CLOSED_SHELL ( 'NONE', ( #1716, #4113, #4562, #2384, #276, #6741, #5695, #1063, #1304, #5342 ) ) ;
#1109 = LINE ( 'NONE', #6620, #7472 ) ;
#1110 = FACE_OUTER_BOUND ( 'NONE', #3735, .T. ) ;
#1111 = EDGE_CURVE ( 'NONE', #5459, #1479, #1910, .T. ) ;
#1112 = FACE_OUTER_BOUND ( 'NONE', #4896, .T. ) ;
#1113 = VECTOR ( 'NONE', #6362, 1000.000000000000000 ) ;
#1114 = CARTESIAN_POINT ( 'NONE',  ( -7.620000000000000995, 4.721281787984062284, -8.890000000000000568 ) ) ;
#1115 = VECTOR ( 'NONE', #4891, 1000.000000000000000 ) ;
#1116 = ORIENTED_EDGE ( 'NONE', *, *, #2457, .F. ) ;
#1117 = ORIENTED_EDGE ( 'NONE', *, *, #8411, .F. ) ;
#1118 = AXIS2_PLACEMENT_3D ( 'NONE', #1739, #7914, #10329 ) ;
#1119 = FACE_OUTER_BOUND ( 'NONE', #2575, .T. ) ;
#1120 = AXIS2_PLACEMENT_3D ( 'NONE', #4425, #1858, #4377 ) ;
#1121 = ADVANCED_FACE ( 'NONE', ( #48 ), #1681, .T. ) ;
#1122 = UNCERTAINTY_MEASURE_WITH_UNIT (LENGTH_MEASURE( 1.000000000000000082E-05 ), #9503, 'distance_accuracy_value', 'NONE');
#1123 = DIRECTION ( 'NONE',  ( -0.000000000000000000, -1.000000000000000000, -0.000000000000000000 ) ) ;
#1124 = DIRECTION ( 'NONE',  ( 0.000000000000000000, 0.000000000000000000, 1.000000000000000000 ) ) ;
#1125 = CARTESIAN_POINT ( 'NONE',  ( 9.500000000000003553, 1.600000000000000089, -5.549999999999998934 ) ) ;
#1126 = ORIENTED_EDGE ( 'NONE', *, *, #6728, .T. ) ;
#1127 = VERTEX_POINT ( 'NONE', #6456 ) ;
#1128 = AXIS2_PLACEMENT_3D ( 'NONE', #87, #2452, #5665 ) ;
#1129 = AXIS2_PLACEMENT_3D ( 'NONE', #7157, #4795, #7101 ) ;
#1130 = ORIENTED_EDGE ( 'NONE', *, *, #9868, .T. ) ;
#1131 = DIRECTION ( 'NONE',  ( -0.000000000000000000, -1.000000000000000000, -0.000000000000000000 ) ) ;
#1132 = ORIENTED_EDGE ( 'NONE', *, *, #7621, .F. ) ;
#1133 = AXIS2_PLACEMENT_3D ( 'NONE', #5563, #6354, #10251 ) ;
#1134 = VECTOR ( 'NONE', #6407, 1000.000000000000000 ) ;
#1135 = EDGE_CURVE ( 'NONE', #9908, #6413, #8057, .T. ) ;
#1136 = CARTESIAN_POINT ( 'NONE',  ( 7.620000000000162643, 0.000000000000000000, 6.350000000000003197 ) ) ;
#1137 = CIRCLE ( 'NONE', #3993, 0.5079999999999997851 ) ;
#1138 = DIRECTION ( 'NONE',  ( 1.000000000000000000, 0.000000000000000000, 0.000000000000000000 ) ) ;
#1139 = CARTESIAN_POINT ( 'NONE',  ( 6.349999999999999645, 1.600000000000000089, -4.930000000000001492 ) ) ;
#1140 = VECTOR ( 'NONE', #9592, 1000.000000000000000 ) ;
#1141 = ORIENTED_EDGE ( 'NONE', *, *, #4738, .T. ) ;
#1142 = CARTESIAN_POINT ( 'NONE',  ( -7.619999999999819806, 4.721281787984062284, 8.890000000000004121 ) ) ;
#1143 = VERTEX_POINT ( 'NONE', #2520 ) ;
#1144 = EDGE_LOOP ( 'NONE', ( #9577, #8704, #10217, #935 ) ) ;
#1145 = EDGE_LOOP ( 'NONE', ( #737, #4571 ) ) ;
#1146 = VECTOR ( 'NONE', #8389, 1000.000000000000000 ) ;
#1147 = FACE_OUTER_BOUND ( 'NONE', #3617, .T. ) ;
#1148 = CIRCLE ( 'NONE', #7338, 0.5080000000000050031 ) ;
#1149 = DIRECTION ( 'NONE',  ( -1.000000000000000000, 0.000000000000000000, 0.000000000000000000 ) ) ;
#1150 = FACE_OUTER_BOUND ( 'NONE', #5997, .T. ) ;
#1151 = PLANE ( 'NONE',  #7466 ) ;
#1152 = CARTESIAN_POINT ( 'NONE',  ( -6.000000000000001776, 3.270000000000000018, -9.390000000000000568 ) ) ;
#1153 = PLANE ( 'NONE',  #4262 ) ;
#1154 = AXIS2_PLACEMENT_3D ( 'NONE', #2368, #6269, #7965 ) ;
#1155 = SURFACE_STYLE_FILL_AREA ( #1989 ) ;
#1156 = DIRECTION ( 'NONE',  ( 0.000000000000000000, 0.000000000000000000, -1.000000000000000000 ) ) ;
#1157 = FACE_OUTER_BOUND ( 'NONE', #7144, .T. ) ;
#1158 = DIRECTION ( 'NONE',  ( 1.000000000000000000, 0.000000000000000000, 1.224646799147353207E-16 ) ) ;
#1159 = ORIENTED_EDGE ( 'NONE', *, *, #4123, .T. ) ;
#1160 = ORIENTED_EDGE ( 'NONE', *, *, #8849, .T. ) ;
#1161 = ORIENTED_EDGE ( 'NONE', *, *, #4872, .F. ) ;
#1162 = CARTESIAN_POINT ( 'NONE',  ( 0.000000000000000000, 1.600000000000000089, -3.009999999999998010 ) ) ;
#1163 = EDGE_CURVE ( 'NONE', #1479, #8416, #4139, .T. ) ;
#1164 = AXIS2_PLACEMENT_3D ( 'NONE', #8006, #838, #7377 ) ;
#1165 = AXIS2_PLACEMENT_3D ( 'NONE', #2709, #9813, #2661 ) ;
#1166 = CARTESIAN_POINT ( 'NONE',  ( 7.620000000000000107, 1.600000000000000089, -9.690000000000003055 ) ) ;
#1167 = DIRECTION ( 'NONE',  ( 9.227252531791528105E-16, 0.000000000000000000, -1.000000000000000000 ) ) ;
#1168 = SURFACE_STYLE_USAGE ( .BOTH. , #2844 ) ;
#1169 = DIRECTION ( 'NONE',  ( -0.000000000000000000, -1.000000000000000000, -0.000000000000000000 ) ) ;
#1170 = DIRECTION ( 'NONE',  ( 0.000000000000000000, 0.000000000000000000, -1.000000000000000000 ) ) ;
#1171 = DIRECTION ( 'NONE',  ( 1.000000000000000000, 0.000000000000000000, -0.000000000000000000 ) ) ;
#1172 = EDGE_LOOP ( 'NONE', ( #800, #7908, #7575, #3901 ) ) ;
#1173 = AXIS2_PLACEMENT_3D ( 'NONE', #866, #6428, #9581 ) ;
#1174 = CARTESIAN_POINT ( 'NONE',  ( 7.620000000000000107, 1.599999999999999867, -4.610000000000000320 ) ) ;
#1175 = EDGE_CURVE ( 'NONE', #5397, #1211, #9979, .T. ) ;
#1176 = VERTEX_POINT ( 'NONE', #7423 ) ;
#1177 = ADVANCED_FACE ( 'NONE', ( #2720 ), #1923, .F. ) ;
#1178 = EDGE_CURVE ( 'NONE', #10072, #6230, #6042, .T. ) ;
#1179 = CARTESIAN_POINT ( 'NONE',  ( 7.620000000000110241, 4.721281787984062284, 1.778000000000008241 ) ) ;
#1180 = LINE ( 'NONE', #9055, #8645 ) ;
#1181 = DIRECTION ( 'NONE',  ( -0.000000000000000000, -1.000000000000000000, -0.000000000000000000 ) ) ;
#1182 = CARTESIAN_POINT ( 'NONE',  ( 9.500000000000003553, 1.600000000000000089, 0.000000000000000000 ) ) ;
#1183 = CARTESIAN_POINT ( 'NONE',  ( 2.699999999999999289, 1.750000000000000000, -8.009999999999996234 ) ) ;
#1184 = ORIENTED_EDGE ( 'NONE', *, *, #8779, .T. ) ;
#1185 = ORIENTED_EDGE ( 'NONE', *, *, #7728, .T. ) ;
#1186 = EDGE_CURVE ( 'NONE', #738, #10120, #3453, .T. ) ;
#1187 = ORIENTED_EDGE ( 'NONE', *, *, #6912, .T. ) ;
#1188 = ORIENTED_EDGE ( 'NONE', *, *, #5086, .F. ) ;
#1189 = VERTEX_POINT ( 'NONE', #6658 ) ;
#1190 = DIRECTION ( 'NONE',  ( 0.000000000000000000, 0.000000000000000000, 1.000000000000000000 ) ) ;
#1191 = CARTESIAN_POINT ( 'NONE',  ( -7.620000000000000107, 0.000000000000000000, 0.4700000000000016387 ) ) ;
#1192 = CYLINDRICAL_SURFACE ( 'NONE', #3981, 0.3175000000000000600 ) ;
#1193 = PLANE ( 'NONE',  #5407 ) ;
#1194 = CARTESIAN_POINT ( 'NONE',  ( 6.000000000000001776, 1.600000000000000089, -4.930000000000001492 ) ) ;
#1195 = ORIENTED_EDGE ( 'NONE', *, *, #3858, .T. ) ;
#1196 = PLANE ( 'NONE',  #9480 ) ;
#1197 = EDGE_CURVE ( 'NONE', #10226, #7948, #5615, .T. ) ;
#1198 = VERTEX_POINT ( 'NONE', #5079 ) ;
#1199 = ORIENTED_EDGE ( 'NONE', *, *, #1748, .F. ) ;
#1200 = CARTESIAN_POINT ( 'NONE',  ( -7.620000000000000107, 1.600000000000000089, 7.150000000000003020 ) ) ;
#1201 = DIRECTION ( 'NONE',  ( -0.000000000000000000, 0.000000000000000000, 1.000000000000000000 ) ) ;
#1202 = CIRCLE ( 'NONE', #4073, 0.7999999999999994893 ) ;
#1203 = DIRECTION ( 'NONE',  ( -1.000000000000000000, 0.000000000000000000, 1.365923996832131609E-16 ) ) ;
#1204 = DIRECTION ( 'NONE',  ( -1.000000000000000000, 0.000000000000000000, 0.000000000000000000 ) ) ;
#1205 = DIRECTION ( 'NONE',  ( 0.000000000000000000, 0.000000000000000000, 1.000000000000000000 ) ) ;
#1206 = DIRECTION ( 'NONE',  ( 0.000000000000000000, 0.000000000000000000, 1.000000000000000000 ) ) ;
#1207 = DIRECTION ( 'NONE',  ( -1.000000000000000000, 0.000000000000000000, -0.000000000000000000 ) ) ;
#1208 = EDGE_CURVE ( 'NONE', #8185, #9226, #5109, .T. ) ;
#1209 = ORIENTED_EDGE ( 'NONE', *, *, #6392, .T. ) ;
#1210 = EDGE_LOOP ( 'NONE', ( #5352, #8514, #2247, #239 ) ) ;
#1211 = VERTEX_POINT ( 'NONE', #8309 ) ;
#1212 = ORIENTED_EDGE ( 'NONE', *, *, #4533, .F. ) ;
#1213 = CARTESIAN_POINT ( 'NONE',  ( 6.000000000000001776, 3.069999999999999840, -4.580000000000003624 ) ) ;
#1214 = AXIS2_PLACEMENT_3D ( 'NONE', #1099, #7428, #8163 ) ;
#1215 = VECTOR ( 'NONE', #9696, 1000.000000000000000 ) ;
#1216 = CARTESIAN_POINT ( 'NONE',  ( 0.000000000000000000, 1.600000000000000089, 0.4700000000000016387 ) ) ;
#1217 = LINE ( 'NONE', #4407, #2129 ) ;
#1218 = DIRECTION ( 'NONE',  ( -1.000000000000000000, 0.000000000000000000, -0.000000000000000000 ) ) ;
#1219 = CARTESIAN_POINT ( 'NONE',  ( -9.500000000000000000, 0.000000000000000000, -7.150000000000001243 ) ) ;
#1220 = CARTESIAN_POINT ( 'NONE',  ( -6.049999999999999822, 2.970000000000000195, -9.340000000000003411 ) ) ;
#1221 = CARTESIAN_POINT ( 'NONE',  ( 9.500000000000000000, 0.000000000000000000, -7.150000000000001243 ) ) ;
#1222 = ORIENTED_EDGE ( 'NONE', *, *, #9150, .T. ) ;
#1223 = CARTESIAN_POINT ( 'NONE',  ( -7.620000000000000995, 1.599999999999999867, -5.549999999999998934 ) ) ;
#1224 = VERTEX_POINT ( 'NONE', #6711 ) ;
#1225 = CYLINDRICAL_SURFACE ( 'NONE', #1823, 0.2999999999999999334 ) ;
#1226 = AXIS2_PLACEMENT_3D ( 'NONE', #2926, #571, #3765 ) ;
#1227 = EDGE_CURVE ( 'NONE', #3704, #6164, #5933, .T. ) ;
#1228 = EDGE_CURVE ( 'NONE', #6268, #7962, #1093, .T. ) ;
#1229 = DIRECTION ( 'NONE',  ( -1.000000000000000000, 0.000000000000000000, 1.365923996832131856E-16 ) ) ;
#1230 = DIRECTION ( 'NONE',  ( 0.000000000000000000, 0.000000000000000000, 1.000000000000000000 ) ) ;
#1231 = DIRECTION ( 'NONE',  ( 0.000000000000000000, 1.000000000000000000, -0.000000000000000000 ) ) ;
#1232 = DIRECTION ( 'NONE',  ( 1.000000000000000000, 0.000000000000000000, -0.000000000000000000 ) ) ;
#1233 = ORIENTED_EDGE ( 'NONE', *, *, #4701, .T. ) ;
#1234 = EDGE_LOOP ( 'NONE', ( #9125, #6209, #5538, #7116 ) ) ;
#1235 = EDGE_CURVE ( 'NONE', #2475, #616, #9078, .T. ) ;
#1236 = ORIENTED_EDGE ( 'NONE', *, *, #9534, .F. ) ;
#1237 = LINE ( 'NONE', #286, #9793 ) ;
#1238 = EDGE_LOOP ( 'NONE', ( #8992, #1053, #5196, #3711 ) ) ;
#1239 = ORIENTED_EDGE ( 'NONE', *, *, #3276, .T. ) ;
#1240 = DIRECTION ( 'NONE',  ( -1.000000000000000000, 0.000000000000000000, 0.000000000000000000 ) ) ;
#1241 = CARTESIAN_POINT ( 'NONE',  ( 9.500000000000000000, 4.721281787984062284, 3.010000000000002451 ) ) ;
#1242 = EDGE_CURVE ( 'NONE', #638, #1461, #9031, .T. ) ;
#1243 = DIRECTION ( 'NONE',  ( 0.000000000000000000, -0.000000000000000000, 1.000000000000000000 ) ) ;
#1244 = CARTESIAN_POINT ( 'NONE',  ( 9.500000000000000000, 4.721281787984062284, 4.610000000000000320 ) ) ;
#1245 = VERTEX_POINT ( 'NONE', #1877 ) ;
#1246 = EDGE_CURVE ( 'NONE', #9176, #929, #4190, .T. ) ;
#1247 = PLANE ( 'NONE',  #7318 ) ;
#1248 = EDGE_LOOP ( 'NONE', ( #6920, #2021, #4379, #5390 ) ) ;
#1249 = AXIS2_PLACEMENT_3D ( 'NONE', #1773, #98, #4141 ) ;
#1250 = ORIENTED_EDGE ( 'NONE', *, *, #2139, .F. ) ;
#1251 = CARTESIAN_POINT ( 'NONE',  ( 7.620000000000000107, 1.599999999999999867, 2.070000000000002505 ) ) ;
#1252 = ADVANCED_FACE ( 'NONE', ( #4981 ), #4287, .F. ) ;
#1253 = AXIS2_PLACEMENT_3D ( 'NONE', #5776, #940, #7225 ) ;
#1254 = FACE_OUTER_BOUND ( 'NONE', #9873, .T. ) ;
#1255 = FACE_OUTER_BOUND ( 'NONE', #3183, .T. ) ;
#1256 = DIRECTION ( 'NONE',  ( -0.000000000000000000, -1.000000000000000000, -0.000000000000000000 ) ) ;
#1257 = DIRECTION ( 'NONE',  ( -1.000000000000000000, -0.000000000000000000, -0.000000000000000000 ) ) ;
#1258 = CARTESIAN_POINT ( 'NONE',  ( 9.500000000000000000, 1.599999999999999867, 3.010000000000002451 ) ) ;
#1259 = CARTESIAN_POINT ( 'NONE',  ( 7.620000000000000107, 0.000000000000000000, 5.550000000000003375 ) ) ;
#1260 = CARTESIAN_POINT ( 'NONE',  ( 7.620000000000000107, 4.721281787984062284, -9.690000000000003055 ) ) ;
#1261 = EDGE_LOOP ( 'NONE', ( #3589, #7571, #10094, #1233 ) ) ;
#1262 = EDGE_LOOP ( 'NONE', ( #6193, #2528, #8320, #1636 ) ) ;
#1263 = ORIENTED_EDGE ( 'NONE', *, *, #6562, .T. ) ;
#1264 = VECTOR ( 'NONE', #1973, 1000.000000000000000 ) ;
#1265 = EDGE_CURVE ( 'NONE', #6424, #3378, #4345, .T. ) ;
#1266 = DIRECTION ( 'NONE',  ( 0.000000000000000000, -1.000000000000000000, 0.000000000000000000 ) ) ;
#1267 = CARTESIAN_POINT ( 'NONE',  ( 1.589999999999999636, 29.71055027400083759, -9.340000000000003411 ) ) ;
#1268 = CARTESIAN_POINT ( 'NONE',  ( -7.620000000000000107, 4.721281787984062284, -3.010000000000001119 ) ) ;
#1269 = CARTESIAN_POINT ( 'NONE',  ( -9.500000000000000000, 0.000000000000000000, 0.7620000000000002327 ) ) ;
#1270 = DIRECTION ( 'NONE',  ( 0.000000000000000000, 1.000000000000000000, -0.000000000000000000 ) ) ;
#1271 = CARTESIAN_POINT ( 'NONE',  ( -9.500000000000000000, 4.721281787984062284, 0.000000000000000000 ) ) ;
#1272 = ORIENTED_EDGE ( 'NONE', *, *, #2287, .T. ) ;
#1273 = DIRECTION ( 'NONE',  ( 0.000000000000000000, 1.000000000000000000, -0.000000000000000000 ) ) ;
#1274 = ORIENTED_EDGE ( 'NONE', *, *, #10101, .F. ) ;
#1275 = CARTESIAN_POINT ( 'NONE',  ( -9.500000000000000000, 1.599999999999999867, -1.778000000000000469 ) ) ;
#1276 = VECTOR ( 'NONE', #10170, 1000.000000000000000 ) ;
#1277 = LINE ( 'NONE', #8598, #618 ) ;
#1278 = DIRECTION ( 'NONE',  ( -1.000000000000000000, 0.000000000000000000, 0.000000000000000000 ) ) ;
#1279 = CARTESIAN_POINT ( 'NONE',  ( 3.969999999999999751, 3.000000000000000000, -9.009999999999996234 ) ) ;
#1280 = DIRECTION ( 'NONE',  ( 0.000000000000000000, -1.000000000000000000, 0.000000000000000000 ) ) ;
#1281 = ORIENTED_EDGE ( 'NONE', *, *, #2592, .F. ) ;
#1282 = ORIENTED_EDGE ( 'NONE', *, *, #7552, .F. ) ;
#1283 = ORIENTED_EDGE ( 'NONE', *, *, #8641, .T. ) ;
#1284 = COLOUR_RGB ( '',1.000000000000000000, 0.8117647058823529438, 0.5019607843137254832 ) ;
#1285 = VECTOR ( 'NONE', #1095, 1000.000000000000000 ) ;
#1286 = ORIENTED_EDGE ( 'NONE', *, *, #6602, .T. ) ;
#1287 = ORIENTED_EDGE ( 'NONE', *, *, #9214, .F. ) ;
#1288 = ADVANCED_FACE ( 'NONE', ( #405 ), #1045, .F. ) ;
#1289 = CARTESIAN_POINT ( 'NONE',  ( -7.619999999999814477, 4.721281787984062284, 8.890000000000000568 ) ) ;
#1290 = VECTOR ( 'NONE', #5890, 1000.000000000000000 ) ;
#1291 = LINE ( 'NONE', #1241, #6290 ) ;
#1292 = EDGE_CURVE ( 'NONE', #5598, #2007, #8159, .T. ) ;
#1293 = CARTESIAN_POINT ( 'NONE',  ( 0.000000000000000000, 4.721281787984062284, -7.150000000000001243 ) ) ;
#1294 = AXIS2_PLACEMENT_3D ( 'NONE', #5561, #8729, #4813 ) ;
#1295 = CARTESIAN_POINT ( 'NONE',  ( 7.620000000000135998, 4.721281787984062284, 3.810000000000002718 ) ) ;
#1296 =( NAMED_UNIT ( * ) SI_UNIT ( $, .STERADIAN. ) SOLID_ANGLE_UNIT ( ) );
#1297 = CIRCLE ( 'NONE', #5834, 0.5080000000000050031 ) ;
#1298 = ORIENTED_EDGE ( 'NONE', *, *, #3109, .F. ) ;
#1299 = AXIS2_PLACEMENT_3D ( 'NONE', #3770, #736, #6251 ) ;
#1300 = CIRCLE ( 'NONE', #460, 0.5079999999999997851 ) ;
#1301 = VERTEX_POINT ( 'NONE', #3406 ) ;
#1302 = EDGE_CURVE ( 'NONE', #7837, #990, #2614, .T. ) ;
#1303 = ORIENTED_EDGE ( 'NONE', *, *, #5742, .F. ) ;
#1304 = ADVANCED_FACE ( 'NONE', ( #306 ), #9352, .F. ) ;
#1305 = VECTOR ( 'NONE', #3708, 1000.000000000000000 ) ;
#1306 = DIRECTION ( 'NONE',  ( -1.000000000000000000, 0.000000000000000000, 0.000000000000000000 ) ) ;
#1307 = CIRCLE ( 'NONE', #7478, 0.7999999999999999334 ) ;
#1308 = ADVANCED_FACE ( 'NONE', ( #3872, #10139 ), #5453, .F. ) ;
#1309 = VECTOR ( 'NONE', #88, 1000.000000000000000 ) ;
#1310 = CARTESIAN_POINT ( 'NONE',  ( 0.000000000000000000, 1.600000000000000089, 4.610000000000002984 ) ) ;
#1311 = LINE ( 'NONE', #9980, #5239 ) ;
#1312 = DIRECTION ( 'NONE',  ( 0.000000000000000000, 0.000000000000000000, 1.000000000000000000 ) ) ;
#1313 = CARTESIAN_POINT ( 'NONE',  ( 6.349999999999999645, 1.600000000000000089, -4.930000000000001492 ) ) ;
#1314 =( LENGTH_UNIT ( ) NAMED_UNIT ( * ) SI_UNIT ( .MILLI., .METRE. ) );
#1315 = ORIENTED_EDGE ( 'NONE', *, *, #9052, .T. ) ;
#1316 = ORIENTED_EDGE ( 'NONE', *, *, #4746, .T. ) ;
#1317 = ADVANCED_FACE ( 'NONE', ( #1254 ), #4443, .T. ) ;
#1318 = AXIS2_PLACEMENT_3D ( 'NONE', #3414, #8210, #362 ) ;
#1319 = ORIENTED_EDGE ( 'NONE', *, *, #1071, .T. ) ;
#1320 = DIRECTION ( 'NONE',  ( -0.000000000000000000, 0.000000000000000000, -1.000000000000000000 ) ) ;
#1321 = LINE ( 'NONE', #2781, #8478 ) ;
#1322 = VECTOR ( 'NONE', #2693, 1000.000000000000000 ) ;
#1323 = CARTESIAN_POINT ( 'NONE',  ( 5.239999999999999325, 2.100000000000000089, -9.279999999999992255 ) ) ;
#1324 = DIRECTION ( 'NONE',  ( 1.000000000000000000, -0.000000000000000000, 0.000000000000000000 ) ) ;
#1325 = LINE ( 'NONE', #2944, #4560 ) ;
#1326 = FACE_BOUND ( 'NONE', #2836, .T. ) ;
#1327 = EDGE_LOOP ( 'NONE', ( #9485, #1556, #8053, #748 ) ) ;
#1328 = CARTESIAN_POINT ( 'NONE',  ( 9.500000000000000000, 0.000000000000000000, 0.000000000000000000 ) ) ;
#1329 = ORIENTED_EDGE ( 'NONE', *, *, #1011, .T. ) ;
#1330 = EDGE_CURVE ( 'NONE', #1479, #5459, #2083, .T. ) ;
#1331 = VECTOR ( 'NONE', #6181, 1000.000000000000000 ) ;
#1332 = STYLED_ITEM ( 'NONE', ( #5452 ), #8590 ) ;
#1333 = CARTESIAN_POINT ( 'NONE',  ( -7.620000000000000995, 0.000000000000000000, -8.382000000000001450 ) ) ;
#1334 = CARTESIAN_POINT ( 'NONE',  ( 7.620000000000060503, 4.721281787984062284, -3.810000000000000053 ) ) ;
#1335 = UNCERTAINTY_MEASURE_WITH_UNIT (LENGTH_MEASURE( 1.000000000000000082E-05 ), #7877, 'distance_accuracy_value', 'NONE');
#1336 = CARTESIAN_POINT ( 'NONE',  ( 3.969999999999999751, 3.000000000000000000, -8.209999999999995524 ) ) ;
#1337 = AXIS2_PLACEMENT_3D ( 'NONE', #2938, #2154, #2995 ) ;
#1338 = PLANE ( 'NONE',  #3717 ) ;
#1339 = LINE ( 'NONE', #9428, #2712 ) ;
#1340 = DIRECTION ( 'NONE',  ( -0.000000000000000000, -1.000000000000000000, -0.000000000000000000 ) ) ;
#1341 = VERTEX_POINT ( 'NONE', #2142 ) ;
#1342 = ORIENTED_EDGE ( 'NONE', *, *, #7191, .F. ) ;
#1343 = EDGE_CURVE ( 'NONE', #8177, #7002, #1455, .T. ) ;
#1344 = ORIENTED_EDGE ( 'NONE', *, *, #7138, .F. ) ;
#1345 = ORIENTED_EDGE ( 'NONE', *, *, #2340, .T. ) ;
#1346 = VECTOR ( 'NONE', #3605, 1000.000000000000000 ) ;
#1347 = DIRECTION ( 'NONE',  ( 0.000000000000000000, 0.000000000000000000, -1.000000000000000000 ) ) ;
#1348 = FACE_OUTER_BOUND ( 'NONE', #5865, .T. ) ;
#1349 = CARTESIAN_POINT ( 'NONE',  ( 1.389999999999999458, 2.970000000000000639, -9.340000000000003411 ) ) ;
#1350 = DIRECTION ( 'NONE',  ( -1.000000000000000000, 0.000000000000000000, 1.366641393889291440E-16 ) ) ;
#1351 = VERTEX_POINT ( 'NONE', #4502 ) ;
#1352 = MANIFOLD_SOLID_BREP ( 'Boss-Extrude7[13]', #5473 ) ;
#1353 = ORIENTED_EDGE ( 'NONE', *, *, #1395, .F. ) ;
#1354 = EDGE_CURVE ( 'NONE', #8357, #4598, #7737, .T. ) ;
#1355 = LINE ( 'NONE', #4544, #4670 ) ;
#1356 = EDGE_LOOP ( 'NONE', ( #6736, #1082, #10278, #1282 ) ) ;
#1357 = CARTESIAN_POINT ( 'NONE',  ( 6.505213034913197195E-16, 4.721281787984062284, 0.4700000000000122413 ) ) ;
#1358 = EDGE_CURVE ( 'NONE', #5912, #6229, #2035, .T. ) ;
#1359 = DIRECTION ( 'NONE',  ( 1.000000000000000000, -0.000000000000000000, 0.000000000000000000 ) ) ;
#1360 = EDGE_CURVE ( 'NONE', #9038, #7283, #7064, .T. ) ;
#1361 = FACE_OUTER_BOUND ( 'NONE', #10350, .T. ) ;
#1362 = CARTESIAN_POINT ( 'NONE',  ( 7.620000000000000107, 1.599999999999999867, 8.090000000000003411 ) ) ;
#1363 = LINE ( 'NONE', #3722, #3814 ) ;
#1364 = VERTEX_POINT ( 'NONE', #627 ) ;
#1365 = ADVANCED_FACE ( 'NONE', ( #8619 ), #6089, .F. ) ;
#1366 = ORIENTED_EDGE ( 'NONE', *, *, #3667, .F. ) ;
#1367 = ORIENTED_EDGE ( 'NONE', *, *, #606, .T. ) ;
#1368 = DIRECTION ( 'NONE',  ( 0.000000000000000000, 0.000000000000000000, 1.000000000000000000 ) ) ;
#1369 = LINE ( 'NONE', #2002, #4305 ) ;
#1370 = ADVANCED_FACE ( 'NONE', ( #519 ), #6914, .F. ) ;
#1371 = PLANE ( 'NONE',  #3320 ) ;
#1372 = DIRECTION ( 'NONE',  ( 0.000000000000000000, 0.000000000000000000, 1.000000000000000000 ) ) ;
#1373 = DIRECTION ( 'NONE',  ( 0.000000000000000000, -0.000000000000000000, 1.000000000000000000 ) ) ;
#1374 = DIRECTION ( 'NONE',  ( 0.000000000000000000, 0.000000000000000000, -1.000000000000000000 ) ) ;
#1375 = ORIENTED_EDGE ( 'NONE', *, *, #3750, .F. ) ;
#1376 = EDGE_CURVE ( 'NONE', #5171, #6048, #10085, .T. ) ;
#1377 = CARTESIAN_POINT ( 'NONE',  ( 9.500000000000003553, 0.000000000000000000, 0.000000000000000000 ) ) ;
#1378 = VERTEX_POINT ( 'NONE', #1609 ) ;
#1379 = AXIS2_PLACEMENT_3D ( 'NONE', #5595, #7303, #6542 ) ;
#1380 = CYLINDRICAL_SURFACE ( 'NONE', #7506, 0.5080000000000032268 ) ;
#1381 = CARTESIAN_POINT ( 'NONE',  ( -7.620000000000000107, 1.600000000000000089, 3.010000000000002451 ) ) ;
#1382 = EDGE_CURVE ( 'NONE', #3087, #2212, #9550, .T. ) ;
#1383 = MANIFOLD_SOLID_BREP ( 'Boss-Extrude7[11]', #1439 ) ;
#1384 = AXIS2_PLACEMENT_3D ( 'NONE', #2103, #5376, #6102 ) ;
#1385 = FACE_OUTER_BOUND ( 'NONE', #2262, .T. ) ;
#1386 = CARTESIAN_POINT ( 'NONE',  ( 9.500000000000000000, 4.721281787984062284, -5.841999999999999638 ) ) ;
#1387 = ORIENTED_EDGE ( 'NONE', *, *, #4003, .T. ) ;
#1388 = EDGE_LOOP ( 'NONE', ( #3951, #6985, #6095, #3736 ) ) ;
#1389 = EDGE_LOOP ( 'NONE', ( #9571, #3703, #6591, #6366 ) ) ;
#1390 = EDGE_LOOP ( 'NONE', ( #4534, #6693, #4282, #8449 ) ) ;
#1391 = CARTESIAN_POINT ( 'NONE',  ( -9.500000000000000000, 0.000000000000000000, 0.000000000000000000 ) ) ;
#1392 = CIRCLE ( 'NONE', #5422, 0.2999999999999999334 ) ;
#1393 = DIRECTION ( 'NONE',  ( 0.000000000000000000, 0.000000000000000000, -1.000000000000000000 ) ) ;
#1394 = DIRECTION ( 'NONE',  ( -1.000000000000000000, 0.000000000000000000, 0.000000000000000000 ) ) ;
#1395 = EDGE_CURVE ( 'NONE', #8440, #7682, #5297, .T. ) ;
#1396 = PLANE ( 'NONE',  #1780 ) ;
#1397 = LINE ( 'NONE', #562, #2554 ) ;
#1398 = DIRECTION ( 'NONE',  ( 1.000000000000000000, -0.000000000000000000, -1.384087879768729216E-15 ) ) ;
#1399 = ORIENTED_EDGE ( 'NONE', *, *, #9981, .T. ) ;
#1400 = VERTEX_POINT ( 'NONE', #2398 ) ;
#1401 = DIRECTION ( 'NONE',  ( 0.000000000000000000, -0.000000000000000000, -1.000000000000000000 ) ) ;
#1402 = ORIENTED_EDGE ( 'NONE', *, *, #7221, .F. ) ;
#1403 = DIRECTION ( 'NONE',  ( 1.000000000000000000, -0.000000000000000000, 0.000000000000000000 ) ) ;
#1404 = FACE_OUTER_BOUND ( 'NONE', #5152, .T. ) ;
#1405 = DIRECTION ( 'NONE',  ( -1.000000000000000000, 0.000000000000000000, -0.000000000000000000 ) ) ;
#1406 = DIRECTION ( 'NONE',  ( 0.000000000000000000, 1.000000000000000000, -0.000000000000000000 ) ) ;
#1407 = CARTESIAN_POINT ( 'NONE',  ( 9.500000000000003553, 1.600000000000000089, 11.00000000000000355 ) ) ;
#1408 = CARTESIAN_POINT ( 'NONE',  ( -9.499999999999996447, 1.600000000000000089, 9.690000000000004832 ) ) ;
#1409 = CARTESIAN_POINT ( 'NONE',  ( 9.500000000000000000, 0.000000000000000000, 9.689999999999999503 ) ) ;
#1410 = ORIENTED_EDGE ( 'NONE', *, *, #3031, .F. ) ;
#1411 = ORIENTED_EDGE ( 'NONE', *, *, #10308, .F. ) ;
#1412 = ORIENTED_EDGE ( 'NONE', *, *, #3216, .T. ) ;
#1413 = ADVANCED_FACE ( 'NONE', ( #3190 ), #883, .F. ) ;
#1414 = AXIS2_PLACEMENT_3D ( 'NONE', #1310, #2084, #4602 ) ;
#1415 = CARTESIAN_POINT ( 'NONE',  ( 9.500000000000000000, 0.000000000000000000, -3.009999999999999343 ) ) ;
#1416 = EDGE_CURVE ( 'NONE', #1027, #7560, #5626, .T. ) ;
#1417 = CARTESIAN_POINT ( 'NONE',  ( 9.500000000000000000, 1.599999999999999867, -1.270000000000000240 ) ) ;
#1418 = CARTESIAN_POINT ( 'NONE',  ( 2.699999999999999289, 1.600000000000000089, -7.139999999999997016 ) ) ;
#1419 = DIRECTION ( 'NONE',  ( 0.000000000000000000, -0.000000000000000000, 1.000000000000000000 ) ) ;
#1420 = LINE ( 'NONE', #6363, #7262 ) ;
#1421 = FACE_BOUND ( 'NONE', #9959, .T. ) ;
#1422 = ORIENTED_EDGE ( 'NONE', *, *, #5032, .T. ) ;
#1423 = CARTESIAN_POINT ( 'NONE',  ( 1.649371390057740323E-14, 4.721281787984062284, 7.150000000000019895 ) ) ;
#1424 = ORIENTED_EDGE ( 'NONE', *, *, #867, .T. ) ;
#1425 = VECTOR ( 'NONE', #9911, 1000.000000000000000 ) ;
#1426 = ADVANCED_FACE ( 'NONE', ( #2348 ), #8726, .F. ) ;
#1427 = DIRECTION ( 'NONE',  ( 1.000000000000000000, -0.000000000000000000, -9.227252531791528105E-16 ) ) ;
#1428 = EDGE_CURVE ( 'NONE', #7589, #105, #10294, .T. ) ;
#1429 = MANIFOLD_SOLID_BREP ( 'Boss-Extrude7[8]', #2116 ) ;
#1430 = CYLINDRICAL_SURFACE ( 'NONE', #8945, 0.3175000000000000600 ) ;
#1431 = CARTESIAN_POINT ( 'NONE',  ( -9.499999999999868550, 4.721281787984062284, 3.810000000000000941 ) ) ;
#1432 = ORIENTED_EDGE ( 'NONE', *, *, #2059, .F. ) ;
#1433 = VERTEX_POINT ( 'NONE', #2449 ) ;
#1434 = ORIENTED_EDGE ( 'NONE', *, *, #5766, .T. ) ;
#1435 = CYLINDRICAL_SURFACE ( 'NONE', #492, 0.7999999999999994893 ) ;
#1436 = ADVANCED_FACE ( 'NONE', ( #5661 ), #8827, .F. ) ;
#1437 = CARTESIAN_POINT ( 'NONE',  ( -7.619999999999845564, 4.721281787984062284, 6.858000000000004981 ) ) ;
#1438 = FACE_OUTER_BOUND ( 'NONE', #5061, .T. ) ;
#1439 = CLOSED_SHELL ( 'NONE', ( #8916, #4202, #110, #195, #74, #8279, #8906, #5175, #9070, #2962 ) ) ;
#1440 = CARTESIAN_POINT ( 'NONE',  ( 9.500000000000000000, 1.599999999999999867, 0.000000000000000000 ) ) ;
#1441 = DIRECTION ( 'NONE',  ( 0.000000000000000000, 0.000000000000000000, -1.000000000000000000 ) ) ;
#1442 = DIRECTION ( 'NONE',  ( 1.366641393889291440E-16, 0.000000000000000000, 1.000000000000000000 ) ) ;
#1443 = DIRECTION ( 'NONE',  ( -0.000000000000000000, -1.000000000000000000, -0.000000000000000000 ) ) ;
#1444 = EDGE_LOOP ( 'NONE', ( #8030, #6670, #4161, #2209 ) ) ;
#1445 = AXIS2_PLACEMENT_3D ( 'NONE', #7584, #9246, #9929 ) ;
#1446 = VECTOR ( 'NONE', #2217, 1000.000000000000000 ) ;
#1447 = EDGE_LOOP ( 'NONE', ( #1933, #4536, #9013, #9955 ) ) ;
#1448 = DIRECTION ( 'NONE',  ( 1.000000000000000000, 0.000000000000000000, 0.000000000000000000 ) ) ;
#1449 = VERTEX_POINT ( 'NONE', #6596 ) ;
#1450 = EDGE_CURVE ( 'NONE', #7779, #1994, #7569, .T. ) ;
#1451 = CIRCLE ( 'NONE', #7464, 0.2999999999999999334 ) ;
#1452 = FACE_OUTER_BOUND ( 'NONE', #6426, .T. ) ;
#1453 = MECHANICAL_DESIGN_GEOMETRIC_PRESENTATION_REPRESENTATION (  '', ( #9454 ), #2622 ) ;
#1454 = AXIS2_PLACEMENT_3D ( 'NONE', #10019, #4270, #9174 ) ;
#1455 = LINE ( 'NONE', #2925, #7600 ) ;
#1456 = PLANE ( 'NONE',  #9559 ) ;
#1457 = VECTOR ( 'NONE', #10260, 1000.000000000000000 ) ;
#1458 = DIRECTION ( 'NONE',  ( 0.000000000000000000, 1.000000000000000000, -0.000000000000000000 ) ) ;
#1459 = VERTEX_POINT ( 'NONE', #189 ) ;
#1460 = DIRECTION ( 'NONE',  ( 0.000000000000000000, 0.000000000000000000, 1.000000000000000000 ) ) ;
#1461 = VERTEX_POINT ( 'NONE', #3394 ) ;
#1462 = ORIENTED_EDGE ( 'NONE', *, *, #8086, .F. ) ;
#1463 = AXIS2_PLACEMENT_3D ( 'NONE', #631, #8574, #4605 ) ;
#1464 = VECTOR ( 'NONE', #2016, 1000.000000000000000 ) ;
#1465 = ORIENTED_EDGE ( 'NONE', *, *, #8841, .T. ) ;
#1466 = LINE ( 'NONE', #4036, #2506 ) ;
#1467 = AXIS2_PLACEMENT_3D ( 'NONE', #6401, #5609, #8776 ) ;
#1468 = DIRECTION ( 'NONE',  ( 0.000000000000000000, 0.000000000000000000, 1.000000000000000000 ) ) ;
#1469 = CARTESIAN_POINT ( 'NONE',  ( 6.000000000000001776, 29.71055027400083759, -4.930000000000001492 ) ) ;
#1470 = DIRECTION ( 'NONE',  ( 1.000000000000000000, -0.000000000000000000, 0.000000000000000000 ) ) ;
#1471 = CYLINDRICAL_SURFACE ( 'NONE', #5641, 0.8000000000000003775 ) ;
#1472 = FACE_OUTER_BOUND ( 'NONE', #5879, .T. ) ;
#1473 = VECTOR ( 'NONE', #5744, 1000.000000000000000 ) ;
#1474 = CARTESIAN_POINT ( 'NONE',  ( 9.500000000000003553, 1.600000000000000089, 0.000000000000000000 ) ) ;
#1475 = AXIS2_PLACEMENT_3D ( 'NONE', #654, #10216, #4721 ) ;
#1476 = DIRECTION ( 'NONE',  ( 0.000000000000000000, 0.000000000000000000, 1.000000000000000000 ) ) ;
#1477 = EDGE_LOOP ( 'NONE', ( #2776, #7513 ) ) ;
#1478 = CYLINDRICAL_SURFACE ( 'NONE', #2655, 0.8000000000000003775 ) ;
#1479 = VERTEX_POINT ( 'NONE', #9755 ) ;
#1480 = VERTEX_POINT ( 'NONE', #8971 ) ;
#1481 = EDGE_CURVE ( 'NONE', #8139, #5637, #4334, .T. ) ;
#1482 = AXIS2_PLACEMENT_3D ( 'NONE', #4110, #123, #6479 ) ;
#1483 = CARTESIAN_POINT ( 'NONE',  ( -9.500000000000000000, 0.000000000000000000, 2.070000000000002505 ) ) ;
#1484 = CARTESIAN_POINT ( 'NONE',  ( -9.500000000000000000, 0.000000000000000000, 0.000000000000000000 ) ) ;
#1485 = DIRECTION ( 'NONE',  ( 0.000000000000000000, 0.000000000000000000, 1.000000000000000000 ) ) ;
#1486 = ADVANCED_FACE ( 'NONE', ( #1081 ), #4277, .T. ) ;
#1487 = ADVANCED_FACE ( 'NONE', ( #4226 ), #344, .F. ) ;
#1488 = EDGE_LOOP ( 'NONE', ( #6748, #6572, #5686, #4650 ) ) ;
#1489 = EDGE_LOOP ( 'NONE', ( #1298, #8496 ) ) ;
#1490 = AXIS2_PLACEMENT_3D ( 'NONE', #4302, #3471, #260 ) ;
#1491 = STYLED_ITEM ( 'NONE', ( #2930 ), #8541 ) ;
#1492 = EDGE_CURVE ( 'NONE', #6353, #2715, #5768, .T. ) ;
#1493 = VERTEX_POINT ( 'NONE', #2606 ) ;
#1494 = CARTESIAN_POINT ( 'NONE',  ( -7.619999999999947704, 1.600000000000000089, -3.810000000000000053 ) ) ;
#1495 = FACE_OUTER_BOUND ( 'NONE', #3648, .T. ) ;
#1496 = CARTESIAN_POINT ( 'NONE',  ( -9.500000000000000000, 4.721281787984062284, 0.000000000000000000 ) ) ;
#1497 = VECTOR ( 'NONE', #6097, 1000.000000000000000 ) ;
#1498 = CARTESIAN_POINT ( 'NONE',  ( -7.619999999999897078, 0.000000000000000000, 1.270000000000002016 ) ) ;
#1499 = CARTESIAN_POINT ( 'NONE',  ( 6.000000000000003553, 3.069999999999999840, 9.340000000000006963 ) ) ;
#1500 = PRESENTATION_STYLE_ASSIGNMENT (( #7397 ) ) ;
#1501 = ADVANCED_FACE ( 'NONE', ( #1818 ), #5025, .F. ) ;
#1502 = FACE_OUTER_BOUND ( 'NONE', #6467, .T. ) ;
#1503 = ORIENTED_EDGE ( 'NONE', *, *, #3376, .T. ) ;
#1504 = ORIENTED_EDGE ( 'NONE', *, *, #1925, .F. ) ;
#1505 = ADVANCED_FACE ( 'NONE', ( #9024 ), #7468, .F. ) ;
#1507 = CARTESIAN_POINT ( 'NONE',  ( -9.500000000000000000, 0.000000000000000000, -3.009999999999999787 ) ) ;
#1506 = VECTOR ( 'NONE', #9829, 1000.000000000000000 ) ;
#1508 = ORIENTED_EDGE ( 'NONE', *, *, #7248, .T. ) ;
#1509 = DIRECTION ( 'NONE',  ( 0.000000000000000000, 1.000000000000000000, 0.000000000000000000 ) ) ;
#1510 =( GEOMETRIC_REPRESENTATION_CONTEXT ( 3 ) GLOBAL_UNCERTAINTY_ASSIGNED_CONTEXT ( ( #8651 ) ) GLOBAL_UNIT_ASSIGNED_CONTEXT ( ( #8257, #411, #5256 ) ) REPRESENTATION_CONTEXT ( 'NONE', 'WORKASPACE' ) );
#1511 = DIRECTION ( 'NONE',  ( -1.186541365237213826E-16, 0.000000000000000000, -1.000000000000000000 ) ) ;
#1512 = FILL_AREA_STYLE ('',( #3971 ) ) ;
#1513 = DIRECTION ( 'NONE',  ( -0.000000000000000000, -1.000000000000000000, -0.000000000000000000 ) ) ;
#1514 = EDGE_CURVE ( 'NONE', #5262, #8732, #2662, .T. ) ;
#1515 = DIRECTION ( 'NONE',  ( 0.000000000000000000, 0.000000000000000000, -1.000000000000000000 ) ) ;
#1516 = ORIENTED_EDGE ( 'NONE', *, *, #10238, .F. ) ;
#1517 = FACE_OUTER_BOUND ( 'NONE', #9064, .T. ) ;
#1518 = ORIENTED_EDGE ( 'NONE', *, *, #9348, .T. ) ;
#1519 = VERTEX_POINT ( 'NONE', #7369 ) ;
#1520 = VERTEX_POINT ( 'NONE', #5817 ) ;
#1521 = CARTESIAN_POINT ( 'NONE',  ( 7.620000000000110241, 0.000000000000000000, 1.270000000000002016 ) ) ;
#1522 = MANIFOLD_SOLID_BREP ( 'Boss-Extrude5[1]', #5638 ) ;
#1523 = CARTESIAN_POINT ( 'NONE',  ( 6.000000000000001776, 3.270000000000000018, -4.580000000000003624 ) ) ;
#1524 = DIRECTION ( 'NONE',  ( 0.000000000000000000, 0.000000000000000000, -1.000000000000000000 ) ) ;
#1525 = EDGE_CURVE ( 'NONE', #1189, #9623, #933, .T. ) ;
#1526 = CARTESIAN_POINT ( 'NONE',  ( -7.620000000000000107, 1.599999999999999867, -2.069999999999998508 ) ) ;
#1527 = CARTESIAN_POINT ( 'NONE',  ( 0.000000000000000000, 0.000000000000000000, -2.069999999999998508 ) ) ;
#1528 = CYLINDRICAL_SURFACE ( 'NONE', #5415, 0.8000000000000003775 ) ;
#1529 = FACE_BOUND ( 'NONE', #1568, .T. ) ;
#1530 = EDGE_LOOP ( 'NONE', ( #4535, #7586, #1399, #1250 ) ) ;
#1531 = DIRECTION ( 'NONE',  ( 0.000000000000000000, -0.000000000000000000, -1.000000000000000000 ) ) ;
#1532 = VERTEX_POINT ( 'NONE', #236 ) ;
#1533 = VERTEX_POINT ( 'NONE', #6857 ) ;
#1534 = PLANE ( 'NONE',  #6029 ) ;
#1535 = CARTESIAN_POINT ( 'NONE',  ( -7.619999999999975238, 4.721281787984062284, -6.349999999999999645 ) ) ;
#1536 = UNCERTAINTY_MEASURE_WITH_UNIT (LENGTH_MEASURE( 1.000000000000000082E-05 ), #7021, 'distance_accuracy_value', 'NONE');
#1537 = CARTESIAN_POINT ( 'NONE',  ( -7.620000000000000107, 1.599999999999999867, 4.610000000000000320 ) ) ;
#1538 = VECTOR ( 'NONE', #2471, 1000.000000000000000 ) ;
#1539 = FILL_AREA_STYLE_COLOUR ( '', #968 ) ;
#1540 = ORIENTED_EDGE ( 'NONE', *, *, #9140, .F. ) ;
#1541 = ORIENTED_EDGE ( 'NONE', *, *, #4962, .F. ) ;
#1542 = ORIENTED_EDGE ( 'NONE', *, *, #2053, .T. ) ;
#1543 = PLANE ( 'NONE',  #8511 ) ;
#1544 = FACE_OUTER_BOUND ( 'NONE', #7946, .T. ) ;
#1545 = EDGE_CURVE ( 'NONE', #8877, #878, #7778, .T. ) ;
#1546 = EDGE_CURVE ( 'NONE', #5771, #1449, #2028, .T. ) ;
#1547 = CIRCLE ( 'NONE', #4057, 0.7999999999999999334 ) ;
#1548 = DIRECTION ( 'NONE',  ( 0.000000000000000000, 0.000000000000000000, 1.000000000000000000 ) ) ;
#1549 = CARTESIAN_POINT ( 'NONE',  ( -7.619999999999814477, 1.600000000000000089, 8.890000000000000568 ) ) ;
#1550 = EDGE_CURVE ( 'NONE', #7672, #8659, #2185, .T. ) ;
#1551 = CARTESIAN_POINT ( 'NONE',  ( 0.000000000000000000, 3.270000000000000018, 0.000000000000000000 ) ) ;
#1552 = DIRECTION ( 'NONE',  ( 0.000000000000000000, 1.000000000000000000, -0.000000000000000000 ) ) ;
#1553 = ORIENTED_EDGE ( 'NONE', *, *, #5671, .F. ) ;
#1554 = CARTESIAN_POINT ( 'NONE',  ( 0.000000000000000000, 0.000000000000000000, 9.690000000000004832 ) ) ;
#1555 = VECTOR ( 'NONE', #2006, 1000.000000000000000 ) ;
#1556 = ORIENTED_EDGE ( 'NONE', *, *, #6129, .F. ) ;
#1557 = DIRECTION ( 'NONE',  ( 0.000000000000000000, 1.000000000000000000, -0.000000000000000000 ) ) ;
#1558 = ORIENTED_EDGE ( 'NONE', *, *, #4027, .F. ) ;
#1559 = CARTESIAN_POINT ( 'NONE',  ( -9.499999999999996447, 1.600000000000000089, 3.010000000000002451 ) ) ;
#1560 = ADVANCED_FACE ( 'NONE', ( #8612 ), #10028, .F. ) ;
#1561 = EDGE_CURVE ( 'NONE', #2966, #965, #563, .T. ) ;
#1562 = DIRECTION ( 'NONE',  ( 1.000000000000000000, 0.000000000000000000, 9.227252531791528105E-16 ) ) ;
#1563 =( NAMED_UNIT ( * ) SI_UNIT ( $, .STERADIAN. ) SOLID_ANGLE_UNIT ( ) );
#1564 = DIRECTION ( 'NONE',  ( -0.000000000000000000, -1.000000000000000000, -0.000000000000000000 ) ) ;
#1565 = CARTESIAN_POINT ( 'NONE',  ( -2.083052259051932157E-15, 0.000000000000000000, -3.009999999999992681 ) ) ;
#1566 = ORIENTED_EDGE ( 'NONE', *, *, #6765, .F. ) ;
#1567 = DIRECTION ( 'NONE',  ( 0.000000000000000000, 0.000000000000000000, -1.000000000000000000 ) ) ;
#1568 = EDGE_LOOP ( 'NONE', ( #3438, #565 ) ) ;
#1569 = ORIENTED_EDGE ( 'NONE', *, *, #2762, .T. ) ;
#1570 = EDGE_CURVE ( 'NONE', #5798, #3643, #3810, .T. ) ;
#1571 = DIRECTION ( 'NONE',  ( 0.000000000000000000, 0.000000000000000000, 1.000000000000000000 ) ) ;
#1572 = CARTESIAN_POINT ( 'NONE',  ( 7.620000000000057838, 4.721281787984062284, -3.809999999999999165 ) ) ;
#1573 = CARTESIAN_POINT ( 'NONE',  ( 0.000000000000000000, 1.599999999999999867, -5.549999999999998934 ) ) ;
#1574 = FACE_OUTER_BOUND ( 'NONE', #8108, .T. ) ;
#1575 = DIRECTION ( 'NONE',  ( -1.000000000000000000, 0.000000000000000000, 0.000000000000000000 ) ) ;
#1576 = CARTESIAN_POINT ( 'NONE',  ( -7.620000000000000107, 0.000000000000000000, -8.090000000000001634 ) ) ;
#1577 = DIRECTION ( 'NONE',  ( 1.000000000000000000, 0.000000000000000000, -0.000000000000000000 ) ) ;
#1578 = VERTEX_POINT ( 'NONE', #6191 ) ;
#1579 = DIRECTION ( 'NONE',  ( 0.000000000000000000, 0.000000000000000000, 1.000000000000000000 ) ) ;
#1580 = EDGE_LOOP ( 'NONE', ( #6312, #5437, #7342, #676 ) ) ;
#1581 = ORIENTED_EDGE ( 'NONE', *, *, #9688, .F. ) ;
#1582 = AXIS2_PLACEMENT_3D ( 'NONE', #3838, #7034, #6309 ) ;
#1583 = EDGE_CURVE ( 'NONE', #4742, #7671, #7012, .T. ) ;
#1584 = CARTESIAN_POINT ( 'NONE',  ( -9.500000000000000000, 4.721281787984062284, 2.070000000000002505 ) ) ;
#1585 = DIRECTION ( 'NONE',  ( 0.000000000000000000, 0.000000000000000000, -1.000000000000000000 ) ) ;
#1586 = PLANE ( 'NONE',  #1642 ) ;
#1587 = VECTOR ( 'NONE', #4447, 1000.000000000000000 ) ;
#1588 = EDGE_LOOP ( 'NONE', ( #1635, #3219 ) ) ;
#1589 = ORIENTED_EDGE ( 'NONE', *, *, #8149, .F. ) ;
#1590 = ORIENTED_EDGE ( 'NONE', *, *, #9774, .T. ) ;
#1591 = ORIENTED_EDGE ( 'NONE', *, *, #4376, .T. ) ;
#1592 = LINE ( 'NONE', #4789, #316 ) ;
#1593 = AXIS2_PLACEMENT_3D ( 'NONE', #6502, #7264, #6350 ) ;
#1594 = CARTESIAN_POINT ( 'NONE',  ( -9.500000000000000000, 4.721281787984062284, 0.000000000000000000 ) ) ;
#1595 = MECHANICAL_DESIGN_GEOMETRIC_PRESENTATION_REPRESENTATION (  '', ( #1759 ), #3273 ) ;
#1596 = DIRECTION ( 'NONE',  ( 1.000000000000000000, -0.000000000000000000, 0.000000000000000000 ) ) ;
#1597 = CARTESIAN_POINT ( 'NONE',  ( -7.620000000000000995, 1.599999999999999867, -8.890000000000000568 ) ) ;
#1598 = FACE_OUTER_BOUND ( 'NONE', #5772, .T. ) ;
#1599 = CYLINDRICAL_SURFACE ( 'NONE', #296, 0.5079999999999997851 ) ;
#1600 = EDGE_CURVE ( 'NONE', #3051, #2683, #8562, .T. ) ;
#1601 = MANIFOLD_SOLID_BREP ( 'Boss-Extrude5[2]', #261 ) ;
#1602 = ORIENTED_EDGE ( 'NONE', *, *, #3481, .T. ) ;
#1603 = LINE ( 'NONE', #8043, #4638 ) ;
#1604 = ORIENTED_EDGE ( 'NONE', *, *, #9290, .F. ) ;
#1605 = EDGE_CURVE ( 'NONE', #3479, #503, #5349, .T. ) ;
#1606 = CLOSED_SHELL ( 'NONE', ( #1031, #1436, #1252, #391, #9731, #9418, #6155, #2741, #9854, #9530 ) ) ;
#1607 = AXIS2_PLACEMENT_3D ( 'NONE', #8259, #1990, #5204 ) ;
#1608 =( NAMED_UNIT ( * ) SI_UNIT ( $, .STERADIAN. ) SOLID_ANGLE_UNIT ( ) );
#1609 = CARTESIAN_POINT ( 'NONE',  ( 7.620000000000000107, 1.599999999999999867, -8.089999999999998082 ) ) ;
#1610 = VECTOR ( 'NONE', #870, 1000.000000000000000 ) ;
#1611 = CARTESIAN_POINT ( 'NONE',  ( -7.619999999999870433, 1.599999999999999867, 4.318000000000003169 ) ) ;
#1612 = FACE_OUTER_BOUND ( 'NONE', #2427, .T. ) ;
#1613 = ORIENTED_EDGE ( 'NONE', *, *, #975, .T. ) ;
#1614 = EDGE_CURVE ( 'NONE', #7670, #2937, #7832, .T. ) ;
#1615 = CARTESIAN_POINT ( 'NONE',  ( 7.620000000000000107, 1.600000000000000089, 4.610000000000002984 ) ) ;
#1616 = EDGE_CURVE ( 'NONE', #7401, #5230, #5796, .T. ) ;
#1617 = AXIS2_PLACEMENT_3D ( 'NONE', #5147, #9930, #3567 ) ;
#1618 = ORIENTED_EDGE ( 'NONE', *, *, #7705, .T. ) ;
#1619 = ORIENTED_EDGE ( 'NONE', *, *, #9871, .T. ) ;
#1620 = EDGE_CURVE ( 'NONE', #5771, #5076, #2817, .T. ) ;
#1621 = LINE ( 'NONE', #7950, #5698 ) ;
#1622 = VECTOR ( 'NONE', #5988, 1000.000000000000000 ) ;
#1623 = VECTOR ( 'NONE', #7666, 1000.000000000000000 ) ;
#1624 = CARTESIAN_POINT ( 'NONE',  ( -9.499999999999996447, 1.600000000000000089, -4.609999999999998543 ) ) ;
#1625 = CARTESIAN_POINT ( 'NONE',  ( 7.620000000000164420, 4.721281787984062284, 6.349999999999999645 ) ) ;
#1626 = DIRECTION ( 'NONE',  ( -0.000000000000000000, -1.000000000000000000, -0.000000000000000000 ) ) ;
#1627 = CARTESIAN_POINT ( 'NONE',  ( 9.500000000000000000, 1.599999999999999867, 2.070000000000002505 ) ) ;
#1628 = VECTOR ( 'NONE', #6249, 1000.000000000000000 ) ;
#1629 = FACE_OUTER_BOUND ( 'NONE', #1447, .T. ) ;
#1630 = VECTOR ( 'NONE', #8912, 1000.000000000000000 ) ;
#1631 = EDGE_CURVE ( 'NONE', #6450, #4802, #6128, .T. ) ;
#1632 = DIRECTION ( 'NONE',  ( 1.000000000000000000, 0.000000000000000000, 0.000000000000000000 ) ) ;
#1633 = ORIENTED_EDGE ( 'NONE', *, *, #6184, .F. ) ;
#1634 = DIRECTION ( 'NONE',  ( 0.000000000000000000, 1.000000000000000000, -0.000000000000000000 ) ) ;
#1635 = ORIENTED_EDGE ( 'NONE', *, *, #5729, .F. ) ;
#1636 = ORIENTED_EDGE ( 'NONE', *, *, #8895, .F. ) ;
#1637 = AXIS2_PLACEMENT_3D ( 'NONE', #3118, #6335, #9490 ) ;
#1638 = VECTOR ( 'NONE', #8689, 1000.000000000000000 ) ;
#1639 = ORIENTED_EDGE ( 'NONE', *, *, #345, .F. ) ;
#1640 = CARTESIAN_POINT ( 'NONE',  ( 3.219999999999999751, 1.600000000000000089, -6.439999999999992397 ) ) ;
#1641 = PLANE ( 'NONE',  #2959 ) ;
#1642 = AXIS2_PLACEMENT_3D ( 'NONE', #4781, #7968, #4005 ) ;
#1643 = MANIFOLD_SOLID_BREP ( 'Boss-Extrude7[9]', #1108 ) ;
#1644 = AXIS2_PLACEMENT_3D ( 'NONE', #7660, #4366, #5952 ) ;
#1645 = CARTESIAN_POINT ( 'NONE',  ( -9.500000000000000000, 4.721281787984062284, -6.857999999999996987 ) ) ;
#1646 = PLANE ( 'NONE',  #5919 ) ;
#1647 = EDGE_CURVE ( 'NONE', #4598, #10194, #4206, .T. ) ;
#1648 = VERTEX_POINT ( 'NONE', #3755 ) ;
#1649 = ORIENTED_EDGE ( 'NONE', *, *, #4134, .T. ) ;
#1650 = ORIENTED_EDGE ( 'NONE', *, *, #7372, .T. ) ;
#1651 = VECTOR ( 'NONE', #2159, 1000.000000000000000 ) ;
#1652 = ORIENTED_EDGE ( 'NONE', *, *, #6901, .T. ) ;
#1653 = CARTESIAN_POINT ( 'NONE',  ( -9.500000000000000000, 4.721281787984062284, -4.609999999999998543 ) ) ;
#1654 = AXIS2_PLACEMENT_3D ( 'NONE', #3998, #5524, #7862 ) ;
#1655 = DIRECTION ( 'NONE',  ( 1.000000000000000000, 0.000000000000000000, -1.186541365237213826E-16 ) ) ;
#1656 = PLANE ( 'NONE',  #3637 ) ;
#1657 = DIRECTION ( 'NONE',  ( 0.000000000000000000, 0.000000000000000000, -1.000000000000000000 ) ) ;
#1658 = AXIS2_PLACEMENT_3D ( 'NONE', #1289, #2968, #3650 ) ;
#1659 = DIRECTION ( 'NONE',  ( -0.000000000000000000, -1.000000000000000000, -0.000000000000000000 ) ) ;
#1660 = EDGE_CURVE ( 'NONE', #3843, #2737, #10286, .T. ) ;
#1661 = DIRECTION ( 'NONE',  ( 0.000000000000000000, 0.000000000000000000, 1.000000000000000000 ) ) ;
#1662 = ORIENTED_EDGE ( 'NONE', *, *, #6883, .T. ) ;
#1663 = FACE_OUTER_BOUND ( 'NONE', #1234, .T. ) ;
#1664 = ORIENTED_EDGE ( 'NONE', *, *, #6308, .T. ) ;
#1665 = VECTOR ( 'NONE', #7437, 1000.000000000000000 ) ;
#1666 = AXIS2_PLACEMENT_3D ( 'NONE', #9706, #831, #4028 ) ;
#1667 = DIRECTION ( 'NONE',  ( 0.000000000000000000, 0.000000000000000000, -1.000000000000000000 ) ) ;
#1668 = DIRECTION ( 'NONE',  ( 0.000000000000000000, 0.000000000000000000, -1.000000000000000000 ) ) ;
#1669 = FACE_OUTER_BOUND ( 'NONE', #3294, .T. ) ;
#1670 = EDGE_CURVE ( 'NONE', #5598, #9173, #3122, .T. ) ;
#1671 = CIRCLE ( 'NONE', #3844, 0.5080000000000006732 ) ;
#1672 = DIRECTION ( 'NONE',  ( 0.000000000000000000, 0.000000000000000000, -1.000000000000000000 ) ) ;
#1673 = ORIENTED_EDGE ( 'NONE', *, *, #7409, .T. ) ;
#1674 = ORIENTED_EDGE ( 'NONE', *, *, #4342, .F. ) ;
#1675 = MANIFOLD_SOLID_BREP ( 'Boss-Extrude7[3]', #271 ) ;
#1676 = VECTOR ( 'NONE', #9349, 1000.000000000000000 ) ;
#1677 = EDGE_CURVE ( 'NONE', #886, #9176, #5001, .T. ) ;
#1678 = EDGE_CURVE ( 'NONE', #8877, #10226, #8668, .T. ) ;
#1679 = CYLINDRICAL_SURFACE ( 'NONE', #7312, 0.1999999999999996503 ) ;
#1680 = DIRECTION ( 'NONE',  ( 0.000000000000000000, 1.000000000000000000, -0.000000000000000000 ) ) ;
#1681 = PLANE ( 'NONE',  #2425 ) ;
#1682 = LINE ( 'NONE', #8691, #1113 ) ;
#1683 = EDGE_CURVE ( 'NONE', #3757, #7574, #1698, .T. ) ;
#1684 = CARTESIAN_POINT ( 'NONE',  ( -7.620000000000000107, 0.000000000000000000, 5.550000000000003375 ) ) ;
#1685 = SURFACE_STYLE_FILL_AREA ( #8884 ) ;
#1686 = FACE_OUTER_BOUND ( 'NONE', #6081, .T. ) ;
#1687 = CARTESIAN_POINT ( 'NONE',  ( -9.499999999999996447, 1.600000000000000089, 2.070000000000002505 ) ) ;
#1688 = VERTEX_POINT ( 'NONE', #4102 ) ;
#1689 = CARTESIAN_POINT ( 'NONE',  ( 9.500000000000003553, 1.600000000000000089, 9.690000000000004832 ) ) ;
#1690 = ORIENTED_EDGE ( 'NONE', *, *, #3794, .F. ) ;
#1691 = ORIENTED_EDGE ( 'NONE', *, *, #10208, .F. ) ;
#1692 = ORIENTED_EDGE ( 'NONE', *, *, #7302, .F. ) ;
#1693 = LINE ( 'NONE', #3262, #7178 ) ;
#1694 = ADVANCED_FACE ( 'NONE', ( #1741 ), #115, .F. ) ;
#1695 = DIRECTION ( 'NONE',  ( -0.000000000000000000, -1.000000000000000000, -0.000000000000000000 ) ) ;
#1696 = DIRECTION ( 'NONE',  ( -1.000000000000000000, 0.000000000000000000, 0.000000000000000000 ) ) ;
#1697 = EDGE_CURVE ( 'NONE', #9523, #7948, #960, .T. ) ;
#1698 = LINE ( 'NONE', #8074, #2080 ) ;
#1699 = EDGE_LOOP ( 'NONE', ( #10360, #9172, #3329, #2242, #8042, #5721 ) ) ;
#1700 = EDGE_LOOP ( 'NONE', ( #2366, #3325, #8044, #4159 ) ) ;
#1701 = ORIENTED_EDGE ( 'NONE', *, *, #4227, .T. ) ;
#1702 = ORIENTED_EDGE ( 'NONE', *, *, #606, .F. ) ;
#1703 = LINE ( 'NONE', #2645, #8666 ) ;
#1704 = EDGE_CURVE ( 'NONE', #9197, #1127, #8112, .T. ) ;
#1705 = CARTESIAN_POINT ( 'NONE',  ( 7.620000000000000107, 1.599999999999999867, 4.610000000000002984 ) ) ;
#1706 = AXIS2_PLACEMENT_3D ( 'NONE', #7125, #4770, #7956 ) ;
#1707 = CARTESIAN_POINT ( 'NONE',  ( 6.350000000000001421, 2.970000000000000639, 9.340000000000008740 ) ) ;
#1708 = CARTESIAN_POINT ( 'NONE',  ( 6.050000000000001599, 3.270000000000000018, 9.340000000000006963 ) ) ;
#1709 = LINE ( 'NONE', #4322, #9976 ) ;
#1710 = PLANE ( 'NONE',  #6832 ) ;
#1711 = ORIENTED_EDGE ( 'NONE', *, *, #6525, .T. ) ;
#1712 = CARTESIAN_POINT ( 'NONE',  ( 9.500000000000000000, 0.000000000000000000, 0.000000000000000000 ) ) ;
#1713 = VERTEX_POINT ( 'NONE', #2784 ) ;
#1714 = ORIENTED_EDGE ( 'NONE', *, *, #9200, .F. ) ;
#1715 = AXIS2_PLACEMENT_3D ( 'NONE', #1295, #6079, #8561 ) ;
#1716 = ADVANCED_FACE ( 'NONE', ( #2847 ), #2890, .F. ) ;
#1717 = FACE_OUTER_BOUND ( 'NONE', #10362, .T. ) ;
#1718 = AXIS2_PLACEMENT_3D ( 'NONE', #10112, #661, #1230 ) ;
#1719 = LINE ( 'NONE', #3978, #7005 ) ;
#1720 = EDGE_LOOP ( 'NONE', ( #5185, #442, #4991, #9001, #1195, #2910 ) ) ;
#1721 = ORIENTED_EDGE ( 'NONE', *, *, #7254, .T. ) ;
#1722 = DIRECTION ( 'NONE',  ( 0.000000000000000000, 0.000000000000000000, 1.000000000000000000 ) ) ;
#1723 = CIRCLE ( 'NONE', #8571, 0.7999999999999986011 ) ;
#1724 = CARTESIAN_POINT ( 'NONE',  ( 6.049999999999999822, 3.270000000000000018, -4.580000000000003624 ) ) ;
#1725 = DIRECTION ( 'NONE',  ( -0.000000000000000000, -1.000000000000000000, -0.000000000000000000 ) ) ;
#1726 = FACE_OUTER_BOUND ( 'NONE', #780, .T. ) ;
#1727 = FILL_AREA_STYLE ('',( #2409 ) ) ;
#1728 = FACE_OUTER_BOUND ( 'NONE', #3024, .T. ) ;
#1729 = DIRECTION ( 'NONE',  ( 0.000000000000000000, 1.000000000000000000, -0.000000000000000000 ) ) ;
#1730 = PRESENTATION_STYLE_ASSIGNMENT (( #9567 ) ) ;
#1731 = DIRECTION ( 'NONE',  ( 0.000000000000000000, 1.000000000000000000, -0.000000000000000000 ) ) ;
#1732 = EDGE_LOOP ( 'NONE', ( #8622, #4268, #9807, #3647 ) ) ;
#1733 = LINE ( 'NONE', #7341, #3495 ) ;
#1734 = VERTEX_POINT ( 'NONE', #9844 ) ;
#1735 = ORIENTED_EDGE ( 'NONE', *, *, #5671, .T. ) ;
#1736 = VERTEX_POINT ( 'NONE', #9999 ) ;
#1737 = EDGE_CURVE ( 'NONE', #5262, #7709, #370, .T. ) ;
#1738 = CARTESIAN_POINT ( 'NONE',  ( 7.620000000000000107, 4.721281787984062284, -3.009999999999998010 ) ) ;
#1739 = CARTESIAN_POINT ( 'NONE',  ( -7.619999999999814477, 0.000000000000000000, 8.890000000000000568 ) ) ;
#1740 = DIRECTION ( 'NONE',  ( -0.000000000000000000, -1.000000000000000000, -0.000000000000000000 ) ) ;
#1741 = FACE_OUTER_BOUND ( 'NONE', #7199, .T. ) ;
#1742 = ORIENTED_EDGE ( 'NONE', *, *, #842, .F. ) ;
#1743 = VERTEX_POINT ( 'NONE', #6678 ) ;
#1744 = AXIS2_PLACEMENT_3D ( 'NONE', #1220, #265, #5098 ) ;
#1745 = EDGE_LOOP ( 'NONE', ( #8947, #2752, #953, #8031 ) ) ;
#1746 = EDGE_CURVE ( 'NONE', #2477, #2117, #4955, .T. ) ;
#1747 = ORIENTED_EDGE ( 'NONE', *, *, #257, .F. ) ;
#1748 = EDGE_CURVE ( 'NONE', #6814, #1578, #3686, .T. ) ;
#1749 = CARTESIAN_POINT ( 'NONE',  ( -9.499999999999948486, 0.000000000000000000, -3.810000000000000053 ) ) ;
#1750 = CARTESIAN_POINT ( 'NONE',  ( -7.619999999999819806, 1.599999999999999867, 9.398000000000003240 ) ) ;
#1751 = VECTOR ( 'NONE', #2929, 1000.000000000000000 ) ;
#1752 = LINE ( 'NONE', #974, #9783 ) ;
#1753 = LINE ( 'NONE', #8231, #9133 ) ;
#1754 = EDGE_CURVE ( 'NONE', #3783, #6873, #6007, .T. ) ;
#1755 = ORIENTED_EDGE ( 'NONE', *, *, #5116, .F. ) ;
#1756 = CARTESIAN_POINT ( 'NONE',  ( 6.349999999999999645, 1.600000000000000089, -4.580000000000003624 ) ) ;
#1757 = ORIENTED_EDGE ( 'NONE', *, *, #8757, .F. ) ;
#1758 = VERTEX_POINT ( 'NONE', #3625 ) ;
#1759 = STYLED_ITEM ( 'NONE', ( #5873 ), #1522 ) ;
#1760 = LINE ( 'NONE', #2555, #2851 ) ;
#1761 = PLANE ( 'NONE',  #9669 ) ;
#1762 = CARTESIAN_POINT ( 'NONE',  ( -7.619999999999870433, 4.721281787984062284, 3.810000000000002718 ) ) ;
#1763 = AXIS2_PLACEMENT_3D ( 'NONE', #5266, #5165, #9893 ) ;
#1764 = DIRECTION ( 'NONE',  ( 0.000000000000000000, 0.000000000000000000, -1.000000000000000000 ) ) ;
#1765 = ADVANCED_FACE ( 'NONE', ( #1112 ), #7442, .F. ) ;
#1766 = ORIENTED_EDGE ( 'NONE', *, *, #784, .T. ) ;
#1767 = EDGE_LOOP ( 'NONE', ( #7131, #132, #119, #10016 ) ) ;
#1768 = ORIENTED_EDGE ( 'NONE', *, *, #5808, .T. ) ;
#1769 = CARTESIAN_POINT ( 'NONE',  ( -9.499999999999996447, 0.000000000000000000, -0.000000000000000000 ) ) ;
#1770 = DIRECTION ( 'NONE',  ( -0.000000000000000000, -1.000000000000000000, -0.000000000000000000 ) ) ;
#1771 = CARTESIAN_POINT ( 'NONE',  ( 7.620000000000084484, 0.000000000000000000, -1.269999999999998463 ) ) ;
#1772 = AXIS2_PLACEMENT_3D ( 'NONE', #9619, #9677, #9568 ) ;
#1773 = CARTESIAN_POINT ( 'NONE',  ( 0.000000000000000000, 1.750000000000000000, 0.000000000000000000 ) ) ;
#1774 = PRESENTATION_STYLE_ASSIGNMENT (( #4878 ) ) ;
#1775 = FACE_OUTER_BOUND ( 'NONE', #2907, .T. ) ;
#1776 = DIRECTION ( 'NONE',  ( -1.000000000000000000, 0.000000000000000000, -0.000000000000000000 ) ) ;
#1777 = VERTEX_POINT ( 'NONE', #8220 ) ;
#1778 = CIRCLE ( 'NONE', #9121, 0.9499999999999995115 ) ;
#1779 = LINE ( 'NONE', #2476, #978 ) ;
#1780 = AXIS2_PLACEMENT_3D ( 'NONE', #614, #3807, #7009 ) ;
#1781 = ORIENTED_EDGE ( 'NONE', *, *, #9179, .T. ) ;
#1782 = ORIENTED_EDGE ( 'NONE', *, *, #289, .F. ) ;
#1783 = ADVANCED_BREP_SHAPE_REPRESENTATION ( 'Core1262-868M', ( #5153, #8491, #4902, #1522, #1601, #5128, #8523, #5092, #5107, #8541, #1675, #8590, #8383, #4866, #8570, #1429, #1643, #8453, #1383, #5009, #1352, #8435, #4917, #8508, #8055 ), #5567 ) ;
#1784 = VECTOR ( 'NONE', #495, 1000.000000000000000 ) ;
#1785 = DIRECTION ( 'NONE',  ( 1.000000000000000000, 0.000000000000000000, -1.365923996832131609E-16 ) ) ;
#1786 = CARTESIAN_POINT ( 'NONE',  ( -9.500000000000000000, 1.599999999999999867, 0.000000000000000000 ) ) ;
#1787 = VECTOR ( 'NONE', #1937, 1000.000000000000000 ) ;
#1788 = VECTOR ( 'NONE', #1131, 1000.000000000000000 ) ;
#1789 = DIRECTION ( 'NONE',  ( -0.000000000000000000, -1.000000000000000000, -0.000000000000000000 ) ) ;
#1790 = FACE_OUTER_BOUND ( 'NONE', #8023, .T. ) ;
#1791 = VECTOR ( 'NONE', #8609, 1000.000000000000000 ) ;
#1792 = AXIS2_PLACEMENT_3D ( 'NONE', #5693, #8071, #8376 ) ;
#1793 = ORIENTED_EDGE ( 'NONE', *, *, #9228, .T. ) ;
#1794 = ADVANCED_FACE ( 'NONE', ( #2735 ), #5899, .F. ) ;
#1795 = VERTEX_POINT ( 'NONE', #8272 ) ;
#1796 = VECTOR ( 'NONE', #6560, 1000.000000000000000 ) ;
#1797 = CIRCLE ( 'NONE', #1129, 0.5080000000000032268 ) ;
#1798 = EDGE_LOOP ( 'NONE', ( #6342, #4523, #2312, #949 ) ) ;
#1799 = CARTESIAN_POINT ( 'NONE',  ( -9.499999999999813483, 0.000000000000000000, 8.890000000000000568 ) ) ;
#1800 = VECTOR ( 'NONE', #4071, 1000.000000000000000 ) ;
#1801 = DIRECTION ( 'NONE',  ( 1.000000000000000000, -0.000000000000000000, 0.000000000000000000 ) ) ;
#1802 = ADVANCED_FACE ( 'NONE', ( #9205 ), #10053, .T. ) ;
#1803 = EDGE_CURVE ( 'NONE', #8170, #2477, #6884, .T. ) ;
#1804 = FACE_OUTER_BOUND ( 'NONE', #2975, .T. ) ;
#1805 = DIRECTION ( 'NONE',  ( 0.000000000000000000, 1.000000000000000000, -0.000000000000000000 ) ) ;
#1806 = LINE ( 'NONE', #5059, #4988 ) ;
#1807 = VERTEX_POINT ( 'NONE', #1269 ) ;
#1808 = EDGE_CURVE ( 'NONE', #2401, #2625, #3578, .T. ) ;
#1809 = VECTOR ( 'NONE', #2050, 1000.000000000000000 ) ;
#1810 = VECTOR ( 'NONE', #5501, 1000.000000000000000 ) ;
#1811 = ORIENTED_EDGE ( 'NONE', *, *, #3422, .T. ) ;
#1812 = LINE ( 'NONE', #3235, #9124 ) ;
#1813 = EDGE_LOOP ( 'NONE', ( #9004, #5785, #2162, #4611 ) ) ;
#1814 = CARTESIAN_POINT ( 'NONE',  ( -6.000000000000001776, 29.71055027400083759, -9.690000000000001279 ) ) ;
#1815 = VECTOR ( 'NONE', #3429, 1000.000000000000000 ) ;
#1816 = EDGE_CURVE ( 'NONE', #7920, #6423, #6770, .T. ) ;
#1817 = CARTESIAN_POINT ( 'NONE',  ( 0.000000000000000000, 1.599999999999999867, -2.069999999999998508 ) ) ;
#1818 = FACE_OUTER_BOUND ( 'NONE', #9546, .T. ) ;
#1819 = EDGE_CURVE ( 'NONE', #4908, #8190, #5441, .T. ) ;
#1820 = DIRECTION ( 'NONE',  ( 0.000000000000000000, -0.000000000000000000, 1.000000000000000000 ) ) ;
#1821 = ORIENTED_EDGE ( 'NONE', *, *, #5708, .T. ) ;
#1822 = VERTEX_POINT ( 'NONE', #7655 ) ;
#1823 = AXIS2_PLACEMENT_3D ( 'NONE', #4415, #7604, #3635 ) ;
#1824 = AXIS2_PLACEMENT_3D ( 'NONE', #2397, #5715, #4125 ) ;
#1825 = ORIENTED_EDGE ( 'NONE', *, *, #3403, .F. ) ;
#1826 = PLANE ( 'NONE',  #4683 ) ;
#1827 = EDGE_CURVE ( 'NONE', #7231, #3675, #428, .T. ) ;
#1828 = DIRECTION ( 'NONE',  ( -1.000000000000000000, -0.000000000000000000, -0.000000000000000000 ) ) ;
#1829 = AXIS2_PLACEMENT_3D ( 'NONE', #214, #9149, #7539 ) ;
#1830 = DIRECTION ( 'NONE',  ( 0.000000000000000000, 0.000000000000000000, -1.000000000000000000 ) ) ;
#1831 = DIRECTION ( 'NONE',  ( -1.000000000000000000, -0.000000000000000000, -0.000000000000000000 ) ) ;
#1832 = CARTESIAN_POINT ( 'NONE',  ( -6.505213034912861929E-16, 1.599999999999999867, -0.4699999999999880385 ) ) ;
#1833 = DIRECTION ( 'NONE',  ( 8.659560562355009279E-17, -0.7071067811865414665, 0.7071067811865536790 ) ) ;
#1834 = CARTESIAN_POINT ( 'NONE',  ( 0.000000000000000000, 3.069999999999999840, -4.580000000000003624 ) ) ;
#1835 = DIRECTION ( 'NONE',  ( 1.000000000000000000, 0.000000000000000000, 0.000000000000000000 ) ) ;
#1836 = ORIENTED_EDGE ( 'NONE', *, *, #6063, .T. ) ;
#1837 = CARTESIAN_POINT ( 'NONE',  ( 7.620000000000057838, 4.721281787984062284, -4.318000000000004057 ) ) ;
#1838 = ORIENTED_EDGE ( 'NONE', *, *, #9832, .F. ) ;
#1839 = ORIENTED_EDGE ( 'NONE', *, *, #4600, .F. ) ;
#1840 = MECHANICAL_DESIGN_GEOMETRIC_PRESENTATION_REPRESENTATION (  '', ( #3526 ), #7029 ) ;
#1841 = DIRECTION ( 'NONE',  ( -1.000000000000000000, 0.000000000000000000, 0.000000000000000000 ) ) ;
#1842 = CARTESIAN_POINT ( 'NONE',  ( 5.039999999999999147, 2.100000000000000089, -7.139999999999995239 ) ) ;
#1843 = EDGE_CURVE ( 'NONE', #10203, #2477, #4308, .T. ) ;
#1844 = CARTESIAN_POINT ( 'NONE',  ( -9.499999999999996447, 0.000000000000000000, 5.550000000000003375 ) ) ;
#1845 = CARTESIAN_POINT ( 'NONE',  ( 8.941207703305983145E-15, 1.599999999999999867, -9.689999999999992397 ) ) ;
#1846 = COLOUR_RGB ( '',1.000000000000000000, 0.8117647058823529438, 0.5019607843137254832 ) ;
#1847 = CARTESIAN_POINT ( 'NONE',  ( 0.000000000000000000, 4.721281787984062284, -2.069999999999998508 ) ) ;
#1848 = ORIENTED_EDGE ( 'NONE', *, *, #941, .F. ) ;
#1849 = ORIENTED_EDGE ( 'NONE', *, *, #9266, .T. ) ;
#1850 = EDGE_LOOP ( 'NONE', ( #7461, #8211, #9343, #5996 ) ) ;
#1851 = DIRECTION ( 'NONE',  ( 0.000000000000000000, 0.000000000000000000, 1.000000000000000000 ) ) ;
#1852 = CARTESIAN_POINT ( 'NONE',  ( 3.219999999999999751, 1.750000000000000000, -6.439999999999992397 ) ) ;
#1853 = CARTESIAN_POINT ( 'NONE',  ( -9.500000000000000000, 4.721281787984062284, -1.778000000000000469 ) ) ;
#1854 = CARTESIAN_POINT ( 'NONE',  ( 7.620000000000000107, 1.600000000000000089, -4.610000000000000320 ) ) ;
#1855 = ORIENTED_EDGE ( 'NONE', *, *, #5766, .F. ) ;
#1856 = VERTEX_POINT ( 'NONE', #3476 ) ;
#1857 = ORIENTED_EDGE ( 'NONE', *, *, #272, .T. ) ;
#1858 = DIRECTION ( 'NONE',  ( -0.000000000000000000, -1.000000000000000000, -0.000000000000000000 ) ) ;
#1859 = EDGE_CURVE ( 'NONE', #5639, #7850, #7597, .T. ) ;
#1860 = ORIENTED_EDGE ( 'NONE', *, *, #1862, .T. ) ;
#1861 = ORIENTED_EDGE ( 'NONE', *, *, #8046, .T. ) ;
#1862 = EDGE_CURVE ( 'NONE', #6146, #6790, #6829, .T. ) ;
#1863 = CARTESIAN_POINT ( 'NONE',  ( 7.620000000000162643, 4.721281787984062284, 6.350000000000003197 ) ) ;
#1864 = DIRECTION ( 'NONE',  ( 0.000000000000000000, 0.000000000000000000, -1.000000000000000000 ) ) ;
#1865 = ADVANCED_FACE ( 'NONE', ( #4676 ), #7707, .F. ) ;
#1866 = CARTESIAN_POINT ( 'NONE',  ( 7.620000000000192841, 0.000000000000000000, 8.890000000000000568 ) ) ;
#1867 = DIRECTION ( 'NONE',  ( -0.000000000000000000, -0.000000000000000000, 1.000000000000000000 ) ) ;
#1868 = VERTEX_POINT ( 'NONE', #5465 ) ;
#1869 = DIRECTION ( 'NONE',  ( -1.000000000000000000, 0.000000000000000000, -0.000000000000000000 ) ) ;
#1870 = ORIENTED_EDGE ( 'NONE', *, *, #2492, .F. ) ;
#1871 = ORIENTED_EDGE ( 'NONE', *, *, #9847, .F. ) ;
#1872 = ORIENTED_EDGE ( 'NONE', *, *, #9228, .F. ) ;
#1873 = EDGE_CURVE ( 'NONE', #5525, #5874, #8489, .T. ) ;
#1874 = DIRECTION ( 'NONE',  ( 1.000000000000000000, 0.000000000000000000, -1.186541365237213826E-16 ) ) ;
#1875 = ADVANCED_FACE ( 'NONE', ( #3096 ), #10314, .F. ) ;
#1876 = VECTOR ( 'NONE', #589, 1000.000000000000000 ) ;
#1877 = CARTESIAN_POINT ( 'NONE',  ( 9.500000000000000000, 1.599999999999999867, -4.610000000000000320 ) ) ;
#1878 = FACE_OUTER_BOUND ( 'NONE', #3813, .T. ) ;
#1879 = DIRECTION ( 'NONE',  ( 0.000000000000000000, 0.000000000000000000, 1.000000000000000000 ) ) ;
#1880 = DIRECTION ( 'NONE',  ( 1.000000000000000000, -0.000000000000000000, -0.000000000000000000 ) ) ;
#1881 = DIRECTION ( 'NONE',  ( -1.000000000000000000, -0.000000000000000000, 1.366641393889291440E-16 ) ) ;
#1882 = DIRECTION ( 'NONE',  ( 0.000000000000000000, 0.000000000000000000, -1.000000000000000000 ) ) ;
#1883 = ORIENTED_EDGE ( 'NONE', *, *, #2641, .T. ) ;
#1884 = DIRECTION ( 'NONE',  ( 0.000000000000000000, 0.000000000000000000, 1.000000000000000000 ) ) ;
#1885 = ORIENTED_EDGE ( 'NONE', *, *, #8795, .T. ) ;
#1886 = ORIENTED_EDGE ( 'NONE', *, *, #7559, .F. ) ;
#1887 = EDGE_CURVE ( 'NONE', #7434, #2532, #8758, .T. ) ;
#1888 = AXIS2_PLACEMENT_3D ( 'NONE', #3434, #2015, #331 ) ;
#1889 = DIRECTION ( 'NONE',  ( 0.000000000000000000, 0.000000000000000000, -1.000000000000000000 ) ) ;
#1890 = CARTESIAN_POINT ( 'NONE',  ( 1.939999999999998170, 29.71055027400083759, -4.930000000000001492 ) ) ;
#1891 = CARTESIAN_POINT ( 'NONE',  ( 6.350000000000001421, 29.71055027400083759, 9.690000000000004832 ) ) ;
#1892 = CARTESIAN_POINT ( 'NONE',  ( 9.500000000000000000, 0.000000000000000000, 0.000000000000000000 ) ) ;
#1893 = FACE_OUTER_BOUND ( 'NONE', #169, .T. ) ;
#1894 = ORIENTED_EDGE ( 'NONE', *, *, #5073, .F. ) ;
#1895 = DIRECTION ( 'NONE',  ( 1.000000000000000000, -0.000000000000000000, 0.000000000000000000 ) ) ;
#1896 = ORIENTED_EDGE ( 'NONE', *, *, #7244, .F. ) ;
#1897 = EDGE_CURVE ( 'NONE', #9967, #8965, #9312, .T. ) ;
#1898 = LINE ( 'NONE', #9163, #1979 ) ;
#1899 = DIRECTION ( 'NONE',  ( -0.000000000000000000, -1.000000000000000000, -0.000000000000000000 ) ) ;
#1900 = PLANE ( 'NONE',  #8629 ) ;
#1901 = CARTESIAN_POINT ( 'NONE',  ( 7.620000000000164420, 0.000000000000000000, 6.349999999999999645 ) ) ;
#1902 = DIRECTION ( 'NONE',  ( 0.000000000000000000, -0.7071067811865414665, -0.7071067811865536790 ) ) ;
#1903 = DIRECTION ( 'NONE',  ( -0.000000000000000000, -1.000000000000000000, 0.000000000000000000 ) ) ;
#1904 = EDGE_LOOP ( 'NONE', ( #3340, #7770, #10033, #1960 ) ) ;
#1905 = VERTEX_POINT ( 'NONE', #5375 ) ;
#1906 = VERTEX_POINT ( 'NONE', #10099 ) ;
#1907 = DIRECTION ( 'NONE',  ( 0.000000000000000000, 0.000000000000000000, -1.000000000000000000 ) ) ;
#1908 = ORIENTED_EDGE ( 'NONE', *, *, #6864, .F. ) ;
#1909 = ORIENTED_EDGE ( 'NONE', *, *, #2112, .F. ) ;
#1910 = CIRCLE ( 'NONE', #1253, 0.5080000000000050031 ) ;
#1911 = AXIS2_PLACEMENT_3D ( 'NONE', #8786, #8014, #3305 ) ;
#1912 = CARTESIAN_POINT ( 'NONE',  ( 0.000000000000000000, 1.600000000000000089, -4.609999999999998543 ) ) ;
#1913 = FACE_BOUND ( 'NONE', #6355, .T. ) ;
#1914 = EDGE_CURVE ( 'NONE', #9738, #1906, #3779, .T. ) ;
#1915 = ORIENTED_EDGE ( 'NONE', *, *, #752, .T. ) ;
#1916 = CYLINDRICAL_SURFACE ( 'NONE', #9135, 0.5079999999999997851 ) ;
#1917 = VECTOR ( 'NONE', #9194, 1000.000000000000000 ) ;
#1918 = ORIENTED_EDGE ( 'NONE', *, *, #9266, .F. ) ;
#1919 = VERTEX_POINT ( 'NONE', #6980 ) ;
#1920 = EDGE_CURVE ( 'NONE', #7963, #9860, #4520, .T. ) ;
#1921 = VERTEX_POINT ( 'NONE', #6217 ) ;
#1922 = EDGE_CURVE ( 'NONE', #4412, #6600, #7802, .T. ) ;
#1923 = PLANE ( 'NONE',  #8093 ) ;
#1924 = PLANE ( 'NONE',  #3572 ) ;
#1925 = EDGE_CURVE ( 'NONE', #5912, #4993, #8091, .T. ) ;
#1926 = LINE ( 'NONE', #2770, #6805 ) ;
#1927 = LINE ( 'NONE', #3517, #7774 ) ;
#1928 = CARTESIAN_POINT ( 'NONE',  ( -7.620000000000000107, 1.600000000000000089, -3.009999999999999787 ) ) ;
#1929 = CARTESIAN_POINT ( 'NONE',  ( 3.219999999999999751, 1.750000000000000000, -9.479999999999995097 ) ) ;
#1930 = DIRECTION ( 'NONE',  ( 0.000000000000000000, 0.000000000000000000, -1.000000000000000000 ) ) ;
#1931 = ORIENTED_EDGE ( 'NONE', *, *, #6172, .T. ) ;
#1932 = EDGE_CURVE ( 'NONE', #3796, #105, #588, .T. ) ;
#1933 = ORIENTED_EDGE ( 'NONE', *, *, #6392, .F. ) ;
#1934 = ORIENTED_EDGE ( 'NONE', *, *, #4275, .T. ) ;
#1935 = DIRECTION ( 'NONE',  ( -0.000000000000000000, 1.000000000000000000, 0.000000000000000000 ) ) ;
#1936 = DIRECTION ( 'NONE',  ( 0.000000000000000000, 0.000000000000000000, 1.000000000000000000 ) ) ;
#1937 = DIRECTION ( 'NONE',  ( 0.000000000000000000, 0.000000000000000000, -1.000000000000000000 ) ) ;
#1938 = ADVANCED_FACE ( 'NONE', ( #2943 ), #3001, .T. ) ;
#1939 = CARTESIAN_POINT ( 'NONE',  ( 7.620000000000000107, 1.600000000000000089, 4.610000000000002984 ) ) ;
#1940 = CARTESIAN_POINT ( 'NONE',  ( 2.699999999999999289, 2.100000000000000089, -9.279999999999992255 ) ) ;
#1941 = VECTOR ( 'NONE', #2724, 1000.000000000000000 ) ;
#1942 = LINE ( 'NONE', #5166, #3395 ) ;
#1943 = VECTOR ( 'NONE', #7867, 1000.000000000000000 ) ;
#1944 = ORIENTED_EDGE ( 'NONE', *, *, #3895, .F. ) ;
#1945 = DIRECTION ( 'NONE',  ( 0.000000000000000000, 1.000000000000000000, -0.000000000000000000 ) ) ;
#1946 = ORIENTED_EDGE ( 'NONE', *, *, #8540, .F. ) ;
#1947 = VECTOR ( 'NONE', #6527, 1000.000000000000000 ) ;
#1948 = COLOUR_RGB ( '',0.000000000000000000, 0.000000000000000000, 0.5019607843137254832 ) ;
#1949 = CARTESIAN_POINT ( 'NONE',  ( 9.500000000000003553, 1.600000000000000089, 0.000000000000000000 ) ) ;
#1950 = CIRCLE ( 'NONE', #8961, 0.7999999999999999334 ) ;
#1951 = PRODUCT_DEFINITION_CONTEXT ( 'detailed design', #3065, 'design' ) ;
#1952 = LINE ( 'NONE', #8391, #5332 ) ;
#1953 = EDGE_CURVE ( 'NONE', #8032, #8706, #1420, .T. ) ;
#1954 = CIRCLE ( 'NONE', #8306, 0.8000000000000003775 ) ;
#1955 = VECTOR ( 'NONE', #2047, 1000.000000000000000 ) ;
#1956 = DIRECTION ( 'NONE',  ( -0.000000000000000000, -1.000000000000000000, -0.000000000000000000 ) ) ;
#1957 = CARTESIAN_POINT ( 'NONE',  ( 7.620000000000135998, 4.721281787984062284, 3.810000000000002718 ) ) ;
#1958 = PLANE ( 'NONE',  #2729 ) ;
#1959 = CARTESIAN_POINT ( 'NONE',  ( 1.240000000000002434, 3.069999999999999840, 0.000000000000000000 ) ) ;
#1960 = ORIENTED_EDGE ( 'NONE', *, *, #6575, .T. ) ;
#1961 = ORIENTED_EDGE ( 'NONE', *, *, #7236, .T. ) ;
#1962 = AXIS2_PLACEMENT_3D ( 'NONE', #741, #6406, #3931 ) ;
#1963 = VECTOR ( 'NONE', #9171, 1000.000000000000000 ) ;
#1964 = ORIENTED_EDGE ( 'NONE', *, *, #6172, .F. ) ;
#1965 = DIRECTION ( 'NONE',  ( -1.000000000000000000, 0.000000000000000000, 0.000000000000000000 ) ) ;
#1966 = EDGE_LOOP ( 'NONE', ( #8905, #8237, #1811, #8290 ) ) ;
#1967 = ORIENTED_EDGE ( 'NONE', *, *, #420, .F. ) ;
#1968 = VECTOR ( 'NONE', #3231, 1000.000000000000000 ) ;
#1969 = DIRECTION ( 'NONE',  ( 0.000000000000000000, -0.000000000000000000, 1.000000000000000000 ) ) ;
#1970 = CARTESIAN_POINT ( 'NONE',  ( 7.620000000000000107, 0.000000000000000000, 4.610000000000002984 ) ) ;
#1971 = ADVANCED_FACE ( 'NONE', ( #1472 ), #7857, .F. ) ;
#1972 = FACE_OUTER_BOUND ( 'NONE', #3413, .T. ) ;
#1973 = DIRECTION ( 'NONE',  ( -0.000000000000000000, -1.000000000000000000, -0.000000000000000000 ) ) ;
#1974 = CIRCLE ( 'NONE', #7827, 0.8000000000000012657 ) ;
#1975 = ORIENTED_EDGE ( 'NONE', *, *, #7019, .F. ) ;
#1976 = LINE ( 'NONE', #9236, #5343 ) ;
#1977 = EDGE_LOOP ( 'NONE', ( #9101, #6833, #3326, #417, #9222, #4149 ) ) ;
#1978 = VERTEX_POINT ( 'NONE', #3046 ) ;
#1979 = VECTOR ( 'NONE', #6727, 1000.000000000000000 ) ;
#1980 = LINE ( 'NONE', #5979, #497 ) ;
#1981 = VECTOR ( 'NONE', #3914, 1000.000000000000000 ) ;
#1982 = EDGE_CURVE ( 'NONE', #2699, #8416, #4924, .T. ) ;
#1983 = CARTESIAN_POINT ( 'NONE',  ( 6.380645125733827745E-15, 0.000000000000000000, 4.609999999999989662 ) ) ;
#1984 = CARTESIAN_POINT ( 'NONE',  ( -9.500000000000000000, 4.721281787984062284, 5.550000000000001599 ) ) ;
#1985 = PLANE ( 'NONE',  #6319 ) ;
#1986 = CARTESIAN_POINT ( 'NONE',  ( -9.499999999999996447, 1.600000000000000089, 0.000000000000000000 ) ) ;
#1987 = DIRECTION ( 'NONE',  ( 0.000000000000000000, 1.000000000000000000, -0.000000000000000000 ) ) ;
#1988 = VECTOR ( 'NONE', #2483, 1000.000000000000000 ) ;
#1989 = FILL_AREA_STYLE ('',( #5144 ) ) ;
#1990 = DIRECTION ( 'NONE',  ( 1.000000000000000000, 0.000000000000000000, -1.366641393889291440E-16 ) ) ;
#1991 = DIRECTION ( 'NONE',  ( 0.000000000000000000, 1.000000000000000000, 0.000000000000000000 ) ) ;
#1992 = ORIENTED_EDGE ( 'NONE', *, *, #10313, .F. ) ;
#1993 = ORIENTED_EDGE ( 'NONE', *, *, #5222, .F. ) ;
#1994 = VERTEX_POINT ( 'NONE', #3887 ) ;
#1995 = EDGE_CURVE ( 'NONE', #3399, #253, #9462, .T. ) ;
#1996 = DIRECTION ( 'NONE',  ( 0.000000000000000000, 1.000000000000000000, -0.000000000000000000 ) ) ;
#1997 = EDGE_CURVE ( 'NONE', #7795, #5218, #8692, .T. ) ;
#1998 = VECTOR ( 'NONE', #7590, 1000.000000000000000 ) ;
#1999 = AXIS2_PLACEMENT_3D ( 'NONE', #3822, #1511, #4360 ) ;
#2000 = DIRECTION ( 'NONE',  ( 0.000000000000000000, 0.000000000000000000, 1.000000000000000000 ) ) ;
#2001 = EDGE_CURVE ( 'NONE', #2573, #3543, #400, .T. ) ;
#2002 = CARTESIAN_POINT ( 'NONE',  ( 0.000000000000000000, 1.600000000000000089, 3.010000000000002451 ) ) ;
#2003 = DIRECTION ( 'NONE',  ( -0.000000000000000000, -1.000000000000000000, -0.000000000000000000 ) ) ;
#2004 = CARTESIAN_POINT ( 'NONE',  ( 0.000000000000000000, 0.000000000000000000, 0.000000000000000000 ) ) ;
#2005 = DIRECTION ( 'NONE',  ( -0.000000000000000000, -1.000000000000000000, -0.000000000000000000 ) ) ;
#2006 = DIRECTION ( 'NONE',  ( -1.000000000000000000, 0.000000000000000000, -0.000000000000000000 ) ) ;
#2007 = VERTEX_POINT ( 'NONE', #5572 ) ;
#2008 = DIRECTION ( 'NONE',  ( 0.000000000000000000, 0.000000000000000000, -1.000000000000000000 ) ) ;
#2009 = ORIENTED_EDGE ( 'NONE', *, *, #7750, .T. ) ;
#2010 = EDGE_CURVE ( 'NONE', #2269, #6423, #6282, .T. ) ;
#2011 = LINE ( 'NONE', #1949, #7830 ) ;
#2012 = ADVANCED_FACE ( 'NONE', ( #9672 ), #8161, .F. ) ;
#2013 = AXIS2_PLACEMENT_3D ( 'NONE', #8105, #8932, #7335 ) ;
#2014 = LINE ( 'NONE', #2856, #9282 ) ;
#2015 = DIRECTION ( 'NONE',  ( 1.000000000000000000, 0.000000000000000000, 0.000000000000000000 ) ) ;
#2016 = DIRECTION ( 'NONE',  ( 1.000000000000000000, -0.000000000000000000, 0.000000000000000000 ) ) ;
#2017 = ORIENTED_EDGE ( 'NONE', *, *, #10073, .F. ) ;
#2018 = ORIENTED_EDGE ( 'NONE', *, *, #5275, .T. ) ;
#2019 = ORIENTED_EDGE ( 'NONE', *, *, #7504, .T. ) ;
#2020 = FACE_OUTER_BOUND ( 'NONE', #2246, .T. ) ;
#2021 = ORIENTED_EDGE ( 'NONE', *, *, #531, .F. ) ;
#2022 = ORIENTED_EDGE ( 'NONE', *, *, #665, .T. ) ;
#2023 = EDGE_CURVE ( 'NONE', #3158, #5750, #3426, .T. ) ;
#2024 = DIRECTION ( 'NONE',  ( -1.000000000000000000, 0.000000000000000000, -0.000000000000000000 ) ) ;
#2025 = DIRECTION ( 'NONE',  ( 0.000000000000000000, 0.000000000000000000, 1.000000000000000000 ) ) ;
#2026 = LINE ( 'NONE', #6032, #9131 ) ;
#2027 = CARTESIAN_POINT ( 'NONE',  ( 7.620000000000007212, 4.721281787984062284, -8.890000000000000568 ) ) ;
#2028 = LINE ( 'NONE', #1244, #86 ) ;
#2029 = ORIENTED_EDGE ( 'NONE', *, *, #24, .F. ) ;
#2030 = DIRECTION ( 'NONE',  ( 0.000000000000000000, 1.000000000000000000, 0.000000000000000000 ) ) ;
#2031 = ORIENTED_EDGE ( 'NONE', *, *, #3404, .T. ) ;
#2032 = EDGE_LOOP ( 'NONE', ( #5482, #3689 ) ) ;
#2033 = EDGE_CURVE ( 'NONE', #3482, #9572, #3409, .T. ) ;
#2034 = CARTESIAN_POINT ( 'NONE',  ( -9.500000000000000000, 4.721281787984062284, 0.000000000000000000 ) ) ;
#2035 = LINE ( 'NONE', #570, #757 ) ;
#2036 = VECTOR ( 'NONE', #4579, 1000.000000000000000 ) ;
#2037 = CARTESIAN_POINT ( 'NONE',  ( -7.620000000000000107, 1.599999999999999867, -9.689999999999999503 ) ) ;
#2038 = CARTESIAN_POINT ( 'NONE',  ( 9.500000000000003553, 1.600000000000000089, 8.090000000000003411 ) ) ;
#2039 = CARTESIAN_POINT ( 'NONE',  ( -9.499999999999996447, 0.000000000000000000, -2.069999999999998508 ) ) ;
#2040 = LINE ( 'NONE', #9142, #3820 ) ;
#2041 = FACE_OUTER_BOUND ( 'NONE', #9430, .T. ) ;
#2042 = ORIENTED_EDGE ( 'NONE', *, *, #1011, .F. ) ;
#2043 = ORIENTED_EDGE ( 'NONE', *, *, #3077, .F. ) ;
#2044 = ORIENTED_EDGE ( 'NONE', *, *, #8250, .F. ) ;
#2045 = CARTESIAN_POINT ( 'NONE',  ( 5.239999999999999325, 1.600000000000000089, -7.139999999999997016 ) ) ;
#2046 = AXIS2_PLACEMENT_3D ( 'NONE', #1551, #4740, #27 ) ;
#2047 = DIRECTION ( 'NONE',  ( 1.000000000000000000, 0.000000000000000000, -9.227252531791528105E-16 ) ) ;
#2048 = CARTESIAN_POINT ( 'NONE',  ( -7.619999999999819806, 1.599999999999999867, 8.382000000000003226 ) ) ;
#2049 =( LENGTH_UNIT ( ) NAMED_UNIT ( * ) SI_UNIT ( .MILLI., .METRE. ) );
#2050 = DIRECTION ( 'NONE',  ( 0.000000000000000000, 0.000000000000000000, -1.000000000000000000 ) ) ;
#2051 = DIRECTION ( 'NONE',  ( 0.000000000000000000, 0.000000000000000000, -1.000000000000000000 ) ) ;
#2052 = PLANE ( 'NONE',  #2892 ) ;
#2053 = EDGE_CURVE ( 'NONE', #2562, #8349, #4826, .T. ) ;
#2054 = CIRCLE ( 'NONE', #8068, 0.3175000000000000600 ) ;
#2055 = DIRECTION ( 'NONE',  ( 0.000000000000000000, 0.000000000000000000, 1.000000000000000000 ) ) ;
#2056 = ORIENTED_EDGE ( 'NONE', *, *, #1242, .F. ) ;
#2057 = CARTESIAN_POINT ( 'NONE',  ( -9.500000000000000000, 0.000000000000000000, 3.010000000000002451 ) ) ;
#2058 = ORIENTED_EDGE ( 'NONE', *, *, #6453, .T. ) ;
#2059 = EDGE_CURVE ( 'NONE', #10335, #5366, #2411, .T. ) ;
#2060 = CARTESIAN_POINT ( 'NONE',  ( 3.969999999999999751, 3.000000000000000000, -9.209999999999995524 ) ) ;
#2061 = VECTOR ( 'NONE', #1124, 1000.000000000000000 ) ;
#2062 = DIRECTION ( 'NONE',  ( 1.000000000000000000, -0.000000000000000000, 0.000000000000000000 ) ) ;
#2063 = DIRECTION ( 'NONE',  ( 1.000000000000000000, -0.000000000000000000, 0.000000000000000000 ) ) ;
#2064 = DIRECTION ( 'NONE',  ( 0.000000000000000000, 1.000000000000000000, -0.000000000000000000 ) ) ;
#2065 = EDGE_CURVE ( 'NONE', #936, #4298, #9616, .T. ) ;
#2066 = DIRECTION ( 'NONE',  ( 0.000000000000000000, 0.000000000000000000, 1.000000000000000000 ) ) ;
#2067 = ORIENTED_EDGE ( 'NONE', *, *, #8597, .T. ) ;
#2068 = ORIENTED_EDGE ( 'NONE', *, *, #8046, .F. ) ;
#2069 = EDGE_CURVE ( 'NONE', #7683, #9661, #4769, .T. ) ;
#2070 = FACE_OUTER_BOUND ( 'NONE', #10118, .T. ) ;
#2071 = ORIENTED_EDGE ( 'NONE', *, *, #4575, .T. ) ;
#2072 = ORIENTED_EDGE ( 'NONE', *, *, #762, .F. ) ;
#2073 = DIRECTION ( 'NONE',  ( 0.000000000000000000, 0.000000000000000000, 1.000000000000000000 ) ) ;
#2074 = DIRECTION ( 'NONE',  ( -1.000000000000000000, 0.000000000000000000, -0.000000000000000000 ) ) ;
#2075 = LINE ( 'NONE', #6904, #2110 ) ;
#2076 = CYLINDRICAL_SURFACE ( 'NONE', #5579, 0.8000000000000020428 ) ;
#2077 = ADVANCED_FACE ( 'NONE', ( #5621 ), #3252, .T. ) ;
#2078 = ORIENTED_EDGE ( 'NONE', *, *, #1678, .T. ) ;
#2079 = ORIENTED_EDGE ( 'NONE', *, *, #6948, .F. ) ;
#2080 = VECTOR ( 'NONE', #906, 1000.000000000000000 ) ;
#2081 = VERTEX_POINT ( 'NONE', #1627 ) ;
#2082 = CARTESIAN_POINT ( 'NONE',  ( 4.719999999999999751, 1.600000000000000089, -6.939999999999995062 ) ) ;
#2083 = CIRCLE ( 'NONE', #8599, 0.5080000000000050031 ) ;
#2084 = DIRECTION ( 'NONE',  ( 0.000000000000000000, 0.000000000000000000, -1.000000000000000000 ) ) ;
#2085 = ADVANCED_FACE ( 'NONE', ( #5778 ), #1002, .F. ) ;
#2086 = AXIS2_PLACEMENT_3D ( 'NONE', #392, #4331, #2025 ) ;
#2087 = DIRECTION ( 'NONE',  ( 0.000000000000000000, 1.000000000000000000, -0.000000000000000000 ) ) ;
#2088 = DIRECTION ( 'NONE',  ( -0.000000000000000000, -1.000000000000000000, -0.000000000000000000 ) ) ;
#2089 = CARTESIAN_POINT ( 'NONE',  ( 3.969999999999999751, 2.950000000000001066, -8.209999999999995524 ) ) ;
#2090 = SURFACE_STYLE_USAGE ( .BOTH. , #3721 ) ;
#2091 = FACE_OUTER_BOUND ( 'NONE', #6898, .T. ) ;
#2092 = DIRECTION ( 'NONE',  ( -0.000000000000000000, -1.000000000000000000, -0.000000000000000000 ) ) ;
#2093 = ORIENTED_EDGE ( 'NONE', *, *, #9200, .T. ) ;
#2094 = ORIENTED_EDGE ( 'NONE', *, *, #1111, .T. ) ;
#2095 = ORIENTED_EDGE ( 'NONE', *, *, #5942, .F. ) ;
#2096 = CARTESIAN_POINT ( 'NONE',  ( -7.620000000000000107, 0.000000000000000000, -8.090000000000001634 ) ) ;
#2097 =( GEOMETRIC_REPRESENTATION_CONTEXT ( 3 ) GLOBAL_UNCERTAINTY_ASSIGNED_CONTEXT ( ( #379 ) ) GLOBAL_UNIT_ASSIGNED_CONTEXT ( ( #3863, #2634, #5050 ) ) REPRESENTATION_CONTEXT ( 'NONE', 'WORKASPACE' ) );
#2098 = DIRECTION ( 'NONE',  ( 1.000000000000000000, 0.000000000000000000, -0.000000000000000000 ) ) ;
#2099 = FACE_OUTER_BOUND ( 'NONE', #3629, .T. ) ;
#2100 = CARTESIAN_POINT ( 'NONE',  ( 0.000000000000000000, 0.000000000000000000, 0.000000000000000000 ) ) ;
#2101 = DIRECTION ( 'NONE',  ( 0.000000000000000000, 1.000000000000000000, -0.000000000000000000 ) ) ;
#2102 = DIRECTION ( 'NONE',  ( -0.000000000000000000, -1.000000000000000000, -0.000000000000000000 ) ) ;
#2103 = CARTESIAN_POINT ( 'NONE',  ( 9.500000000000003553, 1.600000000000000089, 0.000000000000000000 ) ) ;
#2104 = ORIENTED_EDGE ( 'NONE', *, *, #5791, .T. ) ;
#2105 = ORIENTED_EDGE ( 'NONE', *, *, #4807, .T. ) ;
#2106 = CYLINDRICAL_SURFACE ( 'NONE', #8492, 0.09999999999999939493 ) ;
#2107 = EDGE_LOOP ( 'NONE', ( #4883, #5268, #8821, #1065 ) ) ;
#2108 = CARTESIAN_POINT ( 'NONE',  ( 0.000000000000000000, 0.000000000000000000, -2.069999999999998508 ) ) ;
#2109 = CIRCLE ( 'NONE', #2643, 0.7999999999999994893 ) ;
#2110 = VECTOR ( 'NONE', #2228, 1000.000000000000000 ) ;
#2111 = DIRECTION ( 'NONE',  ( 0.000000000000000000, 1.000000000000000000, -0.000000000000000000 ) ) ;
#2112 = EDGE_CURVE ( 'NONE', #6413, #3704, #584, .T. ) ;
#2113 = DIRECTION ( 'NONE',  ( -0.000000000000000000, -1.000000000000000000, -0.000000000000000000 ) ) ;
#2114 = DIRECTION ( 'NONE',  ( -0.000000000000000000, -1.000000000000000000, -0.000000000000000000 ) ) ;
#2115 = CARTESIAN_POINT ( 'NONE',  ( 7.620000000000135998, 1.599999999999999867, 3.810000000000002718 ) ) ;
#2116 = CLOSED_SHELL ( 'NONE', ( #3234, #6933, #7014, #6803, #3095, #9934, #4364, #29, #3029, #3396 ) ) ;
#2117 = VERTEX_POINT ( 'NONE', #1684 ) ;
#2118 = ORIENTED_EDGE ( 'NONE', *, *, #7449, .F. ) ;
#2119 = ORIENTED_EDGE ( 'NONE', *, *, #7243, .T. ) ;
#2120 = AXIS2_PLACEMENT_3D ( 'NONE', #9505, #7941, #4031 ) ;
#2121 = VECTOR ( 'NONE', #97, 1000.000000000000000 ) ;
#2122 = ORIENTED_EDGE ( 'NONE', *, *, #5942, .T. ) ;
#2123 = ORIENTED_EDGE ( 'NONE', *, *, #259, .T. ) ;
#2124 = CARTESIAN_POINT ( 'NONE',  ( 6.349999999999999645, 1.600000000000000089, 9.340000000000008740 ) ) ;
#2125 = EDGE_CURVE ( 'NONE', #9330, #361, #203, .T. ) ;
#2126 = ADVANCED_FACE ( 'NONE', ( #7182 ), #4877, .T. ) ;
#2127 = DIRECTION ( 'NONE',  ( 0.000000000000000000, 0.000000000000000000, 1.000000000000000000 ) ) ;
#2128 = EDGE_CURVE ( 'NONE', #6179, #6548, #3759, .T. ) ;
#2129 = VECTOR ( 'NONE', #482, 1000.000000000000000 ) ;
#2130 = CARTESIAN_POINT ( 'NONE',  ( 0.000000000000000000, 0.000000000000000000, -9.690000000000003055 ) ) ;
#2131 = AXIS2_PLACEMENT_3D ( 'NONE', #8040, #5549, #3959 ) ;
#2132 = ORIENTED_EDGE ( 'NONE', *, *, #9156, .T. ) ;
#2133 = VECTOR ( 'NONE', #5457, 1000.000000000000000 ) ;
#2134 = AXIS2_PLACEMENT_3D ( 'NONE', #2100, #3836, #3044 ) ;
#2135 = ORIENTED_EDGE ( 'NONE', *, *, #6201, .T. ) ;
#2136 = LINE ( 'NONE', #2921, #1810 ) ;
#2137 = ORIENTED_EDGE ( 'NONE', *, *, #9407, .T. ) ;
#2138 = LINE ( 'NONE', #7841, #3018 ) ;
#2139 = EDGE_CURVE ( 'NONE', #415, #9442, #9936, .T. ) ;
#2140 = VECTOR ( 'NONE', #2402, 1000.000000000000000 ) ;
#2141 = ADVANCED_FACE ( 'NONE', ( #1728 ), #8060, .F. ) ;
#2142 = CARTESIAN_POINT ( 'NONE',  ( -7.619999999999948592, 1.599999999999999867, -3.301999999999996938 ) ) ;
#2143 = CARTESIAN_POINT ( 'NONE',  ( 9.500000000000000000, 0.000000000000000000, -3.301999999999999602 ) ) ;
#2144 = DIRECTION ( 'NONE',  ( -1.000000000000000000, 0.000000000000000000, 9.227252531791528105E-16 ) ) ;
#2145 = DIRECTION ( 'NONE',  ( -0.000000000000000000, -1.000000000000000000, -0.000000000000000000 ) ) ;
#2146 = FILL_AREA_STYLE ('',( #9195 ) ) ;
#2147 = CARTESIAN_POINT ( 'NONE',  ( 7.620000000000007212, 0.000000000000000000, -8.382000000000001450 ) ) ;
#2148 = DIRECTION ( 'NONE',  ( -0.000000000000000000, -1.000000000000000000, -0.000000000000000000 ) ) ;
#2149 = ORIENTED_EDGE ( 'NONE', *, *, #8551, .T. ) ;
#2150 = VECTOR ( 'NONE', #1169, 1000.000000000000000 ) ;
#2151 = ORIENTED_EDGE ( 'NONE', *, *, #1360, .T. ) ;
#2152 = CIRCLE ( 'NONE', #10169, 0.7999999999999986011 ) ;
#2153 = ORIENTED_EDGE ( 'NONE', *, *, #2529, .T. ) ;
#2154 = DIRECTION ( 'NONE',  ( 0.000000000000000000, 1.000000000000000000, -0.000000000000000000 ) ) ;
#2155 = EDGE_CURVE ( 'NONE', #8625, #7837, #4289, .T. ) ;
#2156 = DIRECTION ( 'NONE',  ( -1.000000000000000000, 0.000000000000000000, 1.186541365237213826E-16 ) ) ;
#2157 = DIRECTION ( 'NONE',  ( -0.000000000000000000, -1.000000000000000000, -0.000000000000000000 ) ) ;
#2158 = CIRCLE ( 'NONE', #10167, 0.5079999999999997851 ) ;
#2159 = DIRECTION ( 'NONE',  ( -0.000000000000000000, 0.000000000000000000, 1.000000000000000000 ) ) ;
#2160 = CARTESIAN_POINT ( 'NONE',  ( -7.619999999999897078, 4.721281787984062284, 1.778000000000002245 ) ) ;
#2161 = CARTESIAN_POINT ( 'NONE',  ( -9.500000000000000000, 0.000000000000000000, -3.301999999999999602 ) ) ;
#2162 = ORIENTED_EDGE ( 'NONE', *, *, #10197, .T. ) ;
#2163 = ORIENTED_EDGE ( 'NONE', *, *, #7512, .F. ) ;
#2164 = FACE_OUTER_BOUND ( 'NONE', #9069, .T. ) ;
#2165 = ORIENTED_EDGE ( 'NONE', *, *, #5077, .F. ) ;
#2166 = VECTOR ( 'NONE', #955, 1000.000000000000000 ) ;
#2167 = COLOUR_RGB ( '',1.000000000000000000, 0.8117647058823529438, 0.5019607843137254832 ) ;
#2168 = EDGE_CURVE ( 'NONE', #8603, #5281, #1097, .T. ) ;
#2169 = LINE ( 'NONE', #4002, #10006 ) ;
#2170 = CARTESIAN_POINT ( 'NONE',  ( -7.619999999999948592, 1.599999999999999867, -3.809999999999999165 ) ) ;
#2171 = VECTOR ( 'NONE', #2459, 1000.000000000000000 ) ;
#2172 = CARTESIAN_POINT ( 'NONE',  ( -9.500000000000000000, 1.599999999999999867, 0.000000000000000000 ) ) ;
#2173 = CARTESIAN_POINT ( 'NONE',  ( 7.620000000000000107, 1.599999999999999867, -3.009999999999998010 ) ) ;
#2174 = LINE ( 'NONE', #1386, #6340 ) ;
#2175 = EDGE_LOOP ( 'NONE', ( #4858, #7143, #3314, #9578 ) ) ;
#2176 = ORIENTED_EDGE ( 'NONE', *, *, #5116, .T. ) ;
#2177 = ORIENTED_EDGE ( 'NONE', *, *, #7949, .T. ) ;
#2178 = EDGE_LOOP ( 'NONE', ( #8686, #8777, #10164, #7792, #2602, #1367 ) ) ;
#2179 = DIRECTION ( 'NONE',  ( 0.000000000000000000, 0.000000000000000000, 1.000000000000000000 ) ) ;
#2180 = COLOUR_RGB ( '',1.000000000000000000, 0.8117647058823529438, 0.5019607843137254832 ) ;
#2181 = DIRECTION ( 'NONE',  ( -0.000000000000000000, -1.000000000000000000, -0.000000000000000000 ) ) ;
#2182 = LINE ( 'NONE', #8710, #4104 ) ;
#2183 = DIRECTION ( 'NONE',  ( 0.000000000000000000, -0.000000000000000000, 1.000000000000000000 ) ) ;
#2184 = CARTESIAN_POINT ( 'NONE',  ( 7.620000000000007212, 1.600000000000000089, -8.890000000000000568 ) ) ;
#2185 = LINE ( 'NONE', #8513, #8099 ) ;
#2186 = ORIENTED_EDGE ( 'NONE', *, *, #474, .F. ) ;
#2187 = EDGE_CURVE ( 'NONE', #9623, #1189, #9596, .T. ) ;
#2188 = VERTEX_POINT ( 'NONE', #2039 ) ;
#2189 = DIRECTION ( 'NONE',  ( -1.366641393889291440E-16, 0.000000000000000000, -1.000000000000000000 ) ) ;
#2190 = ORIENTED_EDGE ( 'NONE', *, *, #8338, .T. ) ;
#2191 = ADVANCED_FACE ( 'NONE', ( #6757 ), #9767, .T. ) ;
#2192 = CARTESIAN_POINT ( 'NONE',  ( 3.969999999999999751, 3.000000000000000000, -8.209999999999995524 ) ) ;
#2193 = FACE_OUTER_BOUND ( 'NONE', #6698, .T. ) ;
#2194 = DIRECTION ( 'NONE',  ( 0.000000000000000000, 0.000000000000000000, 1.000000000000000000 ) ) ;
#2195 = DIRECTION ( 'NONE',  ( 1.000000000000000000, -0.000000000000000000, -5.782411586589358822E-15 ) ) ;
#2196 = LINE ( 'NONE', #3140, #4135 ) ;
#2197 = EDGE_CURVE ( 'NONE', #3025, #1713, #1927, .T. ) ;
#2198 = EDGE_LOOP ( 'NONE', ( #7758, #41, #118, #5101 ) ) ;
#2199 = EDGE_LOOP ( 'NONE', ( #7460, #8752 ) ) ;
#2200 = ADVANCED_FACE ( 'NONE', ( #308 ), #9984, .F. ) ;
#2201 = VERTEX_POINT ( 'NONE', #9879 ) ;
#2202 = LINE ( 'NONE', #2045, #1497 ) ;
#2203 = DIRECTION ( 'NONE',  ( -1.000000000000000000, -0.000000000000000000, 0.000000000000000000 ) ) ;
#2204 = LINE ( 'NONE', #787, #793 ) ;
#2205 = CARTESIAN_POINT ( 'NONE',  ( -6.349999999999999645, 29.71055027400083759, -9.340000000000003411 ) ) ;
#2206 = CARTESIAN_POINT ( 'NONE',  ( 6.050000000000000711, 2.970000000000000195, -7.178575259685144562E-16 ) ) ;
#2207 = FACE_OUTER_BOUND ( 'NONE', #5689, .T. ) ;
#2208 = EDGE_CURVE ( 'NONE', #361, #1026, #8985, .T. ) ;
#2209 = ORIENTED_EDGE ( 'NONE', *, *, #7855, .F. ) ;
#2210 = EDGE_LOOP ( 'NONE', ( #7070, #1838, #3480, #5090 ) ) ;
#2211 = DIRECTION ( 'NONE',  ( 0.000000000000000000, 1.000000000000000000, -0.000000000000000000 ) ) ;
#2212 = VERTEX_POINT ( 'NONE', #1258 ) ;
#2213 = VECTOR ( 'NONE', #2063, 1000.000000000000000 ) ;
#2214 = LINE ( 'NONE', #8746, #3007 ) ;
#2215 = LINE ( 'NONE', #9265, #1623 ) ;
#2216 = AXIS2_PLACEMENT_3D ( 'NONE', #1474, #6411, #3839 ) ;
#2217 = DIRECTION ( 'NONE',  ( 1.366641393889291440E-16, -0.000000000000000000, 1.000000000000000000 ) ) ;
#2218 = CARTESIAN_POINT ( 'NONE',  ( -9.500000000000000000, 4.721281787984062284, 7.149999999999997691 ) ) ;
#2219 = EDGE_CURVE ( 'NONE', #8481, #6105, #4240, .T. ) ;
#2220 = ORIENTED_EDGE ( 'NONE', *, *, #2521, .F. ) ;
#2221 = VERTEX_POINT ( 'NONE', #2616 ) ;
#2222 = ORIENTED_EDGE ( 'NONE', *, *, #8856, .F. ) ;
#2223 = EDGE_LOOP ( 'NONE', ( #5369, #4378, #6772, #4272 ) ) ;
#2224 = DIRECTION ( 'NONE',  ( 0.000000000000000000, 1.000000000000000000, -0.000000000000000000 ) ) ;
#2225 = VECTOR ( 'NONE', #7508, 1000.000000000000000 ) ;
#2226 = DIRECTION ( 'NONE',  ( -0.000000000000000000, -1.000000000000000000, -0.000000000000000000 ) ) ;
#2227 = DIRECTION ( 'NONE',  ( -0.000000000000000000, -1.000000000000000000, -0.000000000000000000 ) ) ;
#2228 = DIRECTION ( 'NONE',  ( 0.000000000000000000, -0.000000000000000000, 1.000000000000000000 ) ) ;
#2229 = DIRECTION ( 'NONE',  ( 0.000000000000000000, 0.000000000000000000, 1.000000000000000000 ) ) ;
#2230 =( LENGTH_UNIT ( ) NAMED_UNIT ( * ) SI_UNIT ( .MILLI., .METRE. ) );
#2231 = CYLINDRICAL_SURFACE ( 'NONE', #2131, 0.5080000000000063354 ) ;
#2232 = ORIENTED_EDGE ( 'NONE', *, *, #3837, .T. ) ;
#2233 = EDGE_LOOP ( 'NONE', ( #7188, #4886, #7661, #348, #9870, #4424 ) ) ;
#2234 = CARTESIAN_POINT ( 'NONE',  ( 7.620000000000162643, 1.599999999999999867, 6.350000000000003197 ) ) ;
#2235 = ORIENTED_EDGE ( 'NONE', *, *, #152, .T. ) ;
#2236 = LINE ( 'NONE', #9447, #8858 ) ;
#2237 =( LENGTH_UNIT ( ) NAMED_UNIT ( * ) SI_UNIT ( .MILLI., .METRE. ) );
#2238 = DIRECTION ( 'NONE',  ( 0.000000000000000000, 0.000000000000000000, 1.000000000000000000 ) ) ;
#2239 = CARTESIAN_POINT ( 'NONE',  ( -7.619999999999975238, 0.000000000000000000, -5.841999999999998749 ) ) ;
#2240 = DIRECTION ( 'NONE',  ( -0.000000000000000000, 0.000000000000000000, 1.000000000000000000 ) ) ;
#2241 = EDGE_CURVE ( 'NONE', #5525, #10203, #9927, .T. ) ;
#2242 = ORIENTED_EDGE ( 'NONE', *, *, #4750, .T. ) ;
#2243 = VECTOR ( 'NONE', #4410, 1000.000000000000000 ) ;
#2244 = CARTESIAN_POINT ( 'NONE',  ( 0.000000000000000000, 1.600000000000000089, 2.070000000000002505 ) ) ;
#2245 = DIRECTION ( 'NONE',  ( -0.000000000000000000, -1.000000000000000000, -0.000000000000000000 ) ) ;
#2246 = EDGE_LOOP ( 'NONE', ( #3620, #2626, #7602, #3279 ) ) ;
#2247 = ORIENTED_EDGE ( 'NONE', *, *, #2023, .F. ) ;
#2248 = CYLINDRICAL_SURFACE ( 'NONE', #10192, 0.5080000000000045590 ) ;
#2249 = VECTOR ( 'NONE', #4236, 1000.000000000000000 ) ;
#2250 = EDGE_CURVE ( 'NONE', #8732, #4297, #3612, .T. ) ;
#2251 = EDGE_CURVE ( 'NONE', #9316, #373, #9084, .T. ) ;
#2252 = VECTOR ( 'NONE', #6917, 1000.000000000000000 ) ;
#2253 = FACE_OUTER_BOUND ( 'NONE', #1238, .T. ) ;
#2254 = CARTESIAN_POINT ( 'NONE',  ( -9.500000000000000000, 1.599999999999999867, -6.857999999999996987 ) ) ;
#2255 = LINE ( 'NONE', #49, #3982 ) ;
#2256 = EDGE_CURVE ( 'NONE', #8123, #1921, #5450, .T. ) ;
#2257 = CARTESIAN_POINT ( 'NONE',  ( 7.620000000000032969, 1.600000000000000089, -6.349999999999999645 ) ) ;
#2258 = CARTESIAN_POINT ( 'NONE',  ( -7.620000000000000107, 1.600000000000000089, -9.689999999999999503 ) ) ;
#2259 = PLANE ( 'NONE',  #3787 ) ;
#2260 = ORIENTED_EDGE ( 'NONE', *, *, #1914, .F. ) ;
#2261 = LINE ( 'NONE', #3842, #6192 ) ;
#2262 = EDGE_LOOP ( 'NONE', ( #8400, #8543, #6887, #7646 ) ) ;
#2263 = VECTOR ( 'NONE', #9781, 1000.000000000000000 ) ;
#2264 = CARTESIAN_POINT ( 'NONE',  ( 1.910041274080840512E-15, 1.599999999999999867, 2.069999999999993623 ) ) ;
#2265 = EDGE_CURVE ( 'NONE', #504, #7683, #8423, .T. ) ;
#2266 = VECTOR ( 'NONE', #426, 1000.000000000000000 ) ;
#2267 = DIRECTION ( 'NONE',  ( -0.000000000000000000, -1.000000000000000000, -0.000000000000000000 ) ) ;
#2268 = CARTESIAN_POINT ( 'NONE',  ( -9.499999999999996447, 1.600000000000000089, -7.150000000000001243 ) ) ;
#2269 = VERTEX_POINT ( 'NONE', #471 ) ;
#2270 = ORIENTED_EDGE ( 'NONE', *, *, #5614, .F. ) ;
#2271 = ORIENTED_EDGE ( 'NONE', *, *, #8528, .T. ) ;
#2272 = DIRECTION ( 'NONE',  ( 1.000000000000000000, 0.000000000000000000, 0.000000000000000000 ) ) ;
#2273 = FACE_OUTER_BOUND ( 'NONE', #350, .T. ) ;
#2274 = ADVANCED_FACE ( 'NONE', ( #5143 ), #1153, .F. ) ;
#2275 = LINE ( 'NONE', #4696, #8167 ) ;
#2276 = CLOSED_SHELL ( 'NONE', ( #5046, #139, #5065, #458, #10328, #4626, #4210, #8069, #9909, #9459 ) ) ;
#2277 = LINE ( 'NONE', #7776, #4481 ) ;
#2278 = CARTESIAN_POINT ( 'NONE',  ( 9.500000000000003553, 0.000000000000000000, 0.000000000000000000 ) ) ;
#2279 = ORIENTED_EDGE ( 'NONE', *, *, #4651, .T. ) ;
#2280 = AXIS2_PLACEMENT_3D ( 'NONE', #8058, #9082, #6866 ) ;
#2281 = VECTOR ( 'NONE', #8038, 1000.000000000000000 ) ;
#2282 = ORIENTED_EDGE ( 'NONE', *, *, #9008, .F. ) ;
#2283 = CARTESIAN_POINT ( 'NONE',  ( -9.499999999999996447, 1.600000000000000089, 4.610000000000002984 ) ) ;
#2284 = ORIENTED_EDGE ( 'NONE', *, *, #3552, .T. ) ;
#2285 = VECTOR ( 'NONE', #747, 1000.000000000000000 ) ;
#2286 = CYLINDRICAL_SURFACE ( 'NONE', #8029, 0.7999999999999994893 ) ;
#2287 = EDGE_CURVE ( 'NONE', #9316, #6961, #2832, .T. ) ;
#2288 = VECTOR ( 'NONE', #2295, 1000.000000000000000 ) ;
#2289 = VECTOR ( 'NONE', #4398, 1000.000000000000000 ) ;
#2290 = PLANE ( 'NONE',  #8997 ) ;
#2291 =( NAMED_UNIT ( * ) SI_UNIT ( $, .STERADIAN. ) SOLID_ANGLE_UNIT ( ) );
#2292 = CARTESIAN_POINT ( 'NONE',  ( -7.619999999999897078, 4.721281787984062284, 1.270000000000002016 ) ) ;
#2293 = AXIS2_PLACEMENT_3D ( 'NONE', #8908, #5010, #8127 ) ;
#2294 = CIRCLE ( 'NONE', #8801, 0.5080000000000032268 ) ;
#2295 = DIRECTION ( 'NONE',  ( 1.000000000000000000, 0.000000000000000000, -6.920439398843646079E-16 ) ) ;
#2296 = ORIENTED_EDGE ( 'NONE', *, *, #8145, .F. ) ;
#2297 = PLANE ( 'NONE',  #5490 ) ;
#2298 = ORIENTED_EDGE ( 'NONE', *, *, #1746, .F. ) ;
#2299 = EDGE_LOOP ( 'NONE', ( #7084, #8876, #2750, #2965, #2123, #2151 ) ) ;
#2300 = AXIS2_PLACEMENT_3D ( 'NONE', #675, #4070, #4649 ) ;
#2301 = DIRECTION ( 'NONE',  ( 0.000000000000000000, 0.000000000000000000, 1.000000000000000000 ) ) ;
#2302 = CIRCLE ( 'NONE', #8148, 0.2000000000000005107 ) ;
#2303 = DIRECTION ( 'NONE',  ( -0.000000000000000000, -1.000000000000000000, -0.000000000000000000 ) ) ;
#2304 = DIRECTION ( 'NONE',  ( -0.000000000000000000, -1.000000000000000000, -0.000000000000000000 ) ) ;
#2305 = SURFACE_STYLE_USAGE ( .BOTH. , #5464 ) ;
#2306 = CARTESIAN_POINT ( 'NONE',  ( 7.620000000000000107, 4.721281787984062284, -4.610000000000000320 ) ) ;
#2307 = VECTOR ( 'NONE', #4942, 1000.000000000000000 ) ;
#2308 = CARTESIAN_POINT ( 'NONE',  ( 7.620000000000057838, 1.599999999999999867, -3.809999999999999165 ) ) ;
#2309 = DIRECTION ( 'NONE',  ( -0.000000000000000000, -1.000000000000000000, -0.000000000000000000 ) ) ;
#2310 = AXIS2_PLACEMENT_3D ( 'NONE', #10081, #772, #9284 ) ;
#2311 = CARTESIAN_POINT ( 'NONE',  ( -7.619999999999948592, 0.000000000000000000, -3.809999999999999165 ) ) ;
#2312 = ORIENTED_EDGE ( 'NONE', *, *, #1561, .T. ) ;
#2313 = PLANE ( 'NONE',  #1654 ) ;
#2314 = ADVANCED_FACE ( 'NONE', ( #3565, #8367 ), #2771, .T. ) ;
#2315 = ORIENTED_EDGE ( 'NONE', *, *, #8724, .F. ) ;
#2316 = EDGE_CURVE ( 'NONE', #9452, #8348, #4399, .T. ) ;
#2317 = ORIENTED_EDGE ( 'NONE', *, *, #8865, .F. ) ;
#2318 = ADVANCED_FACE ( 'NONE', ( #3768 ), #6965, .F. ) ;
#2319 = VECTOR ( 'NONE', #5489, 1000.000000000000000 ) ;
#2320 = DIRECTION ( 'NONE',  ( -0.000000000000000000, -1.000000000000000000, -0.000000000000000000 ) ) ;
#2321 = CARTESIAN_POINT ( 'NONE',  ( 9.500000000000000000, 4.721281787984062284, 5.841999999999999638 ) ) ;
#2322 = LINE ( 'NONE', #9632, #9553 ) ;
#2323 = VERTEX_POINT ( 'NONE', #2988 ) ;
#2324 = VERTEX_POINT ( 'NONE', #1362 ) ;
#2325 = VECTOR ( 'NONE', #7089, 1000.000000000000000 ) ;
#2326 = COLOUR_RGB ( '',1.000000000000000000, 0.8117647058823529438, 0.5019607843137254832 ) ;
#2327 = EDGE_CURVE ( 'NONE', #3051, #9012, #9355, .T. ) ;
#2328 = ORIENTED_EDGE ( 'NONE', *, *, #9091, .F. ) ;
#2329 = LINE ( 'NONE', #7871, #1331 ) ;
#2330 = EDGE_CURVE ( 'NONE', #3656, #1143, #6091, .T. ) ;
#2331 = CYLINDRICAL_SURFACE ( 'NONE', #3831, 0.5080000000000002292 ) ;
#2332 = FACE_OUTER_BOUND ( 'NONE', #8530, .T. ) ;
#2333 = VECTOR ( 'NONE', #1874, 1000.000000000000000 ) ;
#2334 = CARTESIAN_POINT ( 'NONE',  ( 1.589999999999999636, 2.970000000000000639, -9.340000000000003411 ) ) ;
#2335 = DIRECTION ( 'NONE',  ( 0.000000000000000000, 0.000000000000000000, 1.000000000000000000 ) ) ;
#2336 = CARTESIAN_POINT ( 'NONE',  ( 1.389999999999999458, 1.600000000000000755, -9.690000000000001279 ) ) ;
#2337 = CARTESIAN_POINT ( 'NONE',  ( 2.560562577572152244E-15, 1.599999999999999867, 5.550000000000006928 ) ) ;
#2338 = ORIENTED_EDGE ( 'NONE', *, *, #6373, .F. ) ;
#2339 = LINE ( 'NONE', #10347, #1800 ) ;
#2340 = EDGE_CURVE ( 'NONE', #7354, #8990, #8474, .T. ) ;
#2341 = ORIENTED_EDGE ( 'NONE', *, *, #8685, .T. ) ;
#2343 = CARTESIAN_POINT ( 'NONE',  ( 0.000000000000000000, 1.600000000000000089, 0.000000000000000000 ) ) ;
#2342 = AXIS2_PLACEMENT_3D ( 'NONE', #6441, #774, #2395 ) ;
#2344 = EDGE_LOOP ( 'NONE', ( #1434, #1967, #4497, #3368 ) ) ;
#2345 = DIRECTION ( 'NONE',  ( 0.000000000000000000, 0.000000000000000000, 1.000000000000000000 ) ) ;
#2346 = STYLED_ITEM ( 'NONE', ( #3518 ), #8508 ) ;
#2347 = DIRECTION ( 'NONE',  ( 1.000000000000000000, -0.000000000000000000, 0.000000000000000000 ) ) ;
#2348 = FACE_OUTER_BOUND ( 'NONE', #1767, .T. ) ;
#2349 = DIRECTION ( 'NONE',  ( 0.000000000000000000, 0.000000000000000000, 1.000000000000000000 ) ) ;
#2350 = DIRECTION ( 'NONE',  ( 1.000000000000000000, 0.000000000000000000, -1.186541365237213826E-16 ) ) ;
#2351 = ORIENTED_EDGE ( 'NONE', *, *, #6681, .F. ) ;
#2352 = FACE_OUTER_BOUND ( 'NONE', #2442, .T. ) ;
#2353 = ADVANCED_FACE ( 'NONE', ( #10039 ), #9244, .F. ) ;
#2354 = ORIENTED_EDGE ( 'NONE', *, *, #3862, .F. ) ;
#2355 = ORIENTED_EDGE ( 'NONE', *, *, #1481, .T. ) ;
#2356 = ORIENTED_EDGE ( 'NONE', *, *, #8341, .T. ) ;
#2357 = CARTESIAN_POINT ( 'NONE',  ( 1.290000000000000036, 3.069999999999999840, 0.000000000000000000 ) ) ;
#2358 = CARTESIAN_POINT ( 'NONE',  ( 9.500000000000000000, 1.599999999999999867, 9.689999999999999503 ) ) ;
#2359 = CARTESIAN_POINT ( 'NONE',  ( -7.619999999999870433, 1.599999999999999867, 3.810000000000002718 ) ) ;
#2360 = DIRECTION ( 'NONE',  ( 1.000000000000000000, 0.000000000000000000, 0.000000000000000000 ) ) ;
#2361 = CARTESIAN_POINT ( 'NONE',  ( -6.049999999999999822, 2.970000000000000195, -9.340000000000003411 ) ) ;
#2362 = CARTESIAN_POINT ( 'NONE',  ( -7.620000000000000107, 0.000000000000000000, -0.4699999999999986411 ) ) ;
#2363 = CARTESIAN_POINT ( 'NONE',  ( -7.620000000000000107, 1.600000000000000089, 5.550000000000003375 ) ) ;
#2364 = ORIENTED_EDGE ( 'NONE', *, *, #7030, .T. ) ;
#2365 = CARTESIAN_POINT ( 'NONE',  ( -9.499999999999996447, 1.600000000000000089, 11.00000000000000355 ) ) ;
#2366 = ORIENTED_EDGE ( 'NONE', *, *, #2708, .F. ) ;
#2367 = ORIENTED_EDGE ( 'NONE', *, *, #8880, .F. ) ;
#2368 = CARTESIAN_POINT ( 'NONE',  ( 0.000000000000000000, 1.600000000000000089, -5.549999999999998934 ) ) ;
#2369 = DIRECTION ( 'NONE',  ( -1.000000000000000000, -0.000000000000000000, -0.000000000000000000 ) ) ;
#2370 = EDGE_CURVE ( 'NONE', #7092, #5006, #522, .T. ) ;
#2371 = PLANE ( 'NONE',  #8498 ) ;
#2372 = FACE_OUTER_BOUND ( 'NONE', #4230, .T. ) ;
#2373 = AXIS2_PLACEMENT_3D ( 'NONE', #358, #2618, #4195 ) ;
#2374 = AXIS2_PLACEMENT_3D ( 'NONE', #1023, #4214, #5805 ) ;
#2375 = VERTEX_POINT ( 'NONE', #4553 ) ;
#2376 = ORIENTED_EDGE ( 'NONE', *, *, #8086, .T. ) ;
#2377 = ADVANCED_FACE ( 'NONE', ( #4606 ), #5305, .F. ) ;
#2378 = ORIENTED_EDGE ( 'NONE', *, *, #3798, .F. ) ;
#2379 = EDGE_LOOP ( 'NONE', ( #6085, #1209, #8263, #8507 ) ) ;
#2380 = CARTESIAN_POINT ( 'NONE',  ( 7.620000000000000107, 0.000000000000000000, 3.010000000000002451 ) ) ;
#2381 = DIRECTION ( 'NONE',  ( 0.000000000000000000, 0.000000000000000000, -1.000000000000000000 ) ) ;
#2382 = AXIS2_PLACEMENT_3D ( 'NONE', #1597, #7099, #2335 ) ;
#2383 = DIRECTION ( 'NONE',  ( -1.000000000000000000, 0.000000000000000000, 1.384087879768729216E-15 ) ) ;
#2384 = ADVANCED_FACE ( 'NONE', ( #10087 ), #6141, .T. ) ;
#2385 = ADVANCED_FACE ( 'NONE', ( #7519 ), #509, .T. ) ;
#2386 = CARTESIAN_POINT ( 'NONE',  ( 6.350000000000001421, 2.970000000000000639, 9.340000000000008740 ) ) ;
#2387 = CARTESIAN_POINT ( 'NONE',  ( -7.620000000000000107, 1.600000000000000089, -2.069999999999998508 ) ) ;
#2388 = CARTESIAN_POINT ( 'NONE',  ( -9.500000000000000000, 1.599999999999999867, 4.318000000000000504 ) ) ;
#2389 = EDGE_CURVE ( 'NONE', #1176, #4201, #7106, .T. ) ;
#2390 = DIRECTION ( 'NONE',  ( 0.000000000000000000, 0.000000000000000000, -1.000000000000000000 ) ) ;
#2391 = AXIS2_PLACEMENT_3D ( 'NONE', #7229, #10316, #2470 ) ;
#2392 = ORIENTED_EDGE ( 'NONE', *, *, #2128, .T. ) ;
#2393 = DIRECTION ( 'NONE',  ( -0.000000000000000000, -1.000000000000000000, -0.000000000000000000 ) ) ;
#2394 = ORIENTED_EDGE ( 'NONE', *, *, #5745, .T. ) ;
#2395 = DIRECTION ( 'NONE',  ( -1.000000000000000000, 0.000000000000000000, -0.000000000000000000 ) ) ;
#2396 = EDGE_CURVE ( 'NONE', #3115, #6531, #7603, .T. ) ;
#2397 = CARTESIAN_POINT ( 'NONE',  ( 3.969999999999999751, 3.000000000000000000, -8.209999999999995524 ) ) ;
#2398 = CARTESIAN_POINT ( 'NONE',  ( -9.500000000000000000, 0.000000000000000000, 7.149999999999997691 ) ) ;
#2399 = LINE ( 'NONE', #3824, #3063 ) ;
#2400 = LINE ( 'NONE', #3082, #1628 ) ;
#2401 = VERTEX_POINT ( 'NONE', #2706 ) ;
#2402 = DIRECTION ( 'NONE',  ( -0.000000000000000000, -1.000000000000000000, -0.000000000000000000 ) ) ;
#2403 = ORIENTED_EDGE ( 'NONE', *, *, #8582, .T. ) ;
#2404 = ORIENTED_EDGE ( 'NONE', *, *, #8270, .F. ) ;
#2405 = LINE ( 'NONE', #2516, #2171 ) ;
#2406 = EDGE_CURVE ( 'NONE', #8440, #10166, #3595, .T. ) ;
#2407 = CARTESIAN_POINT ( 'NONE',  ( 7.620000000000140439, 1.599999999999999867, 3.810000000000000941 ) ) ;
#2408 = LINE ( 'NONE', #9717, #8307 ) ;
#2409 = FILL_AREA_STYLE_COLOUR ( '', #1284 ) ;
#2410 = CYLINDRICAL_SURFACE ( 'NONE', #6983, 0.09999999999999939493 ) ;
#2411 = LINE ( 'NONE', #7382, #7422 ) ;
#2412 = DIRECTION ( 'NONE',  ( 0.000000000000000000, 0.000000000000000000, 1.000000000000000000 ) ) ;
#2413 = CARTESIAN_POINT ( 'NONE',  ( 9.500000000000003553, 0.000000000000000000, 0.000000000000000000 ) ) ;
#2414 = PRESENTATION_STYLE_ASSIGNMENT (( #7337 ) ) ;
#2415 = CARTESIAN_POINT ( 'NONE',  ( 6.000000000000001776, 2.970000000000000195, -4.730000000000001315 ) ) ;
#2416 = EDGE_LOOP ( 'NONE', ( #9198, #4784, #5893, #1303 ) ) ;
#2417 = DIRECTION ( 'NONE',  ( -0.000000000000000000, -1.000000000000000000, -0.000000000000000000 ) ) ;
#2418 = ORIENTED_EDGE ( 'NONE', *, *, #7463, .F. ) ;
#2419 = ORIENTED_EDGE ( 'NONE', *, *, #6383, .F. ) ;
#2420 = AXIS2_PLACEMENT_3D ( 'NONE', #4619, #3732, #1372 ) ;
#2421 = DIRECTION ( 'NONE',  ( -0.000000000000000000, -1.000000000000000000, -0.000000000000000000 ) ) ;
#2422 = EDGE_CURVE ( 'NONE', #2212, #1777, #1291, .T. ) ;
#2423 = CYLINDRICAL_SURFACE ( 'NONE', #6809, 0.8000000000000012657 ) ;
#2424 = DIRECTION ( 'NONE',  ( 0.000000000000000000, 1.000000000000000000, -0.000000000000000000 ) ) ;
#2425 = AXIS2_PLACEMENT_3D ( 'NONE', #8929, #3248, #7274 ) ;
#2426 = VECTOR ( 'NONE', #2723, 1000.000000000000000 ) ;
#2427 = EDGE_LOOP ( 'NONE', ( #864, #4709, #6845, #9531, #1721, #4667 ) ) ;
#2428 = ORIENTED_EDGE ( 'NONE', *, *, #7699, .T. ) ;
#2429 = ORIENTED_EDGE ( 'NONE', *, *, #178, .F. ) ;
#2430 = ORIENTED_EDGE ( 'NONE', *, *, #4982, .T. ) ;
#2431 = LINE ( 'NONE', #5640, #7355 ) ;
#2432 = CARTESIAN_POINT ( 'NONE',  ( 0.000000000000000000, 1.600000000000000089, 0.000000000000000000 ) ) ;
#2433 = CARTESIAN_POINT ( 'NONE',  ( -7.619999999999869544, 0.000000000000000000, 3.810000000000000941 ) ) ;
#2434 = EDGE_CURVE ( 'NONE', #10103, #6735, #4432, .T. ) ;
#2435 = CARTESIAN_POINT ( 'NONE',  ( -7.620000000000000107, 0.000000000000000000, -7.150000000000001243 ) ) ;
#2436 = CARTESIAN_POINT ( 'NONE',  ( 7.620000000000032081, 0.000000000000000000, -6.858000000000003205 ) ) ;
#2437 = DIRECTION ( 'NONE',  ( -0.000000000000000000, -0.000000000000000000, 1.000000000000000000 ) ) ;
#2438 = FACE_OUTER_BOUND ( 'NONE', #7353, .T. ) ;
#2439 = ORIENTED_EDGE ( 'NONE', *, *, #4052, .T. ) ;
#2440 = LINE ( 'NONE', #1756, #6816 ) ;
#2441 = EDGE_CURVE ( 'NONE', #2188, #878, #293, .T. ) ;
#2442 = EDGE_LOOP ( 'NONE', ( #3797, #9393, #6921, #8465 ) ) ;
#2443 = ADVANCED_FACE ( 'NONE', ( #4382, #8239 ), #7620, .F. ) ;
#2444 = DIRECTION ( 'NONE',  ( 0.000000000000000000, 0.000000000000000000, 1.000000000000000000 ) ) ;
#2445 = AXIS2_PLACEMENT_3D ( 'NONE', #1271, #9416, #1374 ) ;
#2446 = EDGE_CURVE ( 'NONE', #222, #8399, #5921, .T. ) ;
#2447 = PRESENTATION_LAYER_ASSIGNMENT (  '', '', ( #7295 ) ) ;
#2448 = PLANE ( 'NONE',  #3008 ) ;
#2449 = CARTESIAN_POINT ( 'NONE',  ( 7.620000000000000107, 0.000000000000000000, 8.090000000000003411 ) ) ;
#2450 = AXIS2_PLACEMENT_3D ( 'NONE', #7301, #3275, #768 ) ;
#2451 = LINE ( 'NONE', #3240, #9733 ) ;
#2452 = DIRECTION ( 'NONE',  ( 1.000000000000000000, 0.000000000000000000, 0.000000000000000000 ) ) ;
#2453 = DIRECTION ( 'NONE',  ( 0.000000000000000000, 0.000000000000000000, -1.000000000000000000 ) ) ;
#2454 = AXIS2_PLACEMENT_3D ( 'NONE', #4556, #414, #9299 ) ;
#2455 = ORIENTED_EDGE ( 'NONE', *, *, #4706, .F. ) ;
#2456 = ORIENTED_EDGE ( 'NONE', *, *, #7019, .T. ) ;
#2457 = EDGE_CURVE ( 'NONE', #5797, #3534, #6125, .T. ) ;
#2458 = AXIS2_PLACEMENT_3D ( 'NONE', #9516, #5571, #9413 ) ;
#2459 = DIRECTION ( 'NONE',  ( -0.000000000000000000, -1.000000000000000000, -0.000000000000000000 ) ) ;
#2460 = CIRCLE ( 'NONE', #3800, 0.2000000000000005107 ) ;
#2461 = ADVANCED_FACE ( 'NONE', ( #9067 ), #10024, .F. ) ;
#2462 = AXIS2_PLACEMENT_3D ( 'NONE', #9410, #10048, #8534 ) ;
#2463 = LINE ( 'NONE', #3200, #7480 ) ;
#2464 = FACE_OUTER_BOUND ( 'NONE', #9535, .T. ) ;
#2465 = CARTESIAN_POINT ( 'NONE',  ( 1.240000000000001545, 29.71055027400083759, -9.690000000000001279 ) ) ;
#2466 = CARTESIAN_POINT ( 'NONE',  ( -7.620000000000000107, 4.721281787984062284, -8.090000000000001634 ) ) ;
#2467 = CARTESIAN_POINT ( 'NONE',  ( -9.500000000000000000, 4.721281787984062284, 3.010000000000002451 ) ) ;
#2468 = DIRECTION ( 'NONE',  ( -0.000000000000000000, -1.000000000000000000, -0.000000000000000000 ) ) ;
#2469 = AXIS2_PLACEMENT_3D ( 'NONE', #47, #1828, #4923 ) ;
#2470 = DIRECTION ( 'NONE',  ( 0.000000000000000000, 0.000000000000000000, -1.000000000000000000 ) ) ;
#2471 = DIRECTION ( 'NONE',  ( 0.000000000000000000, 0.000000000000000000, -1.000000000000000000 ) ) ;
#2472 = CIRCLE ( 'NONE', #8144, 0.5079999999999997851 ) ;
#2473 = CARTESIAN_POINT ( 'NONE',  ( 4.719999999999999751, 1.750000000000000000, -9.479999999999995097 ) ) ;
#2474 = LINE ( 'NONE', #7184, #2285 ) ;
#2475 = VERTEX_POINT ( 'NONE', #10076 ) ;
#2476 = CARTESIAN_POINT ( 'NONE',  ( 1.590000000000000302, 2.970000000000000639, -5.279999999999999361 ) ) ;
#2477 = VERTEX_POINT ( 'NONE', #449 ) ;
#2478 = ORIENTED_EDGE ( 'NONE', *, *, #2187, .T. ) ;
#2479 = EDGE_CURVE ( 'NONE', #6600, #7515, #9021, .T. ) ;
#2480 = VECTOR ( 'NONE', #7847, 1000.000000000000000 ) ;
#2481 = AXIS2_PLACEMENT_3D ( 'NONE', #9515, #8783, #742 ) ;
#2482 = ORIENTED_EDGE ( 'NONE', *, *, #1982, .T. ) ;
#2483 = DIRECTION ( 'NONE',  ( -0.000000000000000000, -1.000000000000000000, -0.000000000000000000 ) ) ;
#2484 = AXIS2_PLACEMENT_3D ( 'NONE', #1929, #9986, #1207 ) ;
#2485 = CYLINDRICAL_SURFACE ( 'NONE', #1792, 0.5079999999999971205 ) ;
#2486 = VECTOR ( 'NONE', #7596, 1000.000000000000000 ) ;
#2487 = AXIS2_PLACEMENT_3D ( 'NONE', #3397, #3349, #781 ) ;
#2488 = FACE_OUTER_BOUND ( 'NONE', #1699, .T. ) ;
#2489 = ORIENTED_EDGE ( 'NONE', *, *, #403, .T. ) ;
#2490 = VERTEX_POINT ( 'NONE', #1970 ) ;
#2491 = ORIENTED_EDGE ( 'NONE', *, *, #6704, .F. ) ;
#2492 = EDGE_CURVE ( 'NONE', #8802, #4759, #10276, .T. ) ;
#2493 = CIRCLE ( 'NONE', #10345, 0.5080000000000062244 ) ;
#2494 = ORIENTED_EDGE ( 'NONE', *, *, #8528, .F. ) ;
#2495 = AXIS2_PLACEMENT_3D ( 'NONE', #4148, #164, #4247 ) ;
#2496 = CARTESIAN_POINT ( 'NONE',  ( -7.620000000000000107, 1.600000000000000089, -2.069999999999998508 ) ) ;
#2497 = DIRECTION ( 'NONE',  ( 0.000000000000000000, 1.000000000000000000, -0.000000000000000000 ) ) ;
#2498 = DIRECTION ( 'NONE',  ( -1.366641393889291440E-16, -0.000000000000000000, -1.000000000000000000 ) ) ;
#2499 = DIRECTION ( 'NONE',  ( -1.186541365237213826E-16, 0.000000000000000000, -1.000000000000000000 ) ) ;
#2500 = LINE ( 'NONE', #1025, #4806 ) ;
#2501 = ORIENTED_EDGE ( 'NONE', *, *, #354, .T. ) ;
#2502 = CARTESIAN_POINT ( 'NONE',  ( 0.000000000000000000, 3.270000000000000018, -9.340000000000003411 ) ) ;
#2503 = EDGE_LOOP ( 'NONE', ( #2893, #2501, #1263, #9159 ) ) ;
#2504 = CARTESIAN_POINT ( 'NONE',  ( -7.620000000000000107, 1.600000000000000089, 9.690000000000004832 ) ) ;
#2505 = EDGE_LOOP ( 'NONE', ( #3505, #10175, #2726, #3028 ) ) ;
#2506 = VECTOR ( 'NONE', #4761, 1000.000000000000000 ) ;
#2507 = VECTOR ( 'NONE', #6745, 1000.000000000000000 ) ;
#2508 = CARTESIAN_POINT ( 'NONE',  ( 2.699999999999999289, 1.750000000000000000, -8.009999999999996234 ) ) ;
#2509 = DIRECTION ( 'NONE',  ( 0.000000000000000000, 0.000000000000000000, -1.000000000000000000 ) ) ;
#2510 = VECTOR ( 'NONE', #7107, 1000.000000000000000 ) ;
#2511 = DIRECTION ( 'NONE',  ( -0.000000000000000000, -1.000000000000000000, -0.000000000000000000 ) ) ;
#2512 = ORIENTED_EDGE ( 'NONE', *, *, #4316, .T. ) ;
#2513 = ORIENTED_EDGE ( 'NONE', *, *, #6819, .F. ) ;
#2514 = EDGE_CURVE ( 'NONE', #5697, #7947, #7935, .T. ) ;
#2515 = ORIENTED_EDGE ( 'NONE', *, *, #5954, .T. ) ;
#2516 = CARTESIAN_POINT ( 'NONE',  ( 9.500000000000003553, 1.600000000000000089, -5.549999999999998934 ) ) ;
#2517 = CIRCLE ( 'NONE', #7196, 0.9499999999999995115 ) ;
#2518 = DIRECTION ( 'NONE',  ( -1.000000000000000000, 0.000000000000000000, 0.000000000000000000 ) ) ;
#2519 = CARTESIAN_POINT ( 'NONE',  ( 6.049999999999999822, 3.270000000000000018, -4.580000000000003624 ) ) ;
#2520 = CARTESIAN_POINT ( 'NONE',  ( -9.500000000000000000, 0.000000000000000000, 0.4699999999999999178 ) ) ;
#2521 = EDGE_CURVE ( 'NONE', #7756, #5891, #9180, .T. ) ;
#2522 = LINE ( 'NONE', #2615, #958 ) ;
#2523 = DIRECTION ( 'NONE',  ( -0.000000000000000000, -1.000000000000000000, -0.000000000000000000 ) ) ;
#2524 = FACE_OUTER_BOUND ( 'NONE', #8302, .T. ) ;
#2525 = CARTESIAN_POINT ( 'NONE',  ( 6.000000000000003553, 3.270000000000000018, 9.390000000000005898 ) ) ;
#2526 = CARTESIAN_POINT ( 'NONE',  ( 0.000000000000000000, 2.970000000000000195, -4.630000000000001670 ) ) ;
#2527 = DIRECTION ( 'NONE',  ( -1.384087879768729216E-15, 0.000000000000000000, -1.000000000000000000 ) ) ;
#2528 = ORIENTED_EDGE ( 'NONE', *, *, #6017, .T. ) ;
#2529 = EDGE_CURVE ( 'NONE', #4593, #6797, #2757, .T. ) ;
#2530 = DIRECTION ( 'NONE',  ( -1.000000000000000000, -0.000000000000000000, -0.000000000000000000 ) ) ;
#2531 = ORIENTED_EDGE ( 'NONE', *, *, #2610, .F. ) ;
#2532 = VERTEX_POINT ( 'NONE', #1191 ) ;
#2533 = ORIENTED_EDGE ( 'NONE', *, *, #4176, .T. ) ;
#2534 = DIRECTION ( 'NONE',  ( -0.000000000000000000, -1.000000000000000000, -0.000000000000000000 ) ) ;
#2535 = DIRECTION ( 'NONE',  ( 0.000000000000000000, -1.000000000000000000, -0.000000000000000000 ) ) ;
#2536 = EDGE_CURVE ( 'NONE', #6073, #7779, #6028, .T. ) ;
#2537 = CARTESIAN_POINT ( 'NONE',  ( 9.500000000000000000, 1.599999999999999867, 6.857999999999999652 ) ) ;
#2538 = DIRECTION ( 'NONE',  ( -0.000000000000000000, 1.000000000000000000, 0.000000000000000000 ) ) ;
#2539 = ORIENTED_EDGE ( 'NONE', *, *, #4697, .T. ) ;
#2540 = ORIENTED_EDGE ( 'NONE', *, *, #2778, .T. ) ;
#2541 = ORIENTED_EDGE ( 'NONE', *, *, #4914, .T. ) ;
#2542 = ORIENTED_EDGE ( 'NONE', *, *, #5536, .F. ) ;
#2543 = FACE_BOUND ( 'NONE', #1145, .T. ) ;
#2544 = DIRECTION ( 'NONE',  ( 0.000000000000000000, 1.000000000000000000, -0.000000000000000000 ) ) ;
#2545 = AXIS2_PLACEMENT_3D ( 'NONE', #3851, #2064, #10223 ) ;
#2546 = EDGE_CURVE ( 'NONE', #7560, #1734, #10233, .T. ) ;
#2547 = CARTESIAN_POINT ( 'NONE',  ( 0.000000000000000000, 1.600000000000000089, -2.069999999999998508 ) ) ;
#2548 = LINE ( 'NONE', #4960, #10327 ) ;
#2549 = CARTESIAN_POINT ( 'NONE',  ( 0.000000000000000000, 0.000000000000000000, 4.610000000000002984 ) ) ;
#2550 = ORIENTED_EDGE ( 'NONE', *, *, #4637, .T. ) ;
#2551 = LINE ( 'NONE', #4172, #5995 ) ;
#2552 = EDGE_LOOP ( 'NONE', ( #1029, #4009, #9907, #3139 ) ) ;
#2553 = ORIENTED_EDGE ( 'NONE', *, *, #2241, .T. ) ;
#2554 = VECTOR ( 'NONE', #3754, 1000.000000000000000 ) ;
#2555 = CARTESIAN_POINT ( 'NONE',  ( 9.500000000000000000, 0.000000000000000000, 0.000000000000000000 ) ) ;
#2556 = FACE_OUTER_BOUND ( 'NONE', #6956, .T. ) ;
#2557 = CARTESIAN_POINT ( 'NONE',  ( 0.000000000000000000, 1.600000000000000089, 11.00000000000000355 ) ) ;
#2558 = VECTOR ( 'NONE', #1171, 1000.000000000000000 ) ;
#2559 = CYLINDRICAL_SURFACE ( 'NONE', #2811, 0.8000000000000003775 ) ;
#2560 = ORIENTED_EDGE ( 'NONE', *, *, #9589, .F. ) ;
#2561 = ORIENTED_EDGE ( 'NONE', *, *, #9457, .T. ) ;
#2562 = VERTEX_POINT ( 'NONE', #670 ) ;
#2563 = LINE ( 'NONE', #1769, #7024 ) ;
#2564 = CIRCLE ( 'NONE', #9398, 0.1999999999999996503 ) ;
#2565 = EDGE_CURVE ( 'NONE', #5181, #3688, #2182, .T. ) ;
#2566 = CARTESIAN_POINT ( 'NONE',  ( -9.500000000000000000, 1.599999999999999867, -0.7620000000000002327 ) ) ;
#2567 = DIRECTION ( 'NONE',  ( -1.000000000000000000, -0.000000000000000000, 0.000000000000000000 ) ) ;
#2568 = CARTESIAN_POINT ( 'NONE',  ( 2.560562577572152244E-15, 0.000000000000000000, 5.550000000000006928 ) ) ;
#2569 = DIRECTION ( 'NONE',  ( -1.000000000000000000, -0.000000000000000000, -0.000000000000000000 ) ) ;
#2570 = FILL_AREA_STYLE_COLOUR ( '', #7861 ) ;
#2571 = CARTESIAN_POINT ( 'NONE',  ( 0.000000000000000000, 0.000000000000000000, -0.4699999999999986411 ) ) ;
#2572 = LINE ( 'NONE', #3412, #5326 ) ;
#2573 = VERTEX_POINT ( 'NONE', #2914 ) ;
#2574 = CARTESIAN_POINT ( 'NONE',  ( -9.499999999999996447, 0.000000000000000000, -8.089999999999999858 ) ) ;
#2575 = EDGE_LOOP ( 'NONE', ( #9495, #4935, #5391, #64 ) ) ;
#2576 = ORIENTED_EDGE ( 'NONE', *, *, #3060, .F. ) ;
#2577 = EDGE_CURVE ( 'NONE', #5798, #10131, #3806, .T. ) ;
#2578 = ADVANCED_FACE ( 'NONE', ( #3860 ), #4645, .F. ) ;
#2579 = CARTESIAN_POINT ( 'NONE',  ( 9.500000000000003553, 0.000000000000000000, 7.150000000000003908 ) ) ;
#2580 = CARTESIAN_POINT ( 'NONE',  ( 6.350000000000001421, 2.970000000000000195, 9.340000000000008740 ) ) ;
#2581 = ADVANCED_FACE ( 'NONE', ( #7097 ), #8559, .F. ) ;
#2582 = DIRECTION ( 'NONE',  ( -1.000000000000000000, 0.000000000000000000, 0.000000000000000000 ) ) ;
#2583 = SURFACE_STYLE_USAGE ( .BOTH. , #7289 ) ;
#2584 = DIRECTION ( 'NONE',  ( -1.000000000000000000, 0.000000000000000000, 1.186541365237213826E-16 ) ) ;
#2585 = ORIENTED_EDGE ( 'NONE', *, *, #4841, .T. ) ;
#2586 = VECTOR ( 'NONE', #8332, 1000.000000000000000 ) ;
#2587 = ORIENTED_EDGE ( 'NONE', *, *, #3781, .T. ) ;
#2588 = ORIENTED_EDGE ( 'NONE', *, *, #1242, .T. ) ;
#2589 = ADVANCED_FACE ( 'NONE', ( #1438 ), #3066, .F. ) ;
#2590 = DIRECTION ( 'NONE',  ( 0.000000000000000000, 1.000000000000000000, -0.000000000000000000 ) ) ;
#2591 = PLANE ( 'NONE',  #7479 ) ;
#2592 = EDGE_CURVE ( 'NONE', #7599, #6254, #3907, .T. ) ;
#2593 =( GEOMETRIC_REPRESENTATION_CONTEXT ( 3 ) GLOBAL_UNCERTAINTY_ASSIGNED_CONTEXT ( ( #1536 ) ) GLOBAL_UNIT_ASSIGNED_CONTEXT ( ( #7021, #468, #9241 ) ) REPRESENTATION_CONTEXT ( 'NONE', 'WORKASPACE' ) );
#2594 = AXIS2_PLACEMENT_3D ( 'NONE', #894, #4927, #1879 ) ;
#2595 = DIRECTION ( 'NONE',  ( 0.000000000000000000, 1.000000000000000000, -0.000000000000000000 ) ) ;
#2596 = DIRECTION ( 'NONE',  ( 0.000000000000000000, 0.000000000000000000, 1.000000000000000000 ) ) ;
#2597 = DIRECTION ( 'NONE',  ( 0.000000000000000000, 1.000000000000000000, -0.000000000000000000 ) ) ;
#2598 = EDGE_LOOP ( 'NONE', ( #4013, #8959, #771, #2418 ) ) ;
#2599 = ORIENTED_EDGE ( 'NONE', *, *, #10238, .T. ) ;
#2600 = CARTESIAN_POINT ( 'NONE',  ( 9.500000000000003553, 1.600000000000000089, 5.550000000000002487 ) ) ;
#2601 = ORIENTED_EDGE ( 'NONE', *, *, #217, .F. ) ;
#2602 = ORIENTED_EDGE ( 'NONE', *, *, #4624, .T. ) ;
#2603 = EDGE_CURVE ( 'NONE', #797, #9784, #5440, .T. ) ;
#2604 = AXIS2_PLACEMENT_3D ( 'NONE', #6080, #1350, #1442 ) ;
#2605 = CARTESIAN_POINT ( 'NONE',  ( 0.000000000000000000, 1.600000000000000089, 0.000000000000000000 ) ) ;
#2606 = CARTESIAN_POINT ( 'NONE',  ( 9.500000000000000000, 0.000000000000000000, 4.318000000000000504 ) ) ;
#2607 = FACE_OUTER_BOUND ( 'NONE', #6473, .T. ) ;
#2608 = VERTEX_POINT ( 'NONE', #4737 ) ;
#2609 = ORIENTED_EDGE ( 'NONE', *, *, #5425, .T. ) ;
#2610 = EDGE_CURVE ( 'NONE', #5230, #7401, #1085, .T. ) ;
#2611 = LINE ( 'NONE', #197, #4516 ) ;
#2612 = VECTOR ( 'NONE', #10111, 1000.000000000000000 ) ;
#2613 = CARTESIAN_POINT ( 'NONE',  ( 9.500000000000003553, 1.600000000000000089, -4.610000000000000320 ) ) ;
#2614 = LINE ( 'NONE', #8982, #8265 ) ;
#2615 = CARTESIAN_POINT ( 'NONE',  ( -7.215866559735457344E-16, 3.270000000000000018, -5.279999999999999361 ) ) ;
#2616 = CARTESIAN_POINT ( 'NONE',  ( -9.500000000000000000, 0.000000000000000000, 8.382000000000001450 ) ) ;
#2617 = DIRECTION ( 'NONE',  ( 0.000000000000000000, 0.000000000000000000, 1.000000000000000000 ) ) ;
#2618 = DIRECTION ( 'NONE',  ( 0.000000000000000000, 1.000000000000000000, -0.000000000000000000 ) ) ;
#2619 = LINE ( 'NONE', #4196, #806 ) ;
#2620 = CARTESIAN_POINT ( 'NONE',  ( 0.000000000000000000, 1.599999999999999867, -8.089999999999998082 ) ) ;
#2621 = ORIENTED_EDGE ( 'NONE', *, *, #1631, .T. ) ;
#2622 =( GEOMETRIC_REPRESENTATION_CONTEXT ( 3 ) GLOBAL_UNCERTAINTY_ASSIGNED_CONTEXT ( ( #5956 ) ) GLOBAL_UNIT_ASSIGNED_CONTEXT ( ( #4238, #5884, #5934 ) ) REPRESENTATION_CONTEXT ( 'NONE', 'WORKASPACE' ) );
#2623 = CARTESIAN_POINT ( 'NONE',  ( -7.619999999999845564, 4.721281787984062284, 6.350000000000003197 ) ) ;
#2624 = CIRCLE ( 'NONE', #113, 0.5079999999999997851 ) ;
#2625 = VERTEX_POINT ( 'NONE', #10183 ) ;
#2626 = ORIENTED_EDGE ( 'NONE', *, *, #3430, .T. ) ;
#2627 = CARTESIAN_POINT ( 'NONE',  ( 7.620000000000110241, 1.599999999999999867, 0.7619999999999956808 ) ) ;
#2628 = VECTOR ( 'NONE', #3615, 1000.000000000000000 ) ;
#2629 = CARTESIAN_POINT ( 'NONE',  ( 5.039999999999999147, 2.100000000000000089, -9.279999999999994031 ) ) ;
#2630 = CARTESIAN_POINT ( 'NONE',  ( -9.499999999999996447, 1.600000000000000089, 0.4700000000000016387 ) ) ;
#2631 = AXIS2_PLACEMENT_3D ( 'NONE', #9254, #1167, #10097 ) ;
#2632 = VECTOR ( 'NONE', #183, 1000.000000000000000 ) ;
#2633 = CYLINDRICAL_SURFACE ( 'NONE', #5844, 0.5080000000000032268 ) ;
#2634 =( NAMED_UNIT ( * ) PLANE_ANGLE_UNIT ( ) SI_UNIT ( $, .RADIAN. ) );
#2635 = DIRECTION ( 'NONE',  ( -1.000000000000000000, 0.000000000000000000, 0.000000000000000000 ) ) ;
#2636 = EDGE_CURVE ( 'NONE', #9453, #6037, #8140, .T. ) ;
#2637 = ADVANCED_FACE ( 'NONE', ( #1348 ), #6233, .F. ) ;
#2638 = VECTOR ( 'NONE', #2098, 1000.000000000000000 ) ;
#2639 = VERTEX_POINT ( 'NONE', #3955 ) ;
#2640 = ORIENTED_EDGE ( 'NONE', *, *, #9278, .T. ) ;
#2641 = EDGE_CURVE ( 'NONE', #1978, #9953, #7775, .T. ) ;
#2642 = VECTOR ( 'NONE', #9338, 1000.000000000000000 ) ;
#2643 = AXIS2_PLACEMENT_3D ( 'NONE', #9723, #7385, #7279 ) ;
#2644 = EDGE_LOOP ( 'NONE', ( #10021, #6277, #9075, #3977 ) ) ;
#2645 = CARTESIAN_POINT ( 'NONE',  ( 1.240000000000003100, 3.270000000000000018, -1.694635328422725488E-16 ) ) ;
#2646 = VECTOR ( 'NONE', #4466, 1000.000000000000000 ) ;
#2647 = DIRECTION ( 'NONE',  ( 1.000000000000000000, -0.000000000000000000, 0.000000000000000000 ) ) ;
#2648 = CARTESIAN_POINT ( 'NONE',  ( 3.969999999999999751, 2.100000000000000089, -9.009999999999996234 ) ) ;
#2649 = LINE ( 'NONE', #1853, #3402 ) ;
#2650 = EDGE_CURVE ( 'NONE', #2188, #4913, #2275, .T. ) ;
#2651 = DIRECTION ( 'NONE',  ( 0.000000000000000000, 0.000000000000000000, -1.000000000000000000 ) ) ;
#2652 = ORIENTED_EDGE ( 'NONE', *, *, #4116, .T. ) ;
#2653 = ORIENTED_EDGE ( 'NONE', *, *, #390, .F. ) ;
#2654 = VECTOR ( 'NONE', #9631, 1000.000000000000000 ) ;
#2655 = AXIS2_PLACEMENT_3D ( 'NONE', #10267, #6367, #9469 ) ;
#2656 = VERTEX_POINT ( 'NONE', #560 ) ;
#2657 = ADVANCED_FACE ( 'NONE', ( #2970 ), #9277, .F. ) ;
#2658 = LINE ( 'NONE', #386, #2795 ) ;
#2659 = ORIENTED_EDGE ( 'NONE', *, *, #1450, .F. ) ;
#2660 = AXIS2_PLACEMENT_3D ( 'NONE', #9276, #6027, #1190 ) ;
#2661 = DIRECTION ( 'NONE',  ( 0.000000000000000000, 0.000000000000000000, -1.000000000000000000 ) ) ;
#2662 = LINE ( 'NONE', #3550, #766 ) ;
#2663 = ADVANCED_FACE ( 'NONE', ( #10283 ), #6186, .T. ) ;
#2664 = ORIENTED_EDGE ( 'NONE', *, *, #1416, .T. ) ;
#2665 = DIRECTION ( 'NONE',  ( 0.000000000000000000, 0.000000000000000000, -1.000000000000000000 ) ) ;
#2666 = ORIENTED_EDGE ( 'NONE', *, *, #9912, .F. ) ;
#2667 = ORIENTED_EDGE ( 'NONE', *, *, #4123, .F. ) ;
#2668 = VECTOR ( 'NONE', #10326, 1000.000000000000000 ) ;
#2669 =( GEOMETRIC_REPRESENTATION_CONTEXT ( 3 ) GLOBAL_UNCERTAINTY_ASSIGNED_CONTEXT ( ( #3945 ) ) GLOBAL_UNIT_ASSIGNED_CONTEXT ( ( #4507, #6918, #8368 ) ) REPRESENTATION_CONTEXT ( 'NONE', 'WORKASPACE' ) );
#2670 = ORIENTED_EDGE ( 'NONE', *, *, #8008, .F. ) ;
#2671 = CARTESIAN_POINT ( 'NONE',  ( -7.619999999999922835, 0.000000000000000000, -0.7619999999999984563 ) ) ;
#2672 = DIRECTION ( 'NONE',  ( 1.366641393889291440E-16, -0.000000000000000000, 1.000000000000000000 ) ) ;
#2673 = ADVANCED_FACE ( 'NONE', ( #2332 ), #7204, .F. ) ;
#2674 = LINE ( 'NONE', #4926, #10304 ) ;
#2675 = DIRECTION ( 'NONE',  ( -0.000000000000000000, -1.000000000000000000, -0.000000000000000000 ) ) ;
#2676 = DIRECTION ( 'NONE',  ( 1.000000000000000000, 0.000000000000000000, -1.365923996832131609E-16 ) ) ;
#2677 = CYLINDRICAL_SURFACE ( 'NONE', #5542, 0.7999999999999986011 ) ;
#2678 = DIRECTION ( 'NONE',  ( 1.000000000000000000, -0.000000000000000000, 0.000000000000000000 ) ) ;
#2679 =( NAMED_UNIT ( * ) PLANE_ANGLE_UNIT ( ) SI_UNIT ( $, .RADIAN. ) );
#2680 = LINE ( 'NONE', #4293, #7142 ) ;
#2681 = ORIENTED_EDGE ( 'NONE', *, *, #7376, .T. ) ;
#2682 = CARTESIAN_POINT ( 'NONE',  ( 9.500000000000000000, 1.599999999999999867, -8.382000000000003226 ) ) ;
#2683 = VERTEX_POINT ( 'NONE', #4166 ) ;
#2684 = ORIENTED_EDGE ( 'NONE', *, *, #7943, .T. ) ;
#2685 = PLANE ( 'NONE',  #9344 ) ;
#2686 = PLANE ( 'NONE',  #8676 ) ;
#2687 = DIRECTION ( 'NONE',  ( 0.000000000000000000, 0.000000000000000000, 1.000000000000000000 ) ) ;
#2688 = DIRECTION ( 'NONE',  ( 0.000000000000000000, 0.000000000000000000, -1.000000000000000000 ) ) ;
#2689 = CARTESIAN_POINT ( 'NONE',  ( -7.619999999999921947, 1.600000000000000089, -1.270000000000000240 ) ) ;
#2690 = LINE ( 'NONE', #7498, #7898 ) ;
#2691 = ORIENTED_EDGE ( 'NONE', *, *, #530, .F. ) ;
#2692 = EDGE_LOOP ( 'NONE', ( #193, #5017, #6972, #8563 ) ) ;
#2693 = DIRECTION ( 'NONE',  ( -0.000000000000000000, -1.000000000000000000, -0.000000000000000000 ) ) ;
#2694 = ADVANCED_FACE ( 'NONE', ( #5803 ), #4068, .F. ) ;
#2695 = DIRECTION ( 'NONE',  ( -1.000000000000000000, 0.000000000000000000, 0.000000000000000000 ) ) ;
#2696 = ADVANCED_FACE ( 'NONE', ( #8864 ), #125, .T. ) ;
#2697 = LINE ( 'NONE', #9950, #2225 ) ;
#2698 = CARTESIAN_POINT ( 'NONE',  ( 9.500000000000003553, 1.600000000000000089, 4.610000000000002984 ) ) ;
#2699 = VERTEX_POINT ( 'NONE', #181 ) ;
#2700 = EDGE_LOOP ( 'NONE', ( #5720, #364, #862, #8730, #7374, #2550, #813, #6369 ) ) ;
#2701 = VERTEX_POINT ( 'NONE', #1750 ) ;
#2702 = FACE_OUTER_BOUND ( 'NONE', #1489, .T. ) ;
#2703 = ORIENTED_EDGE ( 'NONE', *, *, #6631, .F. ) ;
#2704 = ADVANCED_FACE ( 'NONE', ( #3177 ), #1656, .T. ) ;
#2705 = ADVANCED_FACE ( 'NONE', ( #5592 ), #3332, .F. ) ;
#2706 = CARTESIAN_POINT ( 'NONE',  ( 9.500000000000000000, 0.000000000000000000, -4.318000000000000504 ) ) ;
#2707 = COLOUR_RGB ( '',1.000000000000000000, 0.8117647058823529438, 0.5019607843137254832 ) ;
#2708 = EDGE_CURVE ( 'NONE', #6120, #875, #4811, .T. ) ;
#2709 = CARTESIAN_POINT ( 'NONE',  ( -9.499999999999948486, 4.721281787984062284, -3.810000000000000053 ) ) ;
#2710 =( NAMED_UNIT ( * ) PLANE_ANGLE_UNIT ( ) SI_UNIT ( $, .RADIAN. ) );
#2711 = ORIENTED_EDGE ( 'NONE', *, *, #7843, .F. ) ;
#2712 = VECTOR ( 'NONE', #2858, 1000.000000000000000 ) ;
#2713 = DIRECTION ( 'NONE',  ( 0.000000000000000000, 0.000000000000000000, -1.000000000000000000 ) ) ;
#2714 = VECTOR ( 'NONE', #5495, 1000.000000000000000 ) ;
#2715 = VERTEX_POINT ( 'NONE', #6430 ) ;
#2716 = EDGE_LOOP ( 'NONE', ( #2017, #8923, #4171, #9954 ) ) ;
#2717 = EDGE_LOOP ( 'NONE', ( #1503, #2777, #9741, #1126 ) ) ;
#2718 = EDGE_CURVE ( 'NONE', #9836, #10237, #1954, .T. ) ;
#2719 = AXIS2_PLACEMENT_3D ( 'NONE', #5573, #8787, #3047 ) ;
#2720 = FACE_OUTER_BOUND ( 'NONE', #5607, .T. ) ;
#2721 = FACE_OUTER_BOUND ( 'NONE', #3911, .T. ) ;
#2722 = CYLINDRICAL_SURFACE ( 'NONE', #5824, 0.5079999999999997851 ) ;
#2723 = DIRECTION ( 'NONE',  ( 0.000000000000000000, 1.000000000000000000, -0.000000000000000000 ) ) ;
#2724 = DIRECTION ( 'NONE',  ( -0.000000000000000000, -1.000000000000000000, -0.000000000000000000 ) ) ;
#2725 = CARTESIAN_POINT ( 'NONE',  ( 6.000000000000003553, 3.270000000000000018, 9.340000000000006963 ) ) ;
#2726 = ORIENTED_EDGE ( 'NONE', *, *, #3986, .T. ) ;
#2727 = ORIENTED_EDGE ( 'NONE', *, *, #6370, .T. ) ;
#2728 = ORIENTED_EDGE ( 'NONE', *, *, #7504, .F. ) ;
#2729 = AXIS2_PLACEMENT_3D ( 'NONE', #6690, #5960, #1069 ) ;
#2730 = DIRECTION ( 'NONE',  ( 1.366641393889291440E-16, 0.000000000000000000, 1.000000000000000000 ) ) ;
#2731 = EDGE_CURVE ( 'NONE', #4298, #4848, #8756, .T. ) ;
#2732 = CARTESIAN_POINT ( 'NONE',  ( 3.219999999999999751, 1.750000000000000000, -9.979999999999996874 ) ) ;
#2733 = DIRECTION ( 'NONE',  ( -1.000000000000000000, 0.000000000000000000, 0.000000000000000000 ) ) ;
#2734 = CARTESIAN_POINT ( 'NONE',  ( -7.619999999999842011, 1.600000000000000089, 6.349999999999999645 ) ) ;
#2735 = FACE_OUTER_BOUND ( 'NONE', #165, .T. ) ;
#2736 = DIRECTION ( 'NONE',  ( -0.000000000000000000, -1.000000000000000000, -0.000000000000000000 ) ) ;
#2737 = VERTEX_POINT ( 'NONE', #4852 ) ;
#2738 = ORIENTED_EDGE ( 'NONE', *, *, #1227, .T. ) ;
#2739 = CARTESIAN_POINT ( 'NONE',  ( 7.620000000000007212, 4.721281787984062284, -9.397999999999999687 ) ) ;
#2740 = ORIENTED_EDGE ( 'NONE', *, *, #4329, .T. ) ;
#2741 = ADVANCED_FACE ( 'NONE', ( #3382, #9744 ), #2591, .F. ) ;
#2742 = LINE ( 'NONE', #9215, #6847 ) ;
#2743 = DIRECTION ( 'NONE',  ( 0.000000000000000000, 1.000000000000000000, 0.000000000000000000 ) ) ;
#2744 = PLANE ( 'NONE',  #6729 ) ;
#2745 = CARTESIAN_POINT ( 'NONE',  ( 9.500000000000000000, 0.000000000000000000, -6.349999999999999645 ) ) ;
#2746 = AXIS2_PLACEMENT_3D ( 'NONE', #8380, #8433, #4461 ) ;
#2747 = LINE ( 'NONE', #552, #6500 ) ;
#2748 = EDGE_LOOP ( 'NONE', ( #3159, #3428, #10069, #3832 ) ) ;
#2749 = VERTEX_POINT ( 'NONE', #1705 ) ;
#2750 = ORIENTED_EDGE ( 'NONE', *, *, #1550, .T. ) ;
#2751 = LINE ( 'NONE', #8235, #1788 ) ;
#2752 = ORIENTED_EDGE ( 'NONE', *, *, #3781, .F. ) ;
#2753 = VERTEX_POINT ( 'NONE', #9642 ) ;
#2754 = EDGE_CURVE ( 'NONE', #3571, #5967, #4904, .T. ) ;
#2755 = VECTOR ( 'NONE', #7528, 1000.000000000000000 ) ;
#2756 = CYLINDRICAL_SURFACE ( 'NONE', #2991, 0.8000000000000012657 ) ;
#2757 = LINE ( 'NONE', #9120, #5290 ) ;
#2758 = LINE ( 'NONE', #5242, #5056 ) ;
#2759 = ORIENTED_EDGE ( 'NONE', *, *, #3798, .T. ) ;
#2760 = EDGE_CURVE ( 'NONE', #9049, #7434, #4792, .T. ) ;
#2761 = DIRECTION ( 'NONE',  ( 0.000000000000000000, 0.000000000000000000, 1.000000000000000000 ) ) ;
#2762 = EDGE_CURVE ( 'NONE', #8871, #6735, #116, .T. ) ;
#2763 = VECTOR ( 'NONE', #8292, 1000.000000000000000 ) ;
#2764 = ORIENTED_EDGE ( 'NONE', *, *, #1228, .F. ) ;
#2765 = EDGE_CURVE ( 'NONE', #3631, #6135, #2977, .T. ) ;
#2766 = DIRECTION ( 'NONE',  ( -1.000000000000000000, 0.000000000000000000, 0.000000000000000000 ) ) ;
#2767 = MECHANICAL_DESIGN_GEOMETRIC_PRESENTATION_REPRESENTATION (  '', ( #930 ), #2097 ) ;
#2768 = CARTESIAN_POINT ( 'NONE',  ( -9.500000000000000000, 1.599999999999999867, 0.000000000000000000 ) ) ;
#2769 = DIRECTION ( 'NONE',  ( -0.000000000000000000, -1.000000000000000000, -0.000000000000000000 ) ) ;
#2770 = CARTESIAN_POINT ( 'NONE',  ( 7.620000000000000107, 1.600000000000000089, -7.150000000000001243 ) ) ;
#2771 = PLANE ( 'NONE',  #9093 ) ;
#2772 = DIRECTION ( 'NONE',  ( 0.000000000000000000, 1.000000000000000000, 0.000000000000000000 ) ) ;
#2773 = EDGE_CURVE ( 'NONE', #2838, #1364, #7299, .T. ) ;
#2774 = DIRECTION ( 'NONE',  ( -1.186541365237213826E-16, -0.000000000000000000, -1.000000000000000000 ) ) ;
#2775 = ORIENTED_EDGE ( 'NONE', *, *, #501, .F. ) ;
#2776 = ORIENTED_EDGE ( 'NONE', *, *, #6844, .F. ) ;
#2777 = ORIENTED_EDGE ( 'NONE', *, *, #6066, .F. ) ;
#2778 = EDGE_CURVE ( 'NONE', #5282, #1648, #4310, .T. ) ;
#2779 = CLOSED_SHELL ( 'NONE', ( #7818, #3363, #3039, #479, #4173, #5418, #597, #6587, #6800, #7118 ) ) ;
#2780 = DIRECTION ( 'NONE',  ( 1.000000000000000000, 0.000000000000000000, -0.000000000000000000 ) ) ;
#2781 = CARTESIAN_POINT ( 'NONE',  ( -9.500000000000000000, 0.000000000000000000, 0.000000000000000000 ) ) ;
#2782 = FILL_AREA_STYLE ('',( #9939 ) ) ;
#2783 = DIRECTION ( 'NONE',  ( -0.000000000000000000, -1.000000000000000000, -0.000000000000000000 ) ) ;
#2784 = CARTESIAN_POINT ( 'NONE',  ( 9.500000000000003553, 0.000000000000000000, 2.070000000000002505 ) ) ;
#2785 = VECTOR ( 'NONE', #3250, 1000.000000000000000 ) ;
#2786 = LINE ( 'NONE', #6218, #8405 ) ;
#2787 = AXIS2_PLACEMENT_3D ( 'NONE', #5011, #1181, #9795 ) ;
#2788 = EDGE_CURVE ( 'NONE', #4108, #2532, #6630, .T. ) ;
#2789 = ORIENTED_EDGE ( 'NONE', *, *, #1561, .F. ) ;
#2790 = CARTESIAN_POINT ( 'NONE',  ( 0.000000000000000000, 0.000000000000000000, 11.00000000000000355 ) ) ;
#2791 = ORIENTED_EDGE ( 'NONE', *, *, #2954, .F. ) ;
#2792 = AXIS2_PLACEMENT_3D ( 'NONE', #10318, #3155, #9519 ) ;
#2793 = STYLED_ITEM ( 'NONE', ( #7856 ), #5092 ) ;
#2794 = DIRECTION ( 'NONE',  ( 0.000000000000000000, 0.000000000000000000, -1.000000000000000000 ) ) ;
#2795 = VECTOR ( 'NONE', #7514, 1000.000000000000000 ) ;
#2796 = UNCERTAINTY_MEASURE_WITH_UNIT (LENGTH_MEASURE( 1.000000000000000082E-05 ), #10211, 'distance_accuracy_value', 'NONE');
#2797 = VECTOR ( 'NONE', #26, 1000.000000000000000 ) ;
#2798 = AXIS2_PLACEMENT_3D ( 'NONE', #786, #841, #4084 ) ;
#2799 = CARTESIAN_POINT ( 'NONE',  ( -9.500000000000000000, 1.599999999999999867, -9.397999999999999687 ) ) ;
#2800 = CARTESIAN_POINT ( 'NONE',  ( 0.000000000000000000, 3.069999999999999840, 9.390000000000007674 ) ) ;
#2801 = LINE ( 'NONE', #8503, #466 ) ;
#2802 = ADVANCED_FACE ( 'NONE', ( #5854 ), #8390, .F. ) ;
#2803 = ORIENTED_EDGE ( 'NONE', *, *, #1091, .F. ) ;
#2804 = ORIENTED_EDGE ( 'NONE', *, *, #1819, .T. ) ;
#2805 = VECTOR ( 'NONE', #10050, 1000.000000000000000 ) ;
#2806 = CIRCLE ( 'NONE', #4482, 0.5079999999999997851 ) ;
#2807 = ORIENTED_EDGE ( 'NONE', *, *, #6482, .F. ) ;
#2808 = DIRECTION ( 'NONE',  ( -1.000000000000000000, 0.000000000000000000, 0.000000000000000000 ) ) ;
#2809 = ORIENTED_EDGE ( 'NONE', *, *, #3741, .F. ) ;
#2810 = EDGE_LOOP ( 'NONE', ( #1613, #488, #3338, #8189 ) ) ;
#2811 = AXIS2_PLACEMENT_3D ( 'NONE', #9556, #3244, #2453 ) ;
#2812 = CARTESIAN_POINT ( 'NONE',  ( -7.619999999999975238, 1.599999999999999867, -6.349999999999999645 ) ) ;
#2813 = DIRECTION ( 'NONE',  ( -0.000000000000000000, -1.000000000000000000, -0.000000000000000000 ) ) ;
#2814 = FACE_OUTER_BOUND ( 'NONE', #540, .T. ) ;
#2815 = AXIS2_PLACEMENT_3D ( 'NONE', #7496, #264, #2688 ) ;
#2816 = DIRECTION ( 'NONE',  ( -0.000000000000000000, 0.000000000000000000, -1.000000000000000000 ) ) ;
#2817 = LINE ( 'NONE', #2870, #9943 ) ;
#2818 = AXIS2_PLACEMENT_3D ( 'NONE', #3463, #4992, #9835 ) ;
#2819 = ORIENTED_EDGE ( 'NONE', *, *, #4818, .T. ) ;
#2820 = CYLINDRICAL_SURFACE ( 'NONE', #5167, 0.5079999999999997851 ) ;
#2821 = ORIENTED_EDGE ( 'NONE', *, *, #5346, .F. ) ;
#2822 = EDGE_LOOP ( 'NONE', ( #7454, #122, #2884, #1116 ) ) ;
#2823 = AXIS2_PLACEMENT_3D ( 'NONE', #1749, #4212, #868 ) ;
#2824 = PLANE ( 'NONE',  #1010 ) ;
#2825 = VECTOR ( 'NONE', #826, 1000.000000000000000 ) ;
#2826 = EDGE_CURVE ( 'NONE', #3114, #5218, #8228, .T. ) ;
#2827 = CARTESIAN_POINT ( 'NONE',  ( 0.000000000000000000, 1.599999999999999867, 3.010000000000002451 ) ) ;
#2828 = DIRECTION ( 'NONE',  ( 0.000000000000000000, 0.000000000000000000, 1.000000000000000000 ) ) ;
#2829 = CARTESIAN_POINT ( 'NONE',  ( 3.969999999999999751, 3.000000000000000000, -8.209999999999995524 ) ) ;
#2830 = LINE ( 'NONE', #5202, #6160 ) ;
#2831 = ADVANCED_FACE ( 'NONE', ( #6687 ), #434, .F. ) ;
#2832 = LINE ( 'NONE', #5886, #6776 ) ;
#2833 = CIRCLE ( 'NONE', #1490, 0.5080000000000050031 ) ;
#2834 =( GEOMETRIC_REPRESENTATION_CONTEXT ( 3 ) GLOBAL_UNCERTAINTY_ASSIGNED_CONTEXT ( ( #6271 ) ) GLOBAL_UNIT_ASSIGNED_CONTEXT ( ( #2237, #8679, #3078 ) ) REPRESENTATION_CONTEXT ( 'NONE', 'WORKASPACE' ) );
#2835 = DIRECTION ( 'NONE',  ( 0.000000000000000000, 1.000000000000000000, -0.000000000000000000 ) ) ;
#2836 = EDGE_LOOP ( 'NONE', ( #10020, #6162 ) ) ;
#2837 = VERTEX_POINT ( 'NONE', #5274 ) ;
#2838 = VERTEX_POINT ( 'NONE', #8443 ) ;
#2839 = CARTESIAN_POINT ( 'NONE',  ( 9.500000000000000000, 0.000000000000000000, 1.270000000000000240 ) ) ;
#2840 = VECTOR ( 'NONE', #5199, 1000.000000000000000 ) ;
#2841 = EDGE_CURVE ( 'NONE', #9285, #8962, #1180, .T. ) ;
#2842 = CARTESIAN_POINT ( 'NONE',  ( 9.500000000000000000, 1.599999999999999867, -3.009999999999999343 ) ) ;
#2843 = CARTESIAN_POINT ( 'NONE',  ( -9.499999999999996447, 0.000000000000000000, -0.000000000000000000 ) ) ;
#2844 = SURFACE_SIDE_STYLE ('',( #3918 ) ) ;
#2845 = CARTESIAN_POINT ( 'NONE',  ( -6.000000000000002665, 1.600000000000000755, -9.490000000000000213 ) ) ;
#2846 = EDGE_CURVE ( 'NONE', #4897, #4759, #10009, .T. ) ;
#2847 = FACE_OUTER_BOUND ( 'NONE', #6850, .T. ) ;
#2848 = FACE_OUTER_BOUND ( 'NONE', #7362, .T. ) ;
#2849 = CARTESIAN_POINT ( 'NONE',  ( 0.000000000000000000, 0.000000000000000000, 0.000000000000000000 ) ) ;
#2850 = ORIENTED_EDGE ( 'NONE', *, *, #8641, .F. ) ;
#2851 = VECTOR ( 'NONE', #8238, 1000.000000000000000 ) ;
#2852 = DIRECTION ( 'NONE',  ( 0.000000000000000000, 0.000000000000000000, 1.000000000000000000 ) ) ;
#2853 = ORIENTED_EDGE ( 'NONE', *, *, #4154, .F. ) ;
#2854 = CARTESIAN_POINT ( 'NONE',  ( -9.500000000000000000, 0.000000000000000000, -5.842000000000002302 ) ) ;
#2855 = EDGE_CURVE ( 'NONE', #3796, #5891, #5108, .T. ) ;
#2856 = CARTESIAN_POINT ( 'NONE',  ( 6.000000000000003553, 2.970000000000000639, 9.690000000000004832 ) ) ;
#2857 = CARTESIAN_POINT ( 'NONE',  ( 9.500000000000003553, 1.600000000000000089, 0.4700000000000016387 ) ) ;
#2858 = DIRECTION ( 'NONE',  ( -1.000000000000000000, 0.000000000000000000, 0.000000000000000000 ) ) ;
#2859 = CARTESIAN_POINT ( 'NONE',  ( -7.619999999999870433, 4.721281787984062284, 3.810000000000002718 ) ) ;
#2860 = ORIENTED_EDGE ( 'NONE', *, *, #3881, .T. ) ;
#2861 = EDGE_LOOP ( 'NONE', ( #6876, #9804, #6286, #1861 ) ) ;
#2862 = DIRECTION ( 'NONE',  ( -1.000000000000000000, 0.000000000000000000, 0.000000000000000000 ) ) ;
#2863 = VERTEX_POINT ( 'NONE', #525 ) ;
#2864 = VERTEX_POINT ( 'NONE', #9356 ) ;
#2865 = DIRECTION ( 'NONE',  ( 0.000000000000000000, 0.000000000000000000, 1.000000000000000000 ) ) ;
#2866 = EDGE_CURVE ( 'NONE', #4498, #9885, #2196, .T. ) ;
#2867 = DIRECTION ( 'NONE',  ( 0.000000000000000000, 0.000000000000000000, 1.000000000000000000 ) ) ;
#2868 = DIRECTION ( 'NONE',  ( 1.000000000000000000, -0.000000000000000000, -1.365923996832131609E-16 ) ) ;
#2869 = CARTESIAN_POINT ( 'NONE',  ( 9.500000000000000000, 4.721281787984062284, 3.810000000000000941 ) ) ;
#2870 = CARTESIAN_POINT ( 'NONE',  ( 9.500000000000000000, 1.599999999999999867, 0.000000000000000000 ) ) ;
#2871 = ORIENTED_EDGE ( 'NONE', *, *, #7190, .T. ) ;
#2872 = LINE ( 'NONE', #6082, #3984 ) ;
#2873 = EDGE_LOOP ( 'NONE', ( #2429, #8286, #6719, #8861 ) ) ;
#2874 = ORIENTED_EDGE ( 'NONE', *, *, #9610, .T. ) ;
#2875 = DIRECTION ( 'NONE',  ( -0.000000000000000000, 0.000000000000000000, 1.000000000000000000 ) ) ;
#2876 = DIRECTION ( 'NONE',  ( 0.000000000000000000, 1.000000000000000000, -0.000000000000000000 ) ) ;
#2877 = CARTESIAN_POINT ( 'NONE',  ( -7.619999999999922835, 1.599999999999999867, -0.7619999999999984563 ) ) ;
#2878 = CARTESIAN_POINT ( 'NONE',  ( 9.500000000000003553, 1.600000000000000089, 0.000000000000000000 ) ) ;
#2879 = CARTESIAN_POINT ( 'NONE',  ( -7.619999999999975238, 4.721281787984062284, -6.858000000000000540 ) ) ;
#2880 = DIRECTION ( 'NONE',  ( 1.000000000000000000, 0.000000000000000000, -0.000000000000000000 ) ) ;
#2881 = LINE ( 'NONE', #9248, #4634 ) ;
#2882 = ORIENTED_EDGE ( 'NONE', *, *, #4651, .F. ) ;
#2883 = ORIENTED_EDGE ( 'NONE', *, *, #6308, .F. ) ;
#2884 = ORIENTED_EDGE ( 'NONE', *, *, #8173, .T. ) ;
#2885 = VECTOR ( 'NONE', #10235, 1000.000000000000000 ) ;
#2886 = EDGE_CURVE ( 'NONE', #3631, #255, #1363, .T. ) ;
#2887 = CARTESIAN_POINT ( 'NONE',  ( -7.620000000000000107, 1.599999999999999867, 0.4699999999999999178 ) ) ;
#2888 = LINE ( 'NONE', #4518, #1787 ) ;
#2889 = DIRECTION ( 'NONE',  ( 0.000000000000000000, 1.000000000000000000, -0.000000000000000000 ) ) ;
#2890 = CYLINDRICAL_SURFACE ( 'NONE', #9443, 0.5080000000000050031 ) ;
#2891 = PLANE ( 'NONE',  #1384 ) ;
#2892 = AXIS2_PLACEMENT_3D ( 'NONE', #8539, #3002, #4462 ) ;
#2893 = ORIENTED_EDGE ( 'NONE', *, *, #1227, .F. ) ;
#2894 = ORIENTED_EDGE ( 'NONE', *, *, #6005, .F. ) ;
#2895 = CARTESIAN_POINT ( 'NONE',  ( 7.620000000000135998, 4.721281787984062284, 3.301999999999998270 ) ) ;
#2896 = EDGE_CURVE ( 'NONE', #7919, #1905, #8578, .T. ) ;
#2897 = ORIENTED_EDGE ( 'NONE', *, *, #7372, .F. ) ;
#2898 = ADVANCED_FACE ( 'NONE', ( #1517 ), #4710, .F. ) ;
#2899 = EDGE_CURVE ( 'NONE', #9509, #965, #459, .T. ) ;
#2900 = LINE ( 'NONE', #8499, #5005 ) ;
#2901 = CARTESIAN_POINT ( 'NONE',  ( -9.499999999999948486, 1.599999999999999867, -3.810000000000000053 ) ) ;
#2902 = FACE_BOUND ( 'NONE', #5169, .T. ) ;
#2903 = CARTESIAN_POINT ( 'NONE',  ( -7.620000000000000107, 0.000000000000000000, -5.549999999999998934 ) ) ;
#2904 = LINE ( 'NONE', #4531, #542 ) ;
#2905 = LINE ( 'NONE', #9951, #1963 ) ;
#2906 = ORIENTED_EDGE ( 'NONE', *, *, #932, .T. ) ;
#2907 = EDGE_LOOP ( 'NONE', ( #5367, #8894 ) ) ;
#2908 = EDGE_CURVE ( 'NONE', #854, #3555, #7892, .T. ) ;
#2909 = ORIENTED_EDGE ( 'NONE', *, *, #665, .F. ) ;
#2910 = ORIENTED_EDGE ( 'NONE', *, *, #3870, .T. ) ;
#2911 = VERTEX_POINT ( 'NONE', #4607 ) ;
#2912 = ADVANCED_FACE ( 'NONE', ( #2989 ), #8623, .F. ) ;
#2913 = FACE_OUTER_BOUND ( 'NONE', #2810, .T. ) ;
#2914 = CARTESIAN_POINT ( 'NONE',  ( -6.049999999999999822, 3.270000000000000018, -9.340000000000003411 ) ) ;
#2915 = DIRECTION ( 'NONE',  ( -0.000000000000000000, -1.000000000000000000, -0.000000000000000000 ) ) ;
#2916 = DIRECTION ( 'NONE',  ( -0.000000000000000000, -1.000000000000000000, -0.000000000000000000 ) ) ;
#2917 = DIRECTION ( 'NONE',  ( 0.000000000000000000, 1.000000000000000000, -0.000000000000000000 ) ) ;
#2918 = ORIENTED_EDGE ( 'NONE', *, *, #1697, .F. ) ;
#2919 = EDGE_CURVE ( 'NONE', #5398, #2608, #9508, .T. ) ;
#2920 = VERTEX_POINT ( 'NONE', #2147 ) ;
#2921 = CARTESIAN_POINT ( 'NONE',  ( -9.500000000000000000, 1.599999999999999867, 0.000000000000000000 ) ) ;
#2922 = ORIENTED_EDGE ( 'NONE', *, *, #8007, .F. ) ;
#2923 = LINE ( 'NONE', #10195, #2840 ) ;
#2924 = AXIS2_PLACEMENT_3D ( 'NONE', #1625, #8839, #5619 ) ;
#2925 = CARTESIAN_POINT ( 'NONE',  ( 0.000000000000000000, 1.599999999999999867, -9.690000000000003055 ) ) ;
#2926 = CARTESIAN_POINT ( 'NONE',  ( -9.499999999999996447, 1.600000000000000089, 0.000000000000000000 ) ) ;
#2927 = AXIS2_PLACEMENT_3D ( 'NONE', #1912, #6903, #2074 ) ;
#2928 = LINE ( 'NONE', #2987, #2963 ) ;
#2929 = DIRECTION ( 'NONE',  ( -1.000000000000000000, 0.000000000000000000, 0.000000000000000000 ) ) ;
#2930 = PRESENTATION_STYLE_ASSIGNMENT (( #4350 ) ) ;
#2931 =( NAMED_UNIT ( * ) PLANE_ANGLE_UNIT ( ) SI_UNIT ( $, .RADIAN. ) );
#2932 = DIRECTION ( 'NONE',  ( 0.000000000000000000, 0.000000000000000000, 1.000000000000000000 ) ) ;
#2933 = ADVANCED_FACE ( 'NONE', ( #2352 ), #2297, .T. ) ;
#2934 = CARTESIAN_POINT ( 'NONE',  ( -7.620000000000000107, 4.721281787984062284, 3.010000000000002451 ) ) ;
#2935 = ORIENTED_EDGE ( 'NONE', *, *, #5553, .F. ) ;
#2936 = ORIENTED_EDGE ( 'NONE', *, *, #6425, .F. ) ;
#2937 = VERTEX_POINT ( 'NONE', #7026 ) ;
#2938 = CARTESIAN_POINT ( 'NONE',  ( -7.620000000000000995, 0.000000000000000000, -8.890000000000000568 ) ) ;
#2939 = VECTOR ( 'NONE', #3654, 1000.000000000000000 ) ;
#2940 = DIRECTION ( 'NONE',  ( -0.000000000000000000, -1.000000000000000000, -0.000000000000000000 ) ) ;
#2941 = DIRECTION ( 'NONE',  ( -1.000000000000000000, 0.000000000000000000, -0.000000000000000000 ) ) ;
#2942 = CARTESIAN_POINT ( 'NONE',  ( -9.500000000000000000, 1.599999999999999867, 0.7620000000000002327 ) ) ;
#2943 = FACE_OUTER_BOUND ( 'NONE', #1248, .T. ) ;
#2944 = CARTESIAN_POINT ( 'NONE',  ( 6.000000000000001776, 2.970000000000000639, -4.930000000000001492 ) ) ;
#2945 = ORIENTED_EDGE ( 'NONE', *, *, #6868, .F. ) ;
#2946 = EDGE_LOOP ( 'NONE', ( #10059, #6026, #325, #2270 ) ) ;
#2947 = PLANE ( 'NONE',  #7327 ) ;
#2948 = VERTEX_POINT ( 'NONE', #5511 ) ;
#2949 = LINE ( 'NONE', #6064, #483 ) ;
#2950 = CARTESIAN_POINT ( 'NONE',  ( -9.500000000000000000, 0.000000000000000000, -0.7620000000000002327 ) ) ;
#2951 = AXIS2_PLACEMENT_3D ( 'NONE', #7696, #2835, #6665 ) ;
#2952 = ADVANCED_FACE ( 'NONE', ( #6967 ), #6143, .F. ) ;
#2953 = AXIS2_PLACEMENT_3D ( 'NONE', #3384, #2595, #9855 ) ;
#2954 = EDGE_CURVE ( 'NONE', #690, #8699, #10204, .T. ) ;
#2955 = CARTESIAN_POINT ( 'NONE',  ( 0.000000000000000000, 0.000000000000000000, -8.089999999999998082 ) ) ;
#2956 = CARTESIAN_POINT ( 'NONE',  ( -7.620000000000000107, 1.599999999999999867, -4.609999999999998543 ) ) ;
#2957 = CARTESIAN_POINT ( 'NONE',  ( -9.500000000000000000, 1.599999999999999867, 0.4699999999999999178 ) ) ;
#2958 = CARTESIAN_POINT ( 'NONE',  ( 7.620000000000085372, 1.599999999999999867, -1.270000000000000240 ) ) ;
#2959 = AXIS2_PLACEMENT_3D ( 'NONE', #4054, #4941, #5793 ) ;
#2960 = ORIENTED_EDGE ( 'NONE', *, *, #1920, .T. ) ;
#2961 = VERTEX_POINT ( 'NONE', #9298 ) ;
#2962 = ADVANCED_FACE ( 'NONE', ( #5364, #6298 ), #8527, .T. ) ;
#2963 = VECTOR ( 'NONE', #1312, 1000.000000000000000 ) ;
#2964 = VECTOR ( 'NONE', #8366, 1000.000000000000000 ) ;
#2965 = ORIENTED_EDGE ( 'NONE', *, *, #24, .T. ) ;
#2966 = VERTEX_POINT ( 'NONE', #7069 ) ;
#2967 = DIRECTION ( 'NONE',  ( -1.000000000000000000, 0.000000000000000000, 0.000000000000000000 ) ) ;
#2968 = DIRECTION ( 'NONE',  ( -0.000000000000000000, -1.000000000000000000, -0.000000000000000000 ) ) ;
#2969 = CIRCLE ( 'NONE', #8141, 0.2999999999999999334 ) ;
#2970 = FACE_OUTER_BOUND ( 'NONE', #3913, .T. ) ;
#2971 = EDGE_CURVE ( 'NONE', #10166, #5848, #4473, .T. ) ;
#2972 = CIRCLE ( 'NONE', #6327, 0.5080000000000046700 ) ;
#2973 = LINE ( 'NONE', #10188, #5906 ) ;
#2974 = VECTOR ( 'NONE', #4373, 1000.000000000000000 ) ;
#2975 = EDGE_LOOP ( 'NONE', ( #9357, #2728, #3678, #9103 ) ) ;
#2976 = EDGE_CURVE ( 'NONE', #6637, #7375, #9405, .T. ) ;
#2977 = CIRCLE ( 'NONE', #5999, 0.5079999999999997851 ) ;
#2978 = AXIS2_PLACEMENT_3D ( 'NONE', #8026, #4004, #6419 ) ;
#2979 = ORIENTED_EDGE ( 'NONE', *, *, #1616, .T. ) ;
#2980 = CARTESIAN_POINT ( 'NONE',  ( 1.649371390057740323E-14, 1.599999999999999867, 7.150000000000019895 ) ) ;
#2981 = ORIENTED_EDGE ( 'NONE', *, *, #5222, .T. ) ;
#2982 = CARTESIAN_POINT ( 'NONE',  ( 0.000000000000000000, 3.069999999999999840, -4.630000000000001670 ) ) ;
#2983 = AXIS2_PLACEMENT_3D ( 'NONE', #1891, #318, #4157 ) ;
#2984 = EDGE_CURVE ( 'NONE', #8357, #3025, #3663, .T. ) ;
#2985 = DIRECTION ( 'NONE',  ( -0.000000000000000000, 0.000000000000000000, 1.000000000000000000 ) ) ;
#2986 = DIRECTION ( 'NONE',  ( 1.000000000000000000, 0.000000000000000000, -0.000000000000000000 ) ) ;
#2987 = CARTESIAN_POINT ( 'NONE',  ( 2.399999999999999467, 1.750000000000000000, -8.409999999999996589 ) ) ;
#2988 = CARTESIAN_POINT ( 'NONE',  ( 3.219999999999999751, 1.600000000000000089, -6.939999999999995062 ) ) ;
#2989 = FACE_OUTER_BOUND ( 'NONE', #312, .T. ) ;
#2990 = ORIENTED_EDGE ( 'NONE', *, *, #5590, .F. ) ;
#2991 = AXIS2_PLACEMENT_3D ( 'NONE', #5969, #8353, #1393 ) ;
#2992 = VERTEX_POINT ( 'NONE', #9659 ) ;
#2993 = CIRCLE ( 'NONE', #8500, 0.5080000000000006732 ) ;
#2994 = ORIENTED_EDGE ( 'NONE', *, *, #4429, .T. ) ;
#2995 = DIRECTION ( 'NONE',  ( 0.000000000000000000, 0.000000000000000000, 1.000000000000000000 ) ) ;
#2996 = EDGE_CURVE ( 'NONE', #7670, #5525, #6504, .T. ) ;
#2997 = DIRECTION ( 'NONE',  ( 1.186541365237213826E-16, 0.000000000000000000, 1.000000000000000000 ) ) ;
#2998 = CARTESIAN_POINT ( 'NONE',  ( -7.620000000000000995, 1.599999999999999867, -8.890000000000000568 ) ) ;
#2999 = VECTOR ( 'NONE', #10061, 1000.000000000000000 ) ;
#3000 = LINE ( 'NONE', #2205, #3493 ) ;
#3001 = CYLINDRICAL_SURFACE ( 'NONE', #6766, 0.2999999999999999334 ) ;
#3002 = DIRECTION ( 'NONE',  ( 0.000000000000000000, 1.000000000000000000, -0.000000000000000000 ) ) ;
#3003 = DIRECTION ( 'NONE',  ( 0.000000000000000000, 1.000000000000000000, -0.000000000000000000 ) ) ;
#3004 = ORIENTED_EDGE ( 'NONE', *, *, #10128, .T. ) ;
#3005 = CARTESIAN_POINT ( 'NONE',  ( 9.500000000000000000, 0.000000000000000000, -8.382000000000003226 ) ) ;
#3006 = ORIENTED_EDGE ( 'NONE', *, *, #6075, .F. ) ;
#3007 = VECTOR ( 'NONE', #3163, 1000.000000000000000 ) ;
#3008 = AXIS2_PLACEMENT_3D ( 'NONE', #5660, #1667, #4863 ) ;
#3009 = DIRECTION ( 'NONE',  ( 0.000000000000000000, 0.000000000000000000, -1.000000000000000000 ) ) ;
#3010 = LINE ( 'NONE', #1381, #9794 ) ;
#3011 = FACE_OUTER_BOUND ( 'NONE', #6895, .T. ) ;
#3012 = CIRCLE ( 'NONE', #7517, 0.7999999999999969358 ) ;
#3013 = FACE_OUTER_BOUND ( 'NONE', #2379, .T. ) ;
#3014 = CARTESIAN_POINT ( 'NONE',  ( 9.500000000000003553, 1.600000000000000089, -9.690000000000003055 ) ) ;
#3015 = ORIENTED_EDGE ( 'NONE', *, *, #7122, .F. ) ;
#3016 = VERTEX_POINT ( 'NONE', #6554 ) ;
#3017 = DIRECTION ( 'NONE',  ( 0.000000000000000000, 0.000000000000000000, 1.000000000000000000 ) ) ;
#3018 = VECTOR ( 'NONE', #7062, 1000.000000000000000 ) ;
#3019 = DIRECTION ( 'NONE',  ( 1.000000000000000000, 0.000000000000000000, 0.000000000000000000 ) ) ;
#3020 = CARTESIAN_POINT ( 'NONE',  ( -6.349999999999999645, 1.600000000000000089, 9.690000000000006608 ) ) ;
#3021 = ADVANCED_FACE ( 'NONE', ( #2607 ), #8002, .T. ) ;
#3022 = CARTESIAN_POINT ( 'NONE',  ( 9.500000000000003553, 0.000000000000000000, 0.000000000000000000 ) ) ;
#3023 = SURFACE_SIDE_STYLE ('',( #8410 ) ) ;
#3024 = EDGE_LOOP ( 'NONE', ( #5105, #2079, #5387, #3853 ) ) ;
#3025 = VERTEX_POINT ( 'NONE', #7170 ) ;
#3026 = LINE ( 'NONE', #9395, #1981 ) ;
#3027 = EDGE_CURVE ( 'NONE', #815, #7092, #9757, .T. ) ;
#3028 = ORIENTED_EDGE ( 'NONE', *, *, #2327, .T. ) ;
#3029 = ADVANCED_FACE ( 'NONE', ( #10361 ), #5718, .F. ) ;
#3030 = DIRECTION ( 'NONE',  ( 0.000000000000000000, 0.000000000000000000, 1.000000000000000000 ) ) ;
#3031 = EDGE_CURVE ( 'NONE', #5821, #8180, #8875, .T. ) ;
#3032 = DIRECTION ( 'NONE',  ( 1.000000000000000000, 0.000000000000000000, 0.000000000000000000 ) ) ;
#3033 = FACE_BOUND ( 'NONE', #6987, .T. ) ;
#3034 = ORIENTED_EDGE ( 'NONE', *, *, #7762, .F. ) ;
#3035 = DIRECTION ( 'NONE',  ( 0.000000000000000000, 0.000000000000000000, -1.000000000000000000 ) ) ;
#3036 = CARTESIAN_POINT ( 'NONE',  ( -7.619999999999921947, 4.721281787984062284, -1.270000000000000240 ) ) ;
#3037 = ORIENTED_EDGE ( 'NONE', *, *, #1197, .T. ) ;
#3038 = VERTEX_POINT ( 'NONE', #8150 ) ;
#3039 = ADVANCED_FACE ( 'NONE', ( #192 ), #4918, .F. ) ;
#3040 = CARTESIAN_POINT ( 'NONE',  ( -6.150000000000000355, 1.600000000000000755, -9.340000000000003411 ) ) ;
#3041 = CIRCLE ( 'NONE', #1706, 0.8000000000000003775 ) ;
#3042 = FACE_OUTER_BOUND ( 'NONE', #4543, .T. ) ;
#3043 = FACE_OUTER_BOUND ( 'NONE', #5628, .T. ) ;
#3044 = DIRECTION ( 'NONE',  ( 0.000000000000000000, 0.000000000000000000, 1.000000000000000000 ) ) ;
#3045 = DIRECTION ( 'NONE',  ( -0.000000000000000000, -1.000000000000000000, -0.000000000000000000 ) ) ;
#3046 = CARTESIAN_POINT ( 'NONE',  ( 7.620000000000084484, 1.599999999999999867, -1.778000000000003133 ) ) ;
#3047 = DIRECTION ( 'NONE',  ( 0.000000000000000000, 0.000000000000000000, -1.000000000000000000 ) ) ;
#3048 = EDGE_LOOP ( 'NONE', ( #7894, #783, #8627, #8616, #1591, #4337, #3660, #4527, #2119, #6947, #7768, #1315, #2871, #10255, #7628, #5427, #4479, #2220, #528, #2022, #2071, #7781, #7086, #653, #3168, #910, #6493, #3524, #5259, #8592, #1504, #4545, #2740, #2455, #2711, #9327, #8644, #7825, #1287, #1735, #4635, #2338, #5523, #1272, #9816, #7417, #4480, #4582, #7148, #9593, #13, #7094, #3370, #2315, #10266, #9273, #107, #1566, #4836, #9367, #4105, #6287, #5446, #2376, #4093, #8938, #7072, #4280 ) ) ;
#3049 = CARTESIAN_POINT ( 'NONE',  ( -9.500000000000000000, 0.000000000000000000, 0.000000000000000000 ) ) ;
#3050 = VECTOR ( 'NONE', #9674, 1000.000000000000000 ) ;
#3051 = VERTEX_POINT ( 'NONE', #885 ) ;
#3052 = ADVANCED_FACE ( 'NONE', ( #8920 ), #2559, .F. ) ;
#3053 = CIRCLE ( 'NONE', #6405, 0.2999999999999999334 ) ;
#3054 = FACE_OUTER_BOUND ( 'NONE', #4355, .T. ) ;
#3055 = AXIS2_PLACEMENT_3D ( 'NONE', #3424, #2635, #9000 ) ;
#3056 = FACE_OUTER_BOUND ( 'NONE', #9917, .T. ) ;
#3057 = DIRECTION ( 'NONE',  ( -0.000000000000000000, -1.000000000000000000, -0.000000000000000000 ) ) ;
#3058 = ORIENTED_EDGE ( 'NONE', *, *, #6492, .F. ) ;
#3059 = VERTEX_POINT ( 'NONE', #4033 ) ;
#3060 = EDGE_CURVE ( 'NONE', #7611, #2961, #1719, .T. ) ;
#3061 = EDGE_LOOP ( 'NONE', ( #3416, #4219, #2667, #6521, #1742, #6130 ) ) ;
#3062 = DIRECTION ( 'NONE',  ( 0.000000000000000000, 0.000000000000000000, 1.000000000000000000 ) ) ;
#3063 = VECTOR ( 'NONE', #3032, 1000.000000000000000 ) ;
#3064 = LINE ( 'NONE', #9537, #9492 ) ;
#3065 = APPLICATION_CONTEXT ( 'automotive_design' ) ;
#3066 = PLANE ( 'NONE',  #4764 ) ;
#3067 = CARTESIAN_POINT ( 'NONE',  ( 9.500000000000003553, 1.600000000000000089, 2.070000000000002505 ) ) ;
#3068 = CARTESIAN_POINT ( 'NONE',  ( -9.499999999999996447, 1.600000000000000089, -3.009999999999999787 ) ) ;
#3069 =( NAMED_UNIT ( * ) SI_UNIT ( $, .STERADIAN. ) SOLID_ANGLE_UNIT ( ) );
#3070 = LINE ( 'NONE', #2278, #121 ) ;
#3071 = VERTEX_POINT ( 'NONE', #8094 ) ;
#3072 = VERTEX_POINT ( 'NONE', #4815 ) ;
#3073 = EDGE_CURVE ( 'NONE', #6943, #2639, #42, .T. ) ;
#3074 = CARTESIAN_POINT ( 'NONE',  ( -7.620000000000000107, 1.600000000000000089, 8.090000000000003411 ) ) ;
#3075 = ORIENTED_EDGE ( 'NONE', *, *, #5742, .T. ) ;
#3076 = CARTESIAN_POINT ( 'NONE',  ( 9.500000000000000000, 1.599999999999999867, 0.000000000000000000 ) ) ;
#3077 = EDGE_CURVE ( 'NONE', #6531, #2490, #934, .T. ) ;
#3078 =( NAMED_UNIT ( * ) SI_UNIT ( $, .STERADIAN. ) SOLID_ANGLE_UNIT ( ) );
#3079 = DIRECTION ( 'NONE',  ( 0.000000000000000000, 0.000000000000000000, -1.000000000000000000 ) ) ;
#3080 = FACE_OUTER_BOUND ( 'NONE', #20, .T. ) ;
#3081 = EDGE_CURVE ( 'NONE', #5233, #9678, #989, .T. ) ;
#3082 = CARTESIAN_POINT ( 'NONE',  ( 9.500000000000000000, 0.000000000000000000, 0.000000000000000000 ) ) ;
#3083 = ORIENTED_EDGE ( 'NONE', *, *, #3812, .F. ) ;
#3084 = AXIS2_PLACEMENT_3D ( 'NONE', #3423, #173, #6577 ) ;
#3085 = DIRECTION ( 'NONE',  ( 0.000000000000000000, 0.000000000000000000, 1.000000000000000000 ) ) ;
#3086 = ORIENTED_EDGE ( 'NONE', *, *, #3937, .F. ) ;
#3087 = VERTEX_POINT ( 'NONE', #4183 ) ;
#3088 = EDGE_CURVE ( 'NONE', #6120, #4711, #8831, .T. ) ;
#3089 = ORIENTED_EDGE ( 'NONE', *, *, #6469, .F. ) ;
#3090 = DIRECTION ( 'NONE',  ( -0.000000000000000000, -1.000000000000000000, -0.000000000000000000 ) ) ;
#3091 = STYLED_ITEM ( 'NONE', ( #3714 ), #1352 ) ;
#3092 = AXIS2_PLACEMENT_3D ( 'NONE', #1047, #5082, #7482 ) ;
#3093 = LINE ( 'NONE', #9611, #3478 ) ;
#3094 = CARTESIAN_POINT ( 'NONE',  ( 3.219999999999999751, 1.750000000000000000, -6.939999999999995062 ) ) ;
#3095 = ADVANCED_FACE ( 'NONE', ( #9606 ), #144, .F. ) ;
#3096 = FACE_OUTER_BOUND ( 'NONE', #5809, .T. ) ;
#3097 = LINE ( 'NONE', #6310, #4903 ) ;
#3098 = DIRECTION ( 'NONE',  ( 0.000000000000000000, 0.000000000000000000, -1.000000000000000000 ) ) ;
#3099 = DIRECTION ( 'NONE',  ( 0.000000000000000000, 0.000000000000000000, -1.000000000000000000 ) ) ;
#3100 = ORIENTED_EDGE ( 'NONE', *, *, #9290, .T. ) ;
#3101 = ADVANCED_FACE ( 'NONE', ( #3194 ), #5667, .F. ) ;
#3102 = CARTESIAN_POINT ( 'NONE',  ( 9.500000000000003553, 1.600000000000000089, -3.009999999999998010 ) ) ;
#3103 = ORIENTED_EDGE ( 'NONE', *, *, #4614, .T. ) ;
#3104 = ORIENTED_EDGE ( 'NONE', *, *, #2251, .T. ) ;
#3105 = COLOUR_RGB ( '',0.7921568627450980005, 0.8196078431372548767, 0.9333333333333333481 ) ;
#3106 = DIRECTION ( 'NONE',  ( -0.000000000000000000, -1.000000000000000000, -0.000000000000000000 ) ) ;
#3107 = CARTESIAN_POINT ( 'NONE',  ( 9.500000000000003553, 1.600000000000000089, 0.000000000000000000 ) ) ;
#3108 = UNCERTAINTY_MEASURE_WITH_UNIT (LENGTH_MEASURE( 1.000000000000000082E-05 ), #9675, 'distance_accuracy_value', 'NONE');
#3109 = EDGE_CURVE ( 'NONE', #9595, #5260, #5674, .T. ) ;
#3110 = CARTESIAN_POINT ( 'NONE',  ( -7.620000000000000107, 1.600000000000000089, 0.4700000000000016387 ) ) ;
#3111 = FACE_OUTER_BOUND ( 'NONE', #8033, .T. ) ;
#3112 = EDGE_LOOP ( 'NONE', ( #10093, #1915, #3259, #1975 ) ) ;
#3113 = ORIENTED_EDGE ( 'NONE', *, *, #8849, .F. ) ;
#3114 = VERTEX_POINT ( 'NONE', #3553 ) ;
#3115 = VERTEX_POINT ( 'NONE', #6749 ) ;
#3116 = LINE ( 'NONE', #7095, #4846 ) ;
#3117 = CARTESIAN_POINT ( 'NONE',  ( 0.000000000000000000, 4.721281787984062284, 8.090000000000003411 ) ) ;
#3118 = CARTESIAN_POINT ( 'NONE',  ( 6.050000000000001599, 2.970000000000000195, 9.340000000000006963 ) ) ;
#3119 = EDGE_CURVE ( 'NONE', #5458, #8440, #3487, .T. ) ;
#3120 = CARTESIAN_POINT ( 'NONE',  ( 5.039999999999997371, 2.100000000000000089, -9.479999999999995097 ) ) ;
#3121 = FACE_OUTER_BOUND ( 'NONE', #7511, .T. ) ;
#3122 = LINE ( 'NONE', #2336, #2263 ) ;
#3123 = DIRECTION ( 'NONE',  ( 0.000000000000000000, 0.000000000000000000, 1.000000000000000000 ) ) ;
#3124 = ORIENTED_EDGE ( 'NONE', *, *, #9394, .T. ) ;
#3125 = VECTOR ( 'NONE', #4445, 1000.000000000000000 ) ;
#3126 = VECTOR ( 'NONE', #2062, 1000.000000000000000 ) ;
#3127 = ORIENTED_EDGE ( 'NONE', *, *, #2841, .T. ) ;
#3128 = CARTESIAN_POINT ( 'NONE',  ( 4.719999999999999751, 1.750000000000000000, -6.439999999999992397 ) ) ;
#3129 = ORIENTED_EDGE ( 'NONE', *, *, #2010, .T. ) ;
#3130 = VECTOR ( 'NONE', #4726, 1000.000000000000000 ) ;
#3131 = PLANE ( 'NONE',  #6540 ) ;
#3132 = VECTOR ( 'NONE', #2157, 1000.000000000000000 ) ;
#3133 = AXIS2_PLACEMENT_3D ( 'NONE', #8059, #6563, #4192 ) ;
#3134 = PLANE ( 'NONE',  #7678 ) ;
#3135 = DIRECTION ( 'NONE',  ( -0.000000000000000000, -1.000000000000000000, -0.000000000000000000 ) ) ;
#3136 = VECTOR ( 'NONE', #6207, 1000.000000000000000 ) ;
#3137 = VECTOR ( 'NONE', #10310, 1000.000000000000000 ) ;
#3138 = PLANE ( 'NONE',  #1463 ) ;
#3139 = ORIENTED_EDGE ( 'NONE', *, *, #717, .T. ) ;
#3140 = CARTESIAN_POINT ( 'NONE',  ( -7.619999999999975238, 4.721281787984062284, -5.841999999999998749 ) ) ;
#3141 = VERTEX_POINT ( 'NONE', #6648 ) ;
#3142 = ORIENTED_EDGE ( 'NONE', *, *, #5539, .T. ) ;
#3143 = AXIS2_PLACEMENT_3D ( 'NONE', #1498, #6234, #8458 ) ;
#3144 = VECTOR ( 'NONE', #1659, 1000.000000000000000 ) ;
#3145 = CARTESIAN_POINT ( 'NONE',  ( -7.620000000000000107, 1.600000000000000089, -4.609999999999998543 ) ) ;
#3146 = EDGE_CURVE ( 'NONE', #8177, #6450, #1976, .T. ) ;
#3147 = VECTOR ( 'NONE', #6061, 1000.000000000000000 ) ;
#3148 = EDGE_CURVE ( 'NONE', #462, #6790, #7815, .T. ) ;
#3149 = LINE ( 'NONE', #1624, #5484 ) ;
#3150 = FACE_BOUND ( 'NONE', #7210, .T. ) ;
#3151 = DIRECTION ( 'NONE',  ( -0.000000000000000000, -1.000000000000000000, -0.000000000000000000 ) ) ;
#3152 = AXIS2_PLACEMENT_3D ( 'NONE', #9333, #6852, #2073 ) ;
#3153 = DIRECTION ( 'NONE',  ( 1.000000000000000000, -0.000000000000000000, 0.000000000000000000 ) ) ;
#3154 = AXIS2_PLACEMENT_3D ( 'NONE', #3312, #6464, #4933 ) ;
#3155 = DIRECTION ( 'NONE',  ( 0.000000000000000000, 0.000000000000000000, -1.000000000000000000 ) ) ;
#3156 = VERTEX_POINT ( 'NONE', #5027 ) ;
#3157 = FACE_OUTER_BOUND ( 'NONE', #6382, .T. ) ;
#3158 = VERTEX_POINT ( 'NONE', #5877 ) ;
#3159 = ORIENTED_EDGE ( 'NONE', *, *, #5142, .F. ) ;
#3160 = ADVANCED_FACE ( 'NONE', ( #5926 ), #7471, .F. ) ;
#3161 = EDGE_CURVE ( 'NONE', #1245, #2625, #457, .T. ) ;
#3162 = VECTOR ( 'NONE', #6280, 1000.000000000000000 ) ;
#3163 = DIRECTION ( 'NONE',  ( 1.000000000000000000, -0.000000000000000000, 0.000000000000000000 ) ) ;
#3164 = CARTESIAN_POINT ( 'NONE',  ( 1.290000000000000702, 2.970000000000000195, -1.762967398117186929E-16 ) ) ;
#3165 = ADVANCED_FACE ( 'NONE', ( #8195 ), #1196, .F. ) ;
#3166 = CARTESIAN_POINT ( 'NONE',  ( -6.000000000000001776, 1.600000000000000089, -9.690000000000001279 ) ) ;
#3167 =( NAMED_UNIT ( * ) SI_UNIT ( $, .STERADIAN. ) SOLID_ANGLE_UNIT ( ) );
#3168 = ORIENTED_EDGE ( 'NONE', *, *, #463, .T. ) ;
#3169 = ORIENTED_EDGE ( 'NONE', *, *, #4885, .F. ) ;
#3170 = AXIS2_PLACEMENT_3D ( 'NONE', #4585, #2967, #7049 ) ;
#3171 = VECTOR ( 'NONE', #6870, 1000.000000000000000 ) ;
#3172 = ORIENTED_EDGE ( 'NONE', *, *, #7500, .T. ) ;
#3173 = ORIENTED_EDGE ( 'NONE', *, *, #10128, .F. ) ;
#3174 = CARTESIAN_POINT ( 'NONE',  ( -9.500000000000000000, 1.599999999999999867, -0.4699999999999986411 ) ) ;
#3175 = EDGE_CURVE ( 'NONE', #6230, #9090, #3821, .T. ) ;
#3176 = PLANE ( 'NONE',  #985 ) ;
#3177 = FACE_OUTER_BOUND ( 'NONE', #4118, .T. ) ;
#3178 = AXIS2_PLACEMENT_3D ( 'NONE', #4850, #5045, #258 ) ;
#3179 = DIRECTION ( 'NONE',  ( 1.186541365237213826E-16, -0.000000000000000000, 1.000000000000000000 ) ) ;
#3180 = LINE ( 'NONE', #2547, #4895 ) ;
#3181 = DIRECTION ( 'NONE',  ( 0.000000000000000000, 1.000000000000000000, -0.000000000000000000 ) ) ;
#3182 = DIRECTION ( 'NONE',  ( 0.000000000000000000, 0.000000000000000000, 1.000000000000000000 ) ) ;
#3183 = EDGE_LOOP ( 'NONE', ( #6210, #5148, #9039, #3582 ) ) ;
#3185 = CARTESIAN_POINT ( 'NONE',  ( 7.620000000000085372, 1.600000000000000089, -1.270000000000000240 ) ) ;
#3184 = PRESENTATION_LAYER_ASSIGNMENT (  '', '', ( #3526 ) ) ;
#3186 = ORIENTED_EDGE ( 'NONE', *, *, #7122, .T. ) ;
#3187 = EDGE_CURVE ( 'NONE', #3915, #4278, #6859, .T. ) ;
#3188 = SURFACE_STYLE_USAGE ( .BOTH. , #35 ) ;
#3189 = DIRECTION ( 'NONE',  ( -0.000000000000000000, -1.000000000000000000, -0.000000000000000000 ) ) ;
#3190 = FACE_OUTER_BOUND ( 'NONE', #10018, .T. ) ;
#3191 = DIRECTION ( 'NONE',  ( -1.000000000000000000, 0.000000000000000000, 0.000000000000000000 ) ) ;
#3192 = CARTESIAN_POINT ( 'NONE',  ( 3.969999999999999751, 2.950000000000001066, -9.009999999999996234 ) ) ;
#3193 = EDGE_LOOP ( 'NONE', ( #761, #5210, #1542, #6438 ) ) ;
#3194 = FACE_OUTER_BOUND ( 'NONE', #3774, .T. ) ;
#3195 = ORIENTED_EDGE ( 'NONE', *, *, #6744, .F. ) ;
#3196 = EDGE_LOOP ( 'NONE', ( #1692, #4653, #8913, #9652 ) ) ;
#3197 = ORIENTED_EDGE ( 'NONE', *, *, #901, .T. ) ;
#3198 = EDGE_CURVE ( 'NONE', #8361, #851, #9915, .T. ) ;
#3199 = CARTESIAN_POINT ( 'NONE',  ( 2.699999999999999289, 1.750000000000000000, -8.409999999999993037 ) ) ;
#3200 = CARTESIAN_POINT ( 'NONE',  ( -7.619999999999897078, 4.721281787984062284, 0.7620000000000018980 ) ) ;
#3201 = DIRECTION ( 'NONE',  ( -1.000000000000000000, 0.000000000000000000, -0.000000000000000000 ) ) ;
#3202 = CARTESIAN_POINT ( 'NONE',  ( 3.219999999999999751, 1.750000000000000000, -9.979999999999996874 ) ) ;
#3203 = DIRECTION ( 'NONE',  ( 0.000000000000000000, -1.000000000000000000, 0.000000000000000000 ) ) ;
#3204 = CARTESIAN_POINT ( 'NONE',  ( 9.500000000000000000, 1.599999999999999867, 0.000000000000000000 ) ) ;
#3205 = DIRECTION ( 'NONE',  ( 0.000000000000000000, 0.000000000000000000, 1.000000000000000000 ) ) ;
#3206 = DIRECTION ( 'NONE',  ( 1.000000000000000000, -0.000000000000000000, 0.000000000000000000 ) ) ;
#3207 = ORIENTED_EDGE ( 'NONE', *, *, #7855, .T. ) ;
#3208 = CARTESIAN_POINT ( 'NONE',  ( 1.939999999999998170, 2.970000000000000639, -4.930000000000001492 ) ) ;
#3209 = ORIENTED_EDGE ( 'NONE', *, *, #1737, .F. ) ;
#3210 = ORIENTED_EDGE ( 'NONE', *, *, #4065, .F. ) ;
#3211 = ADVANCED_FACE ( 'NONE', ( #4336 ), #1247, .T. ) ;
#3212 = CARTESIAN_POINT ( 'NONE',  ( -6.000000000000002665, 2.970000000000000195, 9.390000000000005898 ) ) ;
#3213 = CARTESIAN_POINT ( 'NONE',  ( 4.719999999999999751, 1.600000000000000089, -9.479999999999995097 ) ) ;
#3214 = DIRECTION ( 'NONE',  ( -1.000000000000000000, 0.000000000000000000, 6.920439398843646079E-16 ) ) ;
#3215 = CARTESIAN_POINT ( 'NONE',  ( -7.620000000000000107, 1.600000000000000089, -4.609999999999998543 ) ) ;
#3216 = EDGE_CURVE ( 'NONE', #1224, #4121, #2872, .T. ) ;
#3217 = CIRCLE ( 'NONE', #10058, 0.8000000000000003775 ) ;
#3218 = ADVANCED_FACE ( 'NONE', ( #7573 ), #2820, .F. ) ;
#3219 = ORIENTED_EDGE ( 'NONE', *, *, #3408, .F. ) ;
#3220 = ORIENTED_EDGE ( 'NONE', *, *, #9072, .T. ) ;
#3221 = ORIENTED_EDGE ( 'NONE', *, *, #2434, .F. ) ;
#3222 = ADVANCED_FACE ( 'NONE', ( #6706 ), #7626, .T. ) ;
#3223 = EDGE_LOOP ( 'NONE', ( #9221, #5807, #1590, #6104 ) ) ;
#3224 = FACE_OUTER_BOUND ( 'NONE', #9188, .T. ) ;
#3225 = CARTESIAN_POINT ( 'NONE',  ( 6.349999999999999645, 2.970000000000000639, -4.580000000000003624 ) ) ;
#3226 = VECTOR ( 'NONE', #2538, 1000.000000000000000 ) ;
#3227 = DIRECTION ( 'NONE',  ( 1.000000000000000000, 0.000000000000000000, 0.000000000000000000 ) ) ;
#3228 = FACE_OUTER_BOUND ( 'NONE', #4932, .T. ) ;
#3229 = EDGE_CURVE ( 'NONE', #1245, #3399, #5072, .T. ) ;
#3230 = CARTESIAN_POINT ( 'NONE',  ( 7.620000000000162643, 4.721281787984062284, 6.350000000000003197 ) ) ;
#3231 = DIRECTION ( 'NONE',  ( 1.000000000000000000, -0.000000000000000000, 0.000000000000000000 ) ) ;
#3232 = AXIS2_PLACEMENT_3D ( 'NONE', #10140, #5303, #2986 ) ;
#3233 = ORIENTED_EDGE ( 'NONE', *, *, #4514, .T. ) ;
#3234 = ADVANCED_FACE ( 'NONE', ( #9872 ), #1916, .F. ) ;
#3235 = CARTESIAN_POINT ( 'NONE',  ( 7.620000000000000107, 1.600000000000000089, -2.069999999999998508 ) ) ;
#3236 = ORIENTED_EDGE ( 'NONE', *, *, #1056, .T. ) ;
#3237 = CARTESIAN_POINT ( 'NONE',  ( -9.500000000000000000, 0.000000000000000000, 5.550000000000001599 ) ) ;
#3238 = DIRECTION ( 'NONE',  ( -1.000000000000000000, 0.000000000000000000, 5.782411586589358822E-15 ) ) ;
#3239 = SURFACE_STYLE_USAGE ( .BOTH. , #9657 ) ;
#3240 = CARTESIAN_POINT ( 'NONE',  ( -7.620000000000000107, 4.721281787984062284, -4.609999999999998543 ) ) ;
#3241 = EDGE_CURVE ( 'NONE', #4723, #10177, #6503, .T. ) ;
#3242 = CARTESIAN_POINT ( 'NONE',  ( 7.620000000000032969, 1.599999999999999867, -6.349999999999999645 ) ) ;
#3243 = EDGE_LOOP ( 'NONE', ( #5381, #4837, #1086, #3701 ) ) ;
#3244 = DIRECTION ( 'NONE',  ( -0.000000000000000000, -1.000000000000000000, -0.000000000000000000 ) ) ;
#3245 = ORIENTED_EDGE ( 'NONE', *, *, #72, .F. ) ;
#3246 = EDGE_LOOP ( 'NONE', ( #7783, #8789 ) ) ;
#3247 = CARTESIAN_POINT ( 'NONE',  ( 9.500000000000000000, 1.599999999999999867, 0.000000000000000000 ) ) ;
#3248 = DIRECTION ( 'NONE',  ( 0.000000000000000000, 0.000000000000000000, -1.000000000000000000 ) ) ;
#3249 = ADVANCED_FACE ( 'NONE', ( #8085 ), #1599, .F. ) ;
#3250 = DIRECTION ( 'NONE',  ( -0.000000000000000000, -1.000000000000000000, -0.000000000000000000 ) ) ;
#3251 = DIRECTION ( 'NONE',  ( 0.000000000000000000, 0.000000000000000000, -1.000000000000000000 ) ) ;
#3252 = PLANE ( 'NONE',  #1911 ) ;
#3253 = CARTESIAN_POINT ( 'NONE',  ( 3.219999999999999751, 1.600000000000000089, -9.979999999999996874 ) ) ;
#3254 = LINE ( 'NONE', #2473, #9113 ) ;
#3255 = CARTESIAN_POINT ( 'NONE',  ( -9.500000000000000000, 4.721281787984062284, 0.000000000000000000 ) ) ;
#3256 = ORIENTED_EDGE ( 'NONE', *, *, #3430, .F. ) ;
#3257 = PLANE ( 'NONE',  #3154 ) ;
#3258 = ORIENTED_EDGE ( 'NONE', *, *, #8735, .T. ) ;
#3259 = ORIENTED_EDGE ( 'NONE', *, *, #3369, .T. ) ;
#3260 = VECTOR ( 'NONE', #792, 1000.000000000000000 ) ;
#3261 = VERTEX_POINT ( 'NONE', #6489 ) ;
#3262 = CARTESIAN_POINT ( 'NONE',  ( -9.500000000000000000, 1.599999999999999867, 0.000000000000000000 ) ) ;
#3263 = DIRECTION ( 'NONE',  ( 0.000000000000000000, -0.000000000000000000, 1.000000000000000000 ) ) ;
#3264 = PLANE ( 'NONE',  #4285 ) ;
#3265 = CARTESIAN_POINT ( 'NONE',  ( -7.464847298219355056E-15, 0.000000000000000000, -8.090000000000008740 ) ) ;
#3266 = AXIS2_PLACEMENT_3D ( 'NONE', #9827, #8206, #5255 ) ;
#3267 = ORIENTED_EDGE ( 'NONE', *, *, #3750, .T. ) ;
#3268 = ORIENTED_EDGE ( 'NONE', *, *, #888, .F. ) ;
#3269 = ORIENTED_EDGE ( 'NONE', *, *, #3444, .F. ) ;
#3270 = VERTEX_POINT ( 'NONE', #324 ) ;
#3271 = DIRECTION ( 'NONE',  ( 0.000000000000000000, 0.000000000000000000, 1.000000000000000000 ) ) ;
#3272 = EDGE_CURVE ( 'NONE', #5236, #6048, #10163, .T. ) ;
#3273 =( GEOMETRIC_REPRESENTATION_CONTEXT ( 3 ) GLOBAL_UNCERTAINTY_ASSIGNED_CONTEXT ( ( #9374 ) ) GLOBAL_UNIT_ASSIGNED_CONTEXT ( ( #3504, #2710, #6746 ) ) REPRESENTATION_CONTEXT ( 'NONE', 'WORKASPACE' ) );
#3274 = DIRECTION ( 'NONE',  ( 0.000000000000000000, 1.000000000000000000, -0.000000000000000000 ) ) ;
#3275 = DIRECTION ( 'NONE',  ( -1.000000000000000000, 0.000000000000000000, 0.000000000000000000 ) ) ;
#3276 = EDGE_CURVE ( 'NONE', #6817, #2838, #3280, .T. ) ;
#3277 = CARTESIAN_POINT ( 'NONE',  ( 7.620000000000000107, 1.600000000000000089, 7.150000000000003020 ) ) ;
#3278 = CARTESIAN_POINT ( 'NONE',  ( 2.682362310991804252E-14, 4.721281787984062284, 9.690000000000024372 ) ) ;
#3279 = ORIENTED_EDGE ( 'NONE', *, *, #126, .F. ) ;
#3280 = LINE ( 'NONE', #8868, #809 ) ;
#3281 = ORIENTED_EDGE ( 'NONE', *, *, #3148, .T. ) ;
#3282 = DIRECTION ( 'NONE',  ( -0.000000000000000000, -1.000000000000000000, -0.000000000000000000 ) ) ;
#3283 = VERTEX_POINT ( 'NONE', #3337 ) ;
#3284 = FILL_AREA_STYLE ('',( #233 ) ) ;
#3285 = EDGE_CURVE ( 'NONE', #9250, #6393, #5103, .T. ) ;
#3286 = EDGE_CURVE ( 'NONE', #3158, #851, #2339, .T. ) ;
#3287 = AXIS2_PLACEMENT_3D ( 'NONE', #2526, #895, #7429 ) ;
#3288 = FACE_OUTER_BOUND ( 'NONE', #5244, .T. ) ;
#3289 = SURFACE_SIDE_STYLE ('',( #732 ) ) ;
#3290 = VECTOR ( 'NONE', #5443, 1000.000000000000000 ) ;
#3291 = CARTESIAN_POINT ( 'NONE',  ( -7.620000000000000107, 1.600000000000000089, -0.4699999999999986411 ) ) ;
#3292 = AXIS2_PLACEMENT_3D ( 'NONE', #7387, #9087, #8165 ) ;
#3293 = ORIENTED_EDGE ( 'NONE', *, *, #2846, .F. ) ;
#3294 = EDGE_LOOP ( 'NONE', ( #4438, #4200, #1222, #9846 ) ) ;
#3295 = VECTOR ( 'NONE', #2144, 1000.000000000000000 ) ;
#3296 = DIRECTION ( 'NONE',  ( 0.000000000000000000, 0.000000000000000000, 1.000000000000000000 ) ) ;
#3297 = ADVANCED_FACE ( 'NONE', ( #5551 ), #1710, .F. ) ;
#3298 = AXIS2_PLACEMENT_3D ( 'NONE', #5818, #1672, #7218 ) ;
#3299 = CIRCLE ( 'NONE', #8813, 0.5079999999999997851 ) ;
#3300 = LINE ( 'NONE', #7223, #3137 ) ;
#3301 = CARTESIAN_POINT ( 'NONE',  ( 3.969999999999999751, 2.100000000000000089, -8.527499999999994529 ) ) ;
#3302 = PLANE ( 'NONE',  #10155 ) ;
#3303 = SURFACE_STYLE_USAGE ( .BOTH. , #246 ) ;
#3304 = FACE_OUTER_BOUND ( 'NONE', #8545, .T. ) ;
#3305 = DIRECTION ( 'NONE',  ( -0.000000000000000000, 0.000000000000000000, 1.000000000000000000 ) ) ;
#3306 = AXIS2_PLACEMENT_3D ( 'NONE', #2359, #5516, #10311 ) ;
#3307 = DIRECTION ( 'NONE',  ( 0.000000000000000000, 0.000000000000000000, -1.000000000000000000 ) ) ;
#3308 = AXIS2_PLACEMENT_3D ( 'NONE', #3230, #6390, #9541 ) ;
#3309 = SURFACE_SIDE_STYLE ('',( #100 ) ) ;
#3310 = FACE_BOUND ( 'NONE', #2199, .T. ) ;
#3311 = ORIENTED_EDGE ( 'NONE', *, *, #8735, .F. ) ;
#3312 = CARTESIAN_POINT ( 'NONE',  ( 1.590000000000000302, 1.600000000000000089, -4.930000000000001492 ) ) ;
#3313 = EDGE_LOOP ( 'NONE', ( #3593, #3785, #2163, #5131 ) ) ;
#3314 = ORIENTED_EDGE ( 'NONE', *, *, #6114, .T. ) ;
#3315 = CIRCLE ( 'NONE', #8973, 0.5079999999999997851 ) ;
#3316 = ORIENTED_EDGE ( 'NONE', *, *, #6201, .F. ) ;
#3317 = EDGE_CURVE ( 'NONE', #2608, #2992, #6391, .T. ) ;
#3318 = DIRECTION ( 'NONE',  ( -0.000000000000000000, -1.000000000000000000, -0.000000000000000000 ) ) ;
#3319 = LINE ( 'NONE', #4100, #1947 ) ;
#3320 = AXIS2_PLACEMENT_3D ( 'NONE', #4565, #1240, #2865 ) ;
#3321 = VECTOR ( 'NONE', #10004, 1000.000000000000000 ) ;
#3322 = DIRECTION ( 'NONE',  ( 0.000000000000000000, 0.000000000000000000, 1.000000000000000000 ) ) ;
#3323 = PRESENTATION_STYLE_ASSIGNMENT (( #2583 ) ) ;
#3324 = PLANE ( 'NONE',  #8227 ) ;
#3325 = ORIENTED_EDGE ( 'NONE', *, *, #3088, .T. ) ;
#3326 = ORIENTED_EDGE ( 'NONE', *, *, #8199, .T. ) ;
#3327 = ORIENTED_EDGE ( 'NONE', *, *, #740, .F. ) ;
#3328 = VECTOR ( 'NONE', #9582, 1000.000000000000000 ) ;
#3329 = ORIENTED_EDGE ( 'NONE', *, *, #8757, .T. ) ;
#3330 = AXIS2_PLACEMENT_3D ( 'NONE', #80, #8822, #5019 ) ;
#3331 = PLANE ( 'NONE',  #8835 ) ;
#3332 = CYLINDRICAL_SURFACE ( 'NONE', #6333, 0.5080000000000023386 ) ;
#3333 = CARTESIAN_POINT ( 'NONE',  ( 7.620000000000112905, 1.599999999999999867, 1.270000000000000240 ) ) ;
#3334 = AXIS2_PLACEMENT_3D ( 'NONE', #10122, #4014, #2179 ) ;
#3335 = LINE ( 'NONE', #1708, #4550 ) ;
#3336 = CARTESIAN_POINT ( 'NONE',  ( 9.500000000000000000, 0.000000000000000000, 0.7620000000000002327 ) ) ;
#3337 = CARTESIAN_POINT ( 'NONE',  ( 9.500000000000003553, 0.000000000000000000, -4.610000000000000320 ) ) ;
#3338 = ORIENTED_EDGE ( 'NONE', *, *, #1514, .F. ) ;
#3339 = CARTESIAN_POINT ( 'NONE',  ( 7.620000000000112905, 1.600000000000000089, 1.270000000000000240 ) ) ;
#3340 = ORIENTED_EDGE ( 'NONE', *, *, #2219, .F. ) ;
#3341 = ORIENTED_EDGE ( 'NONE', *, *, #5302, .F. ) ;
#3342 = ADVANCED_FACE ( 'NONE', ( #6544 ), #7929, .F. ) ;
#3343 = VECTOR ( 'NONE', #5094, 1000.000000000000000 ) ;
#3344 = FACE_OUTER_BOUND ( 'NONE', #10068, .T. ) ;
#3345 = CARTESIAN_POINT ( 'NONE',  ( 0.000000000000000000, 1.600000000000000089, 8.090000000000003411 ) ) ;
#3346 = CARTESIAN_POINT ( 'NONE',  ( 9.500000000000000000, 4.721281787984062284, 0.000000000000000000 ) ) ;
#3347 = VECTOR ( 'NONE', #6199, 1000.000000000000000 ) ;
#3348 = EDGE_CURVE ( 'NONE', #2490, #8090, #9700, .T. ) ;
#3349 = DIRECTION ( 'NONE',  ( -2.768175759537458431E-15, 0.000000000000000000, -1.000000000000000000 ) ) ;
#3350 = EDGE_CURVE ( 'NONE', #513, #8032, #3315, .T. ) ;
#3351 = ORIENTED_EDGE ( 'NONE', *, *, #1953, .T. ) ;
#3352 = ORIENTED_EDGE ( 'NONE', *, *, #10141, .F. ) ;
#3353 = VERTEX_POINT ( 'NONE', #8276 ) ;
#3354 = EDGE_CURVE ( 'NONE', #8139, #2081, #824, .T. ) ;
#3355 = LINE ( 'NONE', #6601, #6533 ) ;
#3356 = PLANE ( 'NONE',  #9474 ) ;
#3357 = DIRECTION ( 'NONE',  ( 1.000000000000000000, 0.000000000000000000, 0.000000000000000000 ) ) ;
#3358 = DIRECTION ( 'NONE',  ( 0.000000000000000000, 1.000000000000000000, 0.000000000000000000 ) ) ;
#3359 = CARTESIAN_POINT ( 'NONE',  ( 0.000000000000000000, 1.600000000000000089, -0.4699999999999986411 ) ) ;
#3360 = CARTESIAN_POINT ( 'NONE',  ( -6.000000000000002665, 3.069999999999999840, 0.000000000000000000 ) ) ;
#3361 = DIRECTION ( 'NONE',  ( -1.000000000000000000, 0.000000000000000000, 9.227252531791528105E-16 ) ) ;
#3362 =( NAMED_UNIT ( * ) SI_UNIT ( $, .STERADIAN. ) SOLID_ANGLE_UNIT ( ) );
#3363 = ADVANCED_FACE ( 'NONE', ( #2438 ), #4313, .F. ) ;
#3364 = FACE_OUTER_BOUND ( 'NONE', #2416, .T. ) ;
#3365 = ORIENTED_EDGE ( 'NONE', *, *, #9921, .F. ) ;
#3366 = FACE_OUTER_BOUND ( 'NONE', #4467, .T. ) ;
#3367 = EDGE_LOOP ( 'NONE', ( #5878, #3756 ) ) ;
#3368 = ORIENTED_EDGE ( 'NONE', *, *, #1932, .T. ) ;
#3369 = EDGE_CURVE ( 'NONE', #691, #2221, #4857, .T. ) ;
#3370 = ORIENTED_EDGE ( 'NONE', *, *, #7746, .F. ) ;
#3371 = LINE ( 'NONE', #8171, #7840 ) ;
#3372 = DIRECTION ( 'NONE',  ( -0.000000000000000000, -1.000000000000000000, -0.000000000000000000 ) ) ;
#3373 = LINE ( 'NONE', #5846, #6348 ) ;
#3374 = DIRECTION ( 'NONE',  ( 0.000000000000000000, 1.000000000000000000, 0.000000000000000000 ) ) ;
#3375 = DIRECTION ( 'NONE',  ( -1.000000000000000000, 0.000000000000000000, -0.000000000000000000 ) ) ;
#3376 = EDGE_CURVE ( 'NONE', #7869, #1224, #2302, .T. ) ;
#3377 = ORIENTED_EDGE ( 'NONE', *, *, #6303, .T. ) ;
#3378 = VERTEX_POINT ( 'NONE', #3581 ) ;
#3379 = ORIENTED_EDGE ( 'NONE', *, *, #9407, .F. ) ;
#3380 = ORIENTED_EDGE ( 'NONE', *, *, #8028, .F. ) ;
#3381 = FACE_OUTER_BOUND ( 'NONE', #6922, .T. ) ;
#3382 = FACE_OUTER_BOUND ( 'NONE', #4032, .T. ) ;
#3383 = VECTOR ( 'NONE', #4829, 1000.000000000000000 ) ;
#3384 = CARTESIAN_POINT ( 'NONE',  ( 7.620000000000007212, 0.000000000000000000, -8.890000000000000568 ) ) ;
#3385 = DIRECTION ( 'NONE',  ( 1.000000000000000000, -0.000000000000000000, -1.384087879768729216E-15 ) ) ;
#3386 = DIRECTION ( 'NONE',  ( 0.000000000000000000, 0.000000000000000000, -1.000000000000000000 ) ) ;
#3387 = ADVANCED_FACE ( 'NONE', ( #2164, #8544 ), #5170, .T. ) ;
#3388 = ORIENTED_EDGE ( 'NONE', *, *, #5093, .T. ) ;
#3389 = DIRECTION ( 'NONE',  ( -1.000000000000000000, -0.000000000000000000, -0.000000000000000000 ) ) ;
#3390 = VERTEX_POINT ( 'NONE', #9102 ) ;
#3391 = VERTEX_POINT ( 'NONE', #2057 ) ;
#3392 = CIRCLE ( 'NONE', #7066, 0.8000000000000003775 ) ;
#3393 = CARTESIAN_POINT ( 'NONE',  ( -7.619999999999947704, 0.000000000000000000, -3.810000000000000053 ) ) ;
#3394 = CARTESIAN_POINT ( 'NONE',  ( -9.500000000000000000, 1.599999999999999867, 9.690000000000004832 ) ) ;
#3395 = VECTOR ( 'NONE', #320, 1000.000000000000000 ) ;
#3396 = ADVANCED_FACE ( 'NONE', ( #3630, #5380 ), #6011, .T. ) ;
#3397 = CARTESIAN_POINT ( 'NONE',  ( 2.682362310991791315E-14, 4.721281787984062284, 9.689999999999978186 ) ) ;
#3398 = ORIENTED_EDGE ( 'NONE', *, *, #6139, .F. ) ;
#3399 = VERTEX_POINT ( 'NONE', #1174 ) ;
#3400 = ORIENTED_EDGE ( 'NONE', *, *, #4510, .T. ) ;
#3401 = DIRECTION ( 'NONE',  ( 1.365923996832131609E-16, -0.000000000000000000, 1.000000000000000000 ) ) ;
#3402 = VECTOR ( 'NONE', #9857, 1000.000000000000000 ) ;
#3403 = EDGE_CURVE ( 'NONE', #4897, #10082, #6671, .T. ) ;
#3404 = EDGE_CURVE ( 'NONE', #5967, #431, #490, .T. ) ;
#3405 = DIRECTION ( 'NONE',  ( -1.000000000000000000, 0.000000000000000000, 0.000000000000000000 ) ) ;
#3406 = CARTESIAN_POINT ( 'NONE',  ( 6.000000000000003553, 2.970000000000000639, 9.690000000000004832 ) ) ;
#3407 = CARTESIAN_POINT ( 'NONE',  ( 2.560562577572152244E-15, 4.721281787984062284, 5.550000000000006928 ) ) ;
#3408 = EDGE_CURVE ( 'NONE', #6814, #1978, #10331, .T. ) ;
#3409 = LINE ( 'NONE', #3360, #4756 ) ;
#3410 = CARTESIAN_POINT ( 'NONE',  ( -9.499999999999996447, 1.600000000000000089, 5.550000000000003375 ) ) ;
#3411 = CARTESIAN_POINT ( 'NONE',  ( -9.500000000000000000, 1.599999999999999867, 8.090000000000003411 ) ) ;
#3412 = CARTESIAN_POINT ( 'NONE',  ( 0.000000000000000000, 1.599999999999999867, -2.069999999999998508 ) ) ;
#3413 = EDGE_LOOP ( 'NONE', ( #6984, #1072, #1931, #9760 ) ) ;
#3414 = CARTESIAN_POINT ( 'NONE',  ( -9.499999999999841904, 0.000000000000000000, 6.349999999999999645 ) ) ;
#3415 = ORIENTED_EDGE ( 'NONE', *, *, #4368, .T. ) ;
#3416 = ORIENTED_EDGE ( 'NONE', *, *, #996, .T. ) ;
#3417 = CARTESIAN_POINT ( 'NONE',  ( 9.500000000000000000, 4.721281787984062284, 0.000000000000000000 ) ) ;
#3418 = DIRECTION ( 'NONE',  ( 0.000000000000000000, 0.000000000000000000, -1.000000000000000000 ) ) ;
#3419 = ADVANCED_FACE ( 'NONE', ( #6725 ), #2106, .F. ) ;
#3420 = FACE_OUTER_BOUND ( 'NONE', #8003, .T. ) ;
#3421 = PLANE ( 'NONE',  #649 ) ;
#3422 = EDGE_CURVE ( 'NONE', #635, #3038, #5324, .T. ) ;
#3423 = CARTESIAN_POINT ( 'NONE',  ( 6.000000000000001776, 2.970000000000000195, -4.630000000000001670 ) ) ;
#3424 = CARTESIAN_POINT ( 'NONE',  ( 9.500000000000000000, 4.721281787984062284, 0.000000000000000000 ) ) ;
#3425 = ORIENTED_EDGE ( 'NONE', *, *, #2762, .F. ) ;
#3426 = CIRCLE ( 'NONE', #9252, 0.1000000000000002554 ) ;
#3427 = ORIENTED_EDGE ( 'NONE', *, *, #83, .T. ) ;
#3428 = ORIENTED_EDGE ( 'NONE', *, *, #1827, .T. ) ;
#3429 = DIRECTION ( 'NONE',  ( 1.000000000000000000, 0.000000000000000000, -1.366641393889291440E-16 ) ) ;
#3430 = EDGE_CURVE ( 'NONE', #2639, #6395, #9815, .T. ) ;
#3431 = AXIS2_PLACEMENT_3D ( 'NONE', #5404, #8572, #1405 ) ;
#3432 = AXIS2_PLACEMENT_3D ( 'NONE', #6952, #1394, #1548 ) ;
#3433 = DIRECTION ( 'NONE',  ( -1.000000000000000000, 0.000000000000000000, 9.227252531791528105E-16 ) ) ;
#3434 = CARTESIAN_POINT ( 'NONE',  ( -6.000000000000001776, 2.970000000000000195, -9.390000000000000568 ) ) ;
#3435 = CARTESIAN_POINT ( 'NONE',  ( -6.000000000000001776, 1.600000000000000755, -9.690000000000001279 ) ) ;
#3436 = EDGE_LOOP ( 'NONE', ( #4483, #5207, #2093, #6276 ) ) ;
#3437 = ORIENTED_EDGE ( 'NONE', *, *, #1111, .F. ) ;
#3438 = ORIENTED_EDGE ( 'NONE', *, *, #6868, .T. ) ;
#3439 = LINE ( 'NONE', #5285, #5650 ) ;
#3440 = ORIENTED_EDGE ( 'NONE', *, *, #4641, .T. ) ;
#3441 = ORIENTED_EDGE ( 'NONE', *, *, #1677, .F. ) ;
#3442 = STYLED_ITEM ( 'NONE', ( #1500 ), #1675 ) ;
#3443 = CARTESIAN_POINT ( 'NONE',  ( 6.150000000000000355, 2.970000000000000639, -4.580000000000003624 ) ) ;
#3444 = EDGE_CURVE ( 'NONE', #4211, #5006, #6774, .T. ) ;
#3445 = FACE_OUTER_BOUND ( 'NONE', #915, .T. ) ;
#3446 = FILL_AREA_STYLE_COLOUR ( '', #3105 ) ;
#3447 = DIRECTION ( 'NONE',  ( 0.000000000000000000, 1.000000000000000000, -0.000000000000000000 ) ) ;
#3448 = ORIENTED_EDGE ( 'NONE', *, *, #6255, .F. ) ;
#3449 = ORIENTED_EDGE ( 'NONE', *, *, #7138, .T. ) ;
#3450 = ORIENTED_EDGE ( 'NONE', *, *, #3858, .F. ) ;
#3451 = VECTOR ( 'NONE', #4930, 1000.000000000000000 ) ;
#3452 = VECTOR ( 'NONE', #660, 1000.000000000000000 ) ;
#3453 = LINE ( 'NONE', #7578, #918 ) ;
#3454 = CLOSED_SHELL ( 'NONE', ( #6536, #6777, #2126, #6791, #908, #2200, #7502, #8643, #4823, #3494 ) ) ;
#3455 = SURFACE_STYLE_USAGE ( .BOTH. , #157 ) ;
#3456 = CARTESIAN_POINT ( 'NONE',  ( -9.499999999999996447, 1.600000000000000089, 0.000000000000000000 ) ) ;
#3457 = CARTESIAN_POINT ( 'NONE',  ( 9.500000000000000000, 1.599999999999999867, 5.550000000000002487 ) ) ;
#3458 = DIRECTION ( 'NONE',  ( 1.000000000000000000, -0.000000000000000000, -0.000000000000000000 ) ) ;
#3459 = CARTESIAN_POINT ( 'NONE',  ( 1.939999999999998170, 2.970000000000000639, -4.730000000000001315 ) ) ;
#3460 = PLANE ( 'NONE',  #10135 ) ;
#3461 = ORIENTED_EDGE ( 'NONE', *, *, #7093, .T. ) ;
#3462 = AXIS2_PLACEMENT_3D ( 'NONE', #2829, #8310, #9925 ) ;
#3463 = CARTESIAN_POINT ( 'NONE',  ( -9.500000000000000000, 4.721281787984062284, 0.000000000000000000 ) ) ;
#3464 = VECTOR ( 'NONE', #5763, 1000.000000000000000 ) ;
#3465 = VERTEX_POINT ( 'NONE', #1223 ) ;
#3466 = EDGE_CURVE ( 'NONE', #4583, #1758, #4413, .T. ) ;
#3467 = ORIENTED_EDGE ( 'NONE', *, *, #10141, .T. ) ;
#3468 = FACE_OUTER_BOUND ( 'NONE', #7526, .T. ) ;
#3469 = CIRCLE ( 'NONE', #1118, 0.8000000000000003775 ) ;
#3470 = EDGE_CURVE ( 'NONE', #7992, #6268, #6163, .T. ) ;
#3471 = DIRECTION ( 'NONE',  ( 0.000000000000000000, 1.000000000000000000, -0.000000000000000000 ) ) ;
#3472 = LINE ( 'NONE', #1216, #963 ) ;
#3473 = CIRCLE ( 'NONE', #8134, 0.5080000000000001181 ) ;
#3474 = VECTOR ( 'NONE', #2437, 1000.000000000000000 ) ;
#3475 = DIRECTION ( 'NONE',  ( 0.000000000000000000, 0.000000000000000000, 1.000000000000000000 ) ) ;
#3476 = CARTESIAN_POINT ( 'NONE',  ( 7.620000000000000107, 0.000000000000000000, 0.4700000000000016387 ) ) ;
#3477 = LINE ( 'NONE', #961, #5756 ) ;
#3478 = VECTOR ( 'NONE', #8836, 1000.000000000000000 ) ;
#3479 = VERTEX_POINT ( 'NONE', #9209 ) ;
#3480 = ORIENTED_EDGE ( 'NONE', *, *, #1754, .F. ) ;
#3481 = EDGE_CURVE ( 'NONE', #7231, #3963, #6835, .T. ) ;
#3482 = VERTEX_POINT ( 'NONE', #8439 ) ;
#3483 = EDGE_CURVE ( 'NONE', #556, #1189, #6888, .T. ) ;
#3484 = STYLED_ITEM ( 'NONE', ( #2414 ), #4917 ) ;
#3485 = ADVANCED_FACE ( 'NONE', ( #9261 ), #4526, .F. ) ;
#3486 = LINE ( 'NONE', #6686, #4500 ) ;
#3487 = CIRCLE ( 'NONE', #4486, 0.3175000000000000600 ) ;
#3488 = PLANE ( 'NONE',  #2374 ) ;
#3489 = FACE_BOUND ( 'NONE', #8065, .T. ) ;
#3490 = CARTESIAN_POINT ( 'NONE',  ( 2.682362310991791315E-14, 0.000000000000000000, 9.689999999999978186 ) ) ;
#3491 = ORIENTED_EDGE ( 'NONE', *, *, #3690, .T. ) ;
#3492 = ORIENTED_EDGE ( 'NONE', *, *, #83, .F. ) ;
#3493 = VECTOR ( 'NONE', #5265, 1000.000000000000000 ) ;
#3494 = ADVANCED_FACE ( 'NONE', ( #10104 ), #2947, .T. ) ;
#3495 = VECTOR ( 'NONE', #5687, 1000.000000000000000 ) ;
#3496 = ORIENTED_EDGE ( 'NONE', *, *, #9022, .F. ) ;
#3497 = DIRECTION ( 'NONE',  ( -1.186541365237213826E-16, 0.000000000000000000, -1.000000000000000000 ) ) ;
#3498 = ORIENTED_EDGE ( 'NONE', *, *, #2754, .F. ) ;
#3499 = EDGE_LOOP ( 'NONE', ( #19, #7365, #7247, #4464 ) ) ;
#3500 = SURFACE_STYLE_USAGE ( .BOTH. , #5124 ) ;
#3501 = DIRECTION ( 'NONE',  ( 0.000000000000000000, 0.000000000000000000, 1.000000000000000000 ) ) ;
#3502 = AXIS2_PLACEMENT_3D ( 'NONE', #6778, #4318, #5955 ) ;
#3503 = CARTESIAN_POINT ( 'NONE',  ( 2.699999999999999289, 2.100000000000000089, -7.139999999999997016 ) ) ;
#3504 =( LENGTH_UNIT ( ) NAMED_UNIT ( * ) SI_UNIT ( .MILLI., .METRE. ) );
#3505 = ORIENTED_EDGE ( 'NONE', *, *, #9072, .F. ) ;
#3506 = CARTESIAN_POINT ( 'NONE',  ( -6.349999999999999645, 29.71055027400083759, 9.340000000000008740 ) ) ;
#3507 = EDGE_CURVE ( 'NONE', #9211, #5929, #8980, .T. ) ;
#3508 = ORIENTED_EDGE ( 'NONE', *, *, #2565, .T. ) ;
#3509 = ORIENTED_EDGE ( 'NONE', *, *, #7772, .T. ) ;
#3510 = VECTOR ( 'NONE', #7238, 1000.000000000000000 ) ;
#3511 = MECHANICAL_DESIGN_GEOMETRIC_PRESENTATION_REPRESENTATION (  '', ( #1332 ), #6178 ) ;
#3512 = ORIENTED_EDGE ( 'NONE', *, *, #9350, .T. ) ;
#3513 = CIRCLE ( 'NONE', #1337, 0.5079999999999997851 ) ;
#3514 = DIRECTION ( 'NONE',  ( 0.000000000000000000, 0.000000000000000000, 1.000000000000000000 ) ) ;
#3515 = CYLINDRICAL_SURFACE ( 'NONE', #2280, 0.5079999999999997851 ) ;
#3516 = DIRECTION ( 'NONE',  ( 0.000000000000000000, 0.000000000000000000, -1.000000000000000000 ) ) ;
#3517 = CARTESIAN_POINT ( 'NONE',  ( 0.000000000000000000, 0.000000000000000000, 2.070000000000002505 ) ) ;
#3518 = PRESENTATION_STYLE_ASSIGNMENT (( #204 ) ) ;
#3519 = LINE ( 'NONE', #2525, #3891 ) ;
#3520 = PRESENTATION_STYLE_ASSIGNMENT (( #8316 ) ) ;
#3521 = EDGE_CURVE ( 'NONE', #815, #4211, #9419, .T. ) ;
#3522 = LINE ( 'NONE', #7697, #448 ) ;
#3523 = ORIENTED_EDGE ( 'NONE', *, *, #3707, .F. ) ;
#3524 = ORIENTED_EDGE ( 'NONE', *, *, #8192, .T. ) ;
#3525 = ORIENTED_EDGE ( 'NONE', *, *, #5093, .F. ) ;
#3526 = STYLED_ITEM ( 'NONE', ( #188 ), #8435 ) ;
#3527 = CARTESIAN_POINT ( 'NONE',  ( 7.620000000000000107, 1.599999999999999867, -5.549999999999998934 ) ) ;
#3528 = FACE_OUTER_BOUND ( 'NONE', #9498, .T. ) ;
#3529 = LINE ( 'NONE', #1845, #1473 ) ;
#3530 = CARTESIAN_POINT ( 'NONE',  ( 7.620000000000110241, 4.721281787984062284, 1.270000000000002016 ) ) ;
#3531 = ORIENTED_EDGE ( 'NONE', *, *, #2069, .F. ) ;
#3532 = ADVANCED_FACE ( 'NONE', ( #5576 ), #6222, .F. ) ;
#3533 = DIRECTION ( 'NONE',  ( 0.000000000000000000, 0.000000000000000000, 1.000000000000000000 ) ) ;
#3534 = VERTEX_POINT ( 'NONE', #3005 ) ;
#3535 = CARTESIAN_POINT ( 'NONE',  ( -7.619999999999845564, 0.000000000000000000, 6.858000000000004981 ) ) ;
#3536 = EDGE_CURVE ( 'NONE', #2324, #1519, #658, .T. ) ;
#3537 = EDGE_CURVE ( 'NONE', #6593, #4524, #5469, .T. ) ;
#3538 = DIRECTION ( 'NONE',  ( 1.000000000000000000, 0.000000000000000000, -0.000000000000000000 ) ) ;
#3539 = DIRECTION ( 'NONE',  ( 1.000000000000000000, -0.000000000000000000, -5.782411586589358822E-15 ) ) ;
#3540 = VERTEX_POINT ( 'NONE', #3208 ) ;
#3541 = EDGE_LOOP ( 'NONE', ( #7870, #4436, #7056, #8745 ) ) ;
#3542 = EDGE_CURVE ( 'NONE', #7364, #5738, #2261, .T. ) ;
#3543 = VERTEX_POINT ( 'NONE', #8640 ) ;
#3544 = DIRECTION ( 'NONE',  ( 1.000000000000000000, 0.000000000000000000, 9.227252531791528105E-16 ) ) ;
#3545 = ORIENTED_EDGE ( 'NONE', *, *, #4522, .T. ) ;
#3546 = ORIENTED_EDGE ( 'NONE', *, *, #6318, .T. ) ;
#3547 = CARTESIAN_POINT ( 'NONE',  ( 7.620000000000007212, 0.000000000000000000, -8.890000000000000568 ) ) ;
#3548 = CARTESIAN_POINT ( 'NONE',  ( -7.620000000000000995, 1.600000000000000089, -8.890000000000000568 ) ) ;
#3549 = EDGE_CURVE ( 'NONE', #8888, #7730, #8330, .T. ) ;
#3550 = CARTESIAN_POINT ( 'NONE',  ( 2.699999999999999289, 2.100000000000000089, -7.139999999999997016 ) ) ;
#3551 = ORIENTED_EDGE ( 'NONE', *, *, #7547, .F. ) ;
#3552 = EDGE_CURVE ( 'NONE', #2562, #5118, #9, .T. ) ;
#3553 = CARTESIAN_POINT ( 'NONE',  ( 9.500000000000003553, 1.600000000000000089, -2.069999999999998508 ) ) ;
#3554 = CIRCLE ( 'NONE', #9888, 0.5080000000000002292 ) ;
#3555 = VERTEX_POINT ( 'NONE', #3102 ) ;
#3556 = ORIENTED_EDGE ( 'NONE', *, *, #7897, .T. ) ;
#3557 = ORIENTED_EDGE ( 'NONE', *, *, #8000, .T. ) ;
#3558 = DIRECTION ( 'NONE',  ( -0.000000000000000000, -1.000000000000000000, -0.000000000000000000 ) ) ;
#3559 = ADVANCED_FACE ( 'NONE', ( #3157 ), #1478, .F. ) ;
#3560 = VECTOR ( 'NONE', #9415, 1000.000000000000000 ) ;
#3561 = CARTESIAN_POINT ( 'NONE',  ( -9.500000000000000000, 0.000000000000000000, 0.000000000000000000 ) ) ;
#3562 = DIRECTION ( 'NONE',  ( 0.000000000000000000, -1.000000000000000000, 0.000000000000000000 ) ) ;
#3563 = CARTESIAN_POINT ( 'NONE',  ( 3.969999999999999751, 3.000000000000000000, -8.527499999999994529 ) ) ;
#3564 = DIRECTION ( 'NONE',  ( -0.000000000000000000, -1.000000000000000000, -0.000000000000000000 ) ) ;
#3565 = FACE_OUTER_BOUND ( 'NONE', #2233, .T. ) ;
#3566 = CARTESIAN_POINT ( 'NONE',  ( 1.939999999999998170, 2.970000000000000195, -4.630000000000001670 ) ) ;
#3567 = DIRECTION ( 'NONE',  ( 0.000000000000000000, 0.000000000000000000, 1.000000000000000000 ) ) ;
#3568 = EDGE_LOOP ( 'NONE', ( #8243, #7447, #5838, #3852 ) ) ;
#3569 = CARTESIAN_POINT ( 'NONE',  ( 5.239999999999999325, 1.600000000000000089, -7.139999999999997016 ) ) ;
#3570 = VERTEX_POINT ( 'NONE', #7961 ) ;
#3571 = VERTEX_POINT ( 'NONE', #10165 ) ;
#3572 = AXIS2_PLACEMENT_3D ( 'NONE', #9923, #9137, #7215 ) ;
#3573 = CARTESIAN_POINT ( 'NONE',  ( 9.500000000000000000, 1.599999999999999867, -0.4700000000000012501 ) ) ;
#3574 = ADVANCED_FACE ( 'NONE', ( #799 ), #2313, .F. ) ;
#3575 = DIRECTION ( 'NONE',  ( -1.186541365237213826E-16, 0.000000000000000000, -1.000000000000000000 ) ) ;
#3576 = CARTESIAN_POINT ( 'NONE',  ( 2.900000000000000799, 2.100000000000000089, -9.479999999999995097 ) ) ;
#3577 = LINE ( 'NONE', #425, #1651 ) ;
#3578 = LINE ( 'NONE', #1892, #5608 ) ;
#3579 = FACE_OUTER_BOUND ( 'NONE', #9931, .T. ) ;
#3580 = ORIENTED_EDGE ( 'NONE', *, *, #4786, .T. ) ;
#3581 = CARTESIAN_POINT ( 'NONE',  ( -9.500000000000000000, 1.599999999999999867, -3.009999999999999787 ) ) ;
#3582 = ORIENTED_EDGE ( 'NONE', *, *, #7109, .T. ) ;
#3583 = DIRECTION ( 'NONE',  ( -0.000000000000000000, -1.000000000000000000, -0.000000000000000000 ) ) ;
#3584 = DIRECTION ( 'NONE',  ( -1.000000000000000000, -0.000000000000000000, 0.000000000000000000 ) ) ;
#3585 = EDGE_CURVE ( 'NONE', #7198, #184, #702, .T. ) ;
#3586 = DIRECTION ( 'NONE',  ( 0.000000000000000000, 1.000000000000000000, -0.000000000000000000 ) ) ;
#3587 = AXIS2_PLACEMENT_3D ( 'NONE', #6261, #9414, #698 ) ;
#3588 = DIRECTION ( 'NONE',  ( -1.000000000000000000, 0.000000000000000000, 1.186541365237213826E-16 ) ) ;
#3589 = ORIENTED_EDGE ( 'NONE', *, *, #2069, .T. ) ;
#3590 = ORIENTED_EDGE ( 'NONE', *, *, #126, .T. ) ;
#3591 = ORIENTED_EDGE ( 'NONE', *, *, #7843, .T. ) ;
#3592 = ORIENTED_EDGE ( 'NONE', *, *, #8946, .F. ) ;
#3593 = ORIENTED_EDGE ( 'NONE', *, *, #1428, .T. ) ;
#3594 = DIRECTION ( 'NONE',  ( 0.000000000000000000, 0.000000000000000000, 1.000000000000000000 ) ) ;
#3595 = LINE ( 'NONE', #342, #4604 ) ;
#3596 = EDGE_CURVE ( 'NONE', #1378, #6197, #9570, .T. ) ;
#3597 = CARTESIAN_POINT ( 'NONE',  ( 0.000000000000000000, 1.750000000000000000, 0.000000000000000000 ) ) ;
#3598 = CARTESIAN_POINT ( 'NONE',  ( -6.000000000000001776, 3.069999999999999840, 0.000000000000000000 ) ) ;
#3599 = CARTESIAN_POINT ( 'NONE',  ( -9.499999999999996447, 1.600000000000000089, 0.000000000000000000 ) ) ;
#3600 = ORIENTED_EDGE ( 'NONE', *, *, #3077, .T. ) ;
#3601 = CARTESIAN_POINT ( 'NONE',  ( 3.969999999999999751, 2.100000000000000089, -8.209999999999995524 ) ) ;
#3602 = ORIENTED_EDGE ( 'NONE', *, *, #8262, .T. ) ;
#3603 = ORIENTED_EDGE ( 'NONE', *, *, #6402, .T. ) ;
#3604 = EDGE_CURVE ( 'NONE', #4498, #9452, #2993, .T. ) ;
#3605 = DIRECTION ( 'NONE',  ( 1.000000000000000000, 0.000000000000000000, 0.000000000000000000 ) ) ;
#3606 = EDGE_CURVE ( 'NONE', #3158, #3675, #7085, .T. ) ;
#3607 = VECTOR ( 'NONE', #537, 1000.000000000000000 ) ;
#3608 = DIRECTION ( 'NONE',  ( -1.000000000000000000, 0.000000000000000000, 6.920439398843646079E-16 ) ) ;
#3609 = DIRECTION ( 'NONE',  ( 0.000000000000000000, 0.000000000000000000, -1.000000000000000000 ) ) ;
#3610 = CARTESIAN_POINT ( 'NONE',  ( 3.969999999999999751, 2.100000000000000089, -7.209999999999994635 ) ) ;
#3611 = DIRECTION ( 'NONE',  ( 0.000000000000000000, 0.000000000000000000, -1.000000000000000000 ) ) ;
#3612 = LINE ( 'NONE', #7427, #82 ) ;
#3613 = PRESENTATION_STYLE_ASSIGNMENT (( #9985 ) ) ;
#3614 = DIRECTION ( 'NONE',  ( 0.000000000000000000, 0.000000000000000000, -1.000000000000000000 ) ) ;
#3615 = DIRECTION ( 'NONE',  ( -0.000000000000000000, -1.000000000000000000, -0.000000000000000000 ) ) ;
#3616 = VERTEX_POINT ( 'NONE', #4835 ) ;
#3617 = EDGE_LOOP ( 'NONE', ( #10032, #10005, #2821, #2541 ) ) ;
#3618 = ORIENTED_EDGE ( 'NONE', *, *, #1208, .F. ) ;
#3619 = ADVANCED_FACE ( 'NONE', ( #5426 ), #8593, .T. ) ;
#3620 = ORIENTED_EDGE ( 'NONE', *, *, #6275, .F. ) ;
#3621 = AXIS2_PLACEMENT_3D ( 'NONE', #896, #7958, #1577 ) ;
#3622 = LINE ( 'NONE', #2732, #291 ) ;
#3623 = DIRECTION ( 'NONE',  ( -1.000000000000000000, -0.000000000000000000, 0.000000000000000000 ) ) ;
#3624 = CARTESIAN_POINT ( 'NONE',  ( 0.000000000000000000, 4.721281787984062284, -9.690000000000003055 ) ) ;
#3625 = CARTESIAN_POINT ( 'NONE',  ( 9.500000000000000000, 0.000000000000000000, 0.4699999999999990852 ) ) ;
#3626 = PRESENTATION_LAYER_ASSIGNMENT (  '', '', ( #5149 ) ) ;
#3627 = CARTESIAN_POINT ( 'NONE',  ( 0.000000000000000000, 0.000000000000000000, 3.010000000000002451 ) ) ;
#3628 = VECTOR ( 'NONE', #9745, 1000.000000000000000 ) ;
#3629 = EDGE_LOOP ( 'NONE', ( #5737, #9689, #7105, #1619 ) ) ;
#3630 = FACE_OUTER_BOUND ( 'NONE', #4392, .T. ) ;
#3631 = VERTEX_POINT ( 'NONE', #6267 ) ;
#3632 = ADVANCED_FACE ( 'NONE', ( #4047 ), #6522, .F. ) ;
#3633 = VECTOR ( 'NONE', #3206, 1000.000000000000000 ) ;
#3634 = VECTOR ( 'NONE', #5463, 1000.000000000000000 ) ;
#3635 = DIRECTION ( 'NONE',  ( 1.365923996832129391E-16, 0.000000000000000000, 1.000000000000000000 ) ) ;
#3636 = AXIS2_PLACEMENT_3D ( 'NONE', #3407, #6514, #3990 ) ;
#3637 = AXIS2_PLACEMENT_3D ( 'NONE', #70, #9585, #8082 ) ;
#3638 = CIRCLE ( 'NONE', #630, 0.8000000000000012657 ) ;
#3639 = LINE ( 'NONE', #6840, #4791 ) ;
#3640 = LINE ( 'NONE', #10014, #9708 ) ;
#3641 = CARTESIAN_POINT ( 'NONE',  ( 7.620000000000000107, 0.000000000000000000, -9.690000000000003055 ) ) ;
#3642 = VERTEX_POINT ( 'NONE', #6668 ) ;
#3643 = VERTEX_POINT ( 'NONE', #2682 ) ;
#3644 = VECTOR ( 'NONE', #8981, 1000.000000000000000 ) ;
#3645 = VERTEX_POINT ( 'NONE', #1689 ) ;
#3646 = CARTESIAN_POINT ( 'NONE',  ( -6.597485560230948354E-15, 1.599999999999999867, 7.150000000000006573 ) ) ;
#3647 = ORIENTED_EDGE ( 'NONE', *, *, #9394, .F. ) ;
#3648 = EDGE_LOOP ( 'NONE', ( #9161, #7550, #3492, #6998 ) ) ;
#3649 = AXIS2_PLACEMENT_3D ( 'NONE', #7548, #1945, #5271 ) ;
#3650 = DIRECTION ( 'NONE',  ( 0.000000000000000000, 0.000000000000000000, -1.000000000000000000 ) ) ;
#3651 = DIRECTION ( 'NONE',  ( 0.000000000000000000, 1.000000000000000000, -0.000000000000000000 ) ) ;
#3652 = CARTESIAN_POINT ( 'NONE',  ( 6.350000000000001421, 1.600000000000000089, 9.690000000000004832 ) ) ;
#3653 = CIRCLE ( 'NONE', #6189, 0.7999999999999986011 ) ;
#3654 = DIRECTION ( 'NONE',  ( 0.000000000000000000, 0.000000000000000000, -1.000000000000000000 ) ) ;
#3655 = AXIS2_PLACEMENT_3D ( 'NONE', #4680, #1634, #7909 ) ;
#3656 = VERTEX_POINT ( 'NONE', #951 ) ;
#3657 = DIRECTION ( 'NONE',  ( 0.000000000000000000, 0.000000000000000000, -1.000000000000000000 ) ) ;
#3658 = ORIENTED_EDGE ( 'NONE', *, *, #2327, .F. ) ;
#3659 = ADVANCED_FACE ( 'NONE', ( #4882 ), #103, .F. ) ;
#3660 = ORIENTED_EDGE ( 'NONE', *, *, #10275, .F. ) ;
#3661 = VECTOR ( 'NONE', #9264, 1000.000000000000000 ) ;
#3662 = CARTESIAN_POINT ( 'NONE',  ( -9.500000000000000000, 1.599999999999999867, 0.000000000000000000 ) ) ;
#3663 = CIRCLE ( 'NONE', #5155, 0.8000000000000003775 ) ;
#3664 = EDGE_CURVE ( 'NONE', #8233, #2911, #9148, .T. ) ;
#3665 = FILL_AREA_STYLE_COLOUR ( '', #9756 ) ;
#3666 = CARTESIAN_POINT ( 'NONE',  ( -7.620000000000000995, 0.000000000000000000, -8.890000000000000568 ) ) ;
#3667 = EDGE_CURVE ( 'NONE', #1341, #4723, #5784, .T. ) ;
#3668 = CARTESIAN_POINT ( 'NONE',  ( -6.259217584012958710E-16, 3.270000000000000018, -4.580000000000003624 ) ) ;
#3669 = DIRECTION ( 'NONE',  ( 0.000000000000000000, 0.000000000000000000, 1.000000000000000000 ) ) ;
#3670 = CIRCLE ( 'NONE', #3334, 1.000000000000000000 ) ;
#3671 = CARTESIAN_POINT ( 'NONE',  ( 1.590000000000000302, 29.71055027400083759, -5.279999999999999361 ) ) ;
#3672 = CIRCLE ( 'NONE', #1666, 1.000000000000000000 ) ;
#3673 = PLANE ( 'NONE',  #1445 ) ;
#3674 = CARTESIAN_POINT ( 'NONE',  ( 7.620000000000057838, 1.599999999999999867, -4.318000000000004057 ) ) ;
#3675 = VERTEX_POINT ( 'NONE', #9037 ) ;
#3676 = EDGE_CURVE ( 'NONE', #6475, #6943, #1733, .T. ) ;
#3677 = EDGE_LOOP ( 'NONE', ( #4733, #2341, #4453, #7040 ) ) ;
#3678 = ORIENTED_EDGE ( 'NONE', *, *, #463, .F. ) ;
#3679 = CARTESIAN_POINT ( 'NONE',  ( 9.500000000000003553, 1.600000000000000089, -0.4699999999999986411 ) ) ;
#3680 = AXIS2_PLACEMENT_3D ( 'NONE', #3880, #7074, #5673 ) ;
#3681 = DIRECTION ( 'NONE',  ( -0.000000000000000000, -1.000000000000000000, -0.000000000000000000 ) ) ;
#3682 = LINE ( 'NONE', #6880, #2805 ) ;
#3683 = DIRECTION ( 'NONE',  ( 0.000000000000000000, 0.000000000000000000, -1.000000000000000000 ) ) ;
#3684 = ADVANCED_FACE ( 'NONE', ( #3366 ), #254, .F. ) ;
#3685 = LINE ( 'NONE', #369, #7001 ) ;
#3686 = LINE ( 'NONE', #7543, #4420 ) ;
#3687 = PLANE ( 'NONE',  #39 ) ;
#3688 = VERTEX_POINT ( 'NONE', #7389 ) ;
#3689 = ORIENTED_EDGE ( 'NONE', *, *, #5856, .T. ) ;
#3690 = EDGE_CURVE ( 'NONE', #9012, #10194, #6570, .T. ) ;
#3691 = VECTOR ( 'NONE', #7576, 1000.000000000000000 ) ;
#3692 = CARTESIAN_POINT ( 'NONE',  ( 0.000000000000000000, 3.069999999999999840, -9.340000000000003411 ) ) ;
#3693 = ORIENTED_EDGE ( 'NONE', *, *, #3837, .F. ) ;
#3694 = DIRECTION ( 'NONE',  ( -0.000000000000000000, -1.000000000000000000, -0.000000000000000000 ) ) ;
#3695 = AXIS2_PLACEMENT_3D ( 'NONE', #9296, #9245, #4554 ) ;
#3696 = EDGE_CURVE ( 'NONE', #6037, #6593, #9726, .T. ) ;
#3697 = DIRECTION ( 'NONE',  ( -1.000000000000000000, 0.000000000000000000, 1.186541365237213826E-16 ) ) ;
#3698 = CARTESIAN_POINT ( 'NONE',  ( 9.500000000000000000, 0.000000000000000000, -8.089999999999998082 ) ) ;
#3699 = CARTESIAN_POINT ( 'NONE',  ( -7.620000000000000107, 1.600000000000000089, -3.009999999999999787 ) ) ;
#3700 = ORIENTED_EDGE ( 'NONE', *, *, #10187, .T. ) ;
#3701 = ORIENTED_EDGE ( 'NONE', *, *, #302, .T. ) ;
#3702 = VERTEX_POINT ( 'NONE', #2574 ) ;
#3703 = ORIENTED_EDGE ( 'NONE', *, *, #3676, .T. ) ;
#3704 = VERTEX_POINT ( 'NONE', #7282 ) ;
#3705 = CARTESIAN_POINT ( 'NONE',  ( 7.620000000000000107, 0.000000000000000000, -4.610000000000000320 ) ) ;
#3706 = CARTESIAN_POINT ( 'NONE',  ( 0.000000000000000000, 0.000000000000000000, 0.000000000000000000 ) ) ;
#3707 = EDGE_CURVE ( 'NONE', #5194, #288, #5506, .T. ) ;
#3708 = DIRECTION ( 'NONE',  ( 0.000000000000000000, 1.000000000000000000, 0.000000000000000000 ) ) ;
#3709 = DIRECTION ( 'NONE',  ( -0.000000000000000000, -1.000000000000000000, -0.000000000000000000 ) ) ;
#3710 = EDGE_LOOP ( 'NONE', ( #6118, #1821, #527, #10322 ) ) ;
#3711 = ORIENTED_EDGE ( 'NONE', *, *, #1376, .T. ) ;
#3712 = EDGE_LOOP ( 'NONE', ( #3618, #5917, #9711, #3365 ) ) ;
#3713 = LINE ( 'NONE', #3662, #7851 ) ;
#3714 = PRESENTATION_STYLE_ASSIGNMENT (( #3764 ) ) ;
#3715 = PRESENTATION_LAYER_ASSIGNMENT (  '', '', ( #9887 ) ) ;
#3716 = DIRECTION ( 'NONE',  ( 0.000000000000000000, 0.000000000000000000, 1.000000000000000000 ) ) ;
#3717 = AXIS2_PLACEMENT_3D ( 'NONE', #8447, #1278, #6841 ) ;
#3718 = CARTESIAN_POINT ( 'NONE',  ( 3.219999999999999751, 1.600000000000000089, -6.939999999999995062 ) ) ;
#3719 = DIRECTION ( 'NONE',  ( -1.186541365237213826E-16, -0.000000000000000000, -1.000000000000000000 ) ) ;
#3720 = DIRECTION ( 'NONE',  ( 1.186541365237213826E-16, 0.000000000000000000, 1.000000000000000000 ) ) ;
#3721 = SURFACE_SIDE_STYLE ('',( #575 ) ) ;
#3722 = CARTESIAN_POINT ( 'NONE',  ( -9.500000000000000000, 1.599999999999999867, 0.000000000000000000 ) ) ;
#3723 = ORIENTED_EDGE ( 'NONE', *, *, #10342, .F. ) ;
#3724 = ORIENTED_EDGE ( 'NONE', *, *, #3408, .T. ) ;
#3725 = EDGE_CURVE ( 'NONE', #7734, #9836, #1007, .T. ) ;
#3726 = ADVANCED_FACE ( 'NONE', ( #55 ), #3257, .F. ) ;
#3727 = AXIS2_PLACEMENT_3D ( 'NONE', #4411, #7598, #9206 ) ;
#3728 = CARTESIAN_POINT ( 'NONE',  ( 0.000000000000000000, 1.600000000000000089, 0.000000000000000000 ) ) ;
#3729 = EDGE_CURVE ( 'NONE', #4267, #5600, #1779, .T. ) ;
#3730 = DIRECTION ( 'NONE',  ( 1.000000000000000000, 0.000000000000000000, -0.000000000000000000 ) ) ;
#3731 = DIRECTION ( 'NONE',  ( -0.000000000000000000, -1.000000000000000000, -0.000000000000000000 ) ) ;
#3732 = DIRECTION ( 'NONE',  ( 0.000000000000000000, 1.000000000000000000, -0.000000000000000000 ) ) ;
#3733 = DIRECTION ( 'NONE',  ( -0.000000000000000000, -1.000000000000000000, -0.000000000000000000 ) ) ;
#3734 = CIRCLE ( 'NONE', #5250, 0.8000000000000003775 ) ;
#3735 = EDGE_LOOP ( 'NONE', ( #2298, #4233, #9691, #4323 ) ) ;
#3736 = ORIENTED_EDGE ( 'NONE', *, *, #2187, .F. ) ;
#3737 = DIRECTION ( 'NONE',  ( -1.000000000000000000, 0.000000000000000000, -0.000000000000000000 ) ) ;
#3738 = ORIENTED_EDGE ( 'NONE', *, *, #1670, .F. ) ;
#3739 = EDGE_CURVE ( 'NONE', #6873, #5700, #9679, .T. ) ;
#3740 = LINE ( 'NONE', #6937, #6685 ) ;
#3741 = EDGE_CURVE ( 'NONE', #334, #5929, #5736, .T. ) ;
#3742 = CARTESIAN_POINT ( 'NONE',  ( -7.620000000000000107, 4.721281787984062284, 9.689999999999999503 ) ) ;
#3743 = LINE ( 'NONE', #10172, #548 ) ;
#3744 = DIRECTION ( 'NONE',  ( -0.000000000000000000, -1.000000000000000000, -0.000000000000000000 ) ) ;
#3745 = LINE ( 'NONE', #5180, #2974 ) ;
#3746 = ORIENTED_EDGE ( 'NONE', *, *, #9921, .T. ) ;
#3747 = ORIENTED_EDGE ( 'NONE', *, *, #8909, .F. ) ;
#3748 = EDGE_LOOP ( 'NONE', ( #3327, #8264 ) ) ;
#3749 = ORIENTED_EDGE ( 'NONE', *, *, #8898, .F. ) ;
#3750 = EDGE_CURVE ( 'NONE', #6325, #9442, #5042, .T. ) ;
#3751 = LINE ( 'NONE', #5344, #9145 ) ;
#3752 = DIRECTION ( 'NONE',  ( -0.000000000000000000, -1.000000000000000000, -0.000000000000000000 ) ) ;
#3753 = CARTESIAN_POINT ( 'NONE',  ( 1.939999999999998170, 3.069999999999999840, -4.580000000000003624 ) ) ;
#3754 = DIRECTION ( 'NONE',  ( 1.366641393889291440E-16, 0.000000000000000000, 1.000000000000000000 ) ) ;
#3755 = CARTESIAN_POINT ( 'NONE',  ( 9.500000000000000000, 1.599999999999999867, -5.841999999999999638 ) ) ;
#3756 = ORIENTED_EDGE ( 'NONE', *, *, #8341, .F. ) ;
#3757 = VERTEX_POINT ( 'NONE', #210 ) ;
#3758 = DIRECTION ( 'NONE',  ( -0.000000000000000000, -1.000000000000000000, -0.000000000000000000 ) ) ;
#3759 = CIRCLE ( 'NONE', #5104, 0.8000000000000012657 ) ;
#3760 = ORIENTED_EDGE ( 'NONE', *, *, #9237, .F. ) ;
#3761 = EDGE_CURVE ( 'NONE', #3616, #8706, #4831, .T. ) ;
#3762 = DIRECTION ( 'NONE',  ( 1.384087879768729216E-15, -0.000000000000000000, 1.000000000000000000 ) ) ;
#3763 = PRESENTATION_LAYER_ASSIGNMENT (  '', '', ( #3091 ) ) ;
#3764 = SURFACE_STYLE_USAGE ( .BOTH. , #9291 ) ;
#3765 = DIRECTION ( 'NONE',  ( 0.000000000000000000, 0.000000000000000000, 1.000000000000000000 ) ) ;
#3766 = VECTOR ( 'NONE', #5970, 1000.000000000000000 ) ;
#3767 = DIRECTION ( 'NONE',  ( 0.000000000000000000, 1.000000000000000000, -0.000000000000000000 ) ) ;
#3768 = FACE_OUTER_BOUND ( 'NONE', #1444, .T. ) ;
#3769 = PLANE ( 'NONE',  #8186 ) ;
#3770 = CARTESIAN_POINT ( 'NONE',  ( 3.969999999999999751, 2.100000000000000089, -8.209999999999995524 ) ) ;
#3771 = EDGE_LOOP ( 'NONE', ( #7037, #10242, #8833, #4050 ) ) ;
#3772 = VERTEX_POINT ( 'NONE', #3569 ) ;
#3773 = VECTOR ( 'NONE', #7997, 1000.000000000000000 ) ;
#3774 = EDGE_LOOP ( 'NONE', ( #1283, #5424, #3557, #5388 ) ) ;
#3775 = PLANE ( 'NONE',  #7810 ) ;
#3776 = PLANE ( 'NONE',  #5159 ) ;
#3777 = LINE ( 'NONE', #1418, #1457 ) ;
#3778 = FACE_OUTER_BOUND ( 'NONE', #1008, .T. ) ;
#3779 = LINE ( 'NONE', #7903, #4086 ) ;
#3780 = CARTESIAN_POINT ( 'NONE',  ( -6.349999999999999645, 2.970000000000000639, -9.340000000000003411 ) ) ;
#3781 = EDGE_CURVE ( 'NONE', #89, #9049, #4452, .T. ) ;
#3782 = CARTESIAN_POINT ( 'NONE',  ( -9.500000000000000000, 4.721281787984062284, 3.302000000000000490 ) ) ;
#3783 = VERTEX_POINT ( 'NONE', #3128 ) ;
#3784 = DIRECTION ( 'NONE',  ( 0.000000000000000000, -1.000000000000000000, 0.000000000000000000 ) ) ;
#3785 = ORIENTED_EDGE ( 'NONE', *, *, #1932, .F. ) ;
#3786 = ADVANCED_FACE ( 'NONE', ( #3867 ), #10133, .T. ) ;
#3787 = AXIS2_PLACEMENT_3D ( 'NONE', #2849, #590, #2055 ) ;
#3788 = DIRECTION ( 'NONE',  ( 1.366641393889291440E-16, 0.000000000000000000, 1.000000000000000000 ) ) ;
#3789 = DIRECTION ( 'NONE',  ( -0.000000000000000000, -1.000000000000000000, -0.000000000000000000 ) ) ;
#3790 = AXIS2_PLACEMENT_3D ( 'NONE', #4716, #1626, #4040 ) ;
#3791 = VECTOR ( 'NONE', #10332, 1000.000000000000000 ) ;
#3792 = PLANE ( 'NONE',  #4969 ) ;
#3793 = ADVANCED_FACE ( 'NONE', ( #8615, #5554 ), #621, .F. ) ;
#3794 = EDGE_CURVE ( 'NONE', #3818, #8032, #2136, .T. ) ;
#3795 = CIRCLE ( 'NONE', #7972, 0.2999999999999999334 ) ;
#3796 = VERTEX_POINT ( 'NONE', #4703 ) ;
#3797 = ORIENTED_EDGE ( 'NONE', *, *, #2197, .F. ) ;
#3798 = EDGE_CURVE ( 'NONE', #4494, #4267, #651, .T. ) ;
#3799 = PRESENTATION_LAYER_ASSIGNMENT (  '', '', ( #2793 ) ) ;
#3800 = AXIS2_PLACEMENT_3D ( 'NONE', #6811, #5254, #9983 ) ;
#3801 = VERTEX_POINT ( 'NONE', #680 ) ;
#3802 = ORIENTED_EDGE ( 'NONE', *, *, #72, .T. ) ;
#3803 = DIRECTION ( 'NONE',  ( -1.000000000000000000, 0.000000000000000000, 0.000000000000000000 ) ) ;
#3804 = FACE_OUTER_BOUND ( 'NONE', #3903, .T. ) ;
#3805 = VECTOR ( 'NONE', #8940, 1000.000000000000000 ) ;
#3806 = LINE ( 'NONE', #5345, #9924 ) ;
#3807 = DIRECTION ( 'NONE',  ( -1.156482317317871764E-14, 0.000000000000000000, 1.000000000000000000 ) ) ;
#3808 = AXIS2_PLACEMENT_3D ( 'NONE', #892, #5241, #9181 ) ;
#3809 = CARTESIAN_POINT ( 'NONE',  ( 1.289999999999999591, 2.970000000000000195, -9.340000000000003411 ) ) ;
#3810 = LINE ( 'NONE', #512, #2939 ) ;
#3811 = AXIS2_PLACEMENT_3D ( 'NONE', #8283, #2597, #9697 ) ;
#3812 = EDGE_CURVE ( 'NONE', #8348, #9885, #5350, .T. ) ;
#3813 = EDGE_LOOP ( 'NONE', ( #1909, #9555, #7388, #4341 ) ) ;
#3814 = VECTOR ( 'NONE', #633, 1000.000000000000000 ) ;
#3815 = AXIS2_PLACEMENT_3D ( 'NONE', #1572, #8737, #6561 ) ;
#3816 = VERTEX_POINT ( 'NONE', #1507 ) ;
#3817 = DIRECTION ( 'NONE',  ( 0.000000000000000000, 1.000000000000000000, -0.000000000000000000 ) ) ;
#3818 = VERTEX_POINT ( 'NONE', #7881 ) ;
#3819 = CYLINDRICAL_SURFACE ( 'NONE', #5876, 0.8000000000000012657 ) ;
#3820 = VECTOR ( 'NONE', #3614, 1000.000000000000000 ) ;
#3821 = CIRCLE ( 'NONE', #5176, 0.7999999999999986011 ) ;
#3822 = CARTESIAN_POINT ( 'NONE',  ( 1.108229635131558462E-15, 3.270000000000000018, 9.340000000000006963 ) ) ;
#3823 = DIRECTION ( 'NONE',  ( 0.000000000000000000, 1.000000000000000000, -0.000000000000000000 ) ) ;
#3824 = CARTESIAN_POINT ( 'NONE',  ( 3.219999999999999751, 1.750000000000000000, -9.479999999999995097 ) ) ;
#3825 = EDGE_CURVE ( 'NONE', #3399, #10178, #1974, .T. ) ;
#3826 = DIRECTION ( 'NONE',  ( 0.000000000000000000, 0.000000000000000000, 1.000000000000000000 ) ) ;
#3827 = EDGE_LOOP ( 'NONE', ( #1604, #9420, #3591, #6416 ) ) ;
#3828 = DIRECTION ( 'NONE',  ( -1.384087879768729216E-15, 0.000000000000000000, -1.000000000000000000 ) ) ;
#3829 = CYLINDRICAL_SURFACE ( 'NONE', #7300, 0.7999999999999986011 ) ;
#3830 = ORIENTED_EDGE ( 'NONE', *, *, #3481, .F. ) ;
#3831 = AXIS2_PLACEMENT_3D ( 'NONE', #9384, #2226, #2381 ) ;
#3832 = ORIENTED_EDGE ( 'NONE', *, *, #2001, .F. ) ;
#3833 = CARTESIAN_POINT ( 'NONE',  ( 7.620000000000000107, 4.721281787984062284, 8.090000000000003411 ) ) ;
#3834 = PLANE ( 'NONE',  #120 ) ;
#3835 = VECTOR ( 'NONE', #2534, 1000.000000000000000 ) ;
#3836 = DIRECTION ( 'NONE',  ( 0.000000000000000000, 1.000000000000000000, -0.000000000000000000 ) ) ;
#3837 = EDGE_CURVE ( 'NONE', #5927, #8096, #7057, .T. ) ;
#3838 = CARTESIAN_POINT ( 'NONE',  ( -9.500000000000000000, 4.721281787984062284, 0.000000000000000000 ) ) ;
#3839 = DIRECTION ( 'NONE',  ( 0.000000000000000000, 0.000000000000000000, 1.000000000000000000 ) ) ;
#3840 = DIRECTION ( 'NONE',  ( 0.000000000000000000, 1.000000000000000000, -0.000000000000000000 ) ) ;
#3841 = EDGE_LOOP ( 'NONE', ( #8285, #1130, #9274, #1077 ) ) ;
#3842 = CARTESIAN_POINT ( 'NONE',  ( 0.000000000000000000, 0.000000000000000000, -4.609999999999998543 ) ) ;
#3843 = VERTEX_POINT ( 'NONE', #7782 ) ;
#3844 = AXIS2_PLACEMENT_3D ( 'NONE', #693, #9609, #3296 ) ;
#3845 = COLOUR_RGB ( '',1.000000000000000000, 0.8117647058823529438, 0.5019607843137254832 ) ;
#3846 = CARTESIAN_POINT ( 'NONE',  ( 0.000000000000000000, 1.599999999999999867, 0.4699999999999999178 ) ) ;
#3847 = LINE ( 'NONE', #6226, #3452 ) ;
#3848 = EDGE_CURVE ( 'NONE', #9787, #7992, #2152, .T. ) ;
#3849 = VECTOR ( 'NONE', #1306, 1000.000000000000000 ) ;
#3850 = LINE ( 'NONE', #2172, #7731 ) ;
#3851 = CARTESIAN_POINT ( 'NONE',  ( 7.620000000000110241, 0.000000000000000000, 1.270000000000002016 ) ) ;
#3852 = ORIENTED_EDGE ( 'NONE', *, *, #2536, .T. ) ;
#3853 = ORIENTED_EDGE ( 'NONE', *, *, #2370, .T. ) ;
#3854 = ORIENTED_EDGE ( 'NONE', *, *, #3948, .T. ) ;
#3855 = FACE_OUTER_BOUND ( 'NONE', #419, .T. ) ;
#3856 = AXIS2_PLACEMENT_3D ( 'NONE', #6517, #4290, #8986 ) ;
#3857 = DIRECTION ( 'NONE',  ( 0.000000000000000000, 1.000000000000000000, -0.000000000000000000 ) ) ;
#3858 = EDGE_CURVE ( 'NONE', #5325, #1533, #566, .T. ) ;
#3859 = EDGE_CURVE ( 'NONE', #607, #186, #8519, .T. ) ;
#3860 = FACE_OUTER_BOUND ( 'NONE', #2344, .T. ) ;
#3861 = DIRECTION ( 'NONE',  ( 0.000000000000000000, 0.000000000000000000, 1.000000000000000000 ) ) ;
#3862 = EDGE_CURVE ( 'NONE', #10082, #4897, #1148, .T. ) ;
#3863 =( LENGTH_UNIT ( ) NAMED_UNIT ( * ) SI_UNIT ( .MILLI., .METRE. ) );
#3864 = DIRECTION ( 'NONE',  ( 0.000000000000000000, 0.000000000000000000, 1.000000000000000000 ) ) ;
#3865 = ORIENTED_EDGE ( 'NONE', *, *, #7449, .T. ) ;
#3866 = ORIENTED_EDGE ( 'NONE', *, *, #3198, .F. ) ;
#3867 = FACE_OUTER_BOUND ( 'NONE', #8695, .T. ) ;
#3868 = ORIENTED_EDGE ( 'NONE', *, *, #1995, .F. ) ;
#3869 = LINE ( 'NONE', #5451, #2510 ) ;
#3870 = EDGE_CURVE ( 'NONE', #1533, #6558, #1355, .T. ) ;
#3871 = EDGE_CURVE ( 'NONE', #1532, #9049, #3026, .T. ) ;
#3872 = FACE_OUTER_BOUND ( 'NONE', #57, .T. ) ;
#3873 = DIRECTION ( 'NONE',  ( 1.000000000000000000, 0.000000000000000000, 0.000000000000000000 ) ) ;
#3874 = CARTESIAN_POINT ( 'NONE',  ( 1.939999999999998170, 3.270000000000000018, -4.630000000000001670 ) ) ;
#3875 = ORIENTED_EDGE ( 'NONE', *, *, #6103, .F. ) ;
#3876 = CARTESIAN_POINT ( 'NONE',  ( 0.000000000000000000, 1.600000000000000089, 0.000000000000000000 ) ) ;
#3877 = VERTEX_POINT ( 'NONE', #9445 ) ;
#3878 = ORIENTED_EDGE ( 'NONE', *, *, #3825, .T. ) ;
#3879 = ORIENTED_EDGE ( 'NONE', *, *, #3073, .F. ) ;
#3880 = CARTESIAN_POINT ( 'NONE',  ( 7.620000000000060503, 0.000000000000000000, -3.810000000000000053 ) ) ;
#3881 = EDGE_CURVE ( 'NONE', #723, #8626, #7733, .T. ) ;
#3882 = AXIS2_PLACEMENT_3D ( 'NONE', #437, #5334, #4477 ) ;
#3883 = DIRECTION ( 'NONE',  ( 0.000000000000000000, 0.000000000000000000, 1.000000000000000000 ) ) ;
#3884 = CARTESIAN_POINT ( 'NONE',  ( 9.500000000000000000, 1.599999999999999867, 8.890000000000000568 ) ) ;
#3885 = DIRECTION ( 'NONE',  ( 0.000000000000000000, 0.000000000000000000, 1.000000000000000000 ) ) ;
#3886 = FILL_AREA_STYLE_COLOUR ( '', #9812 ) ;
#3887 = CARTESIAN_POINT ( 'NONE',  ( 6.349999999999999645, 1.600000000000000755, -4.580000000000003624 ) ) ;
#3888 = CARTESIAN_POINT ( 'NONE',  ( 5.239999999999999325, 2.100000000000000089, -7.139999999999997016 ) ) ;
#3889 = VERTEX_POINT ( 'NONE', #3074 ) ;
#3890 = CARTESIAN_POINT ( 'NONE',  ( -7.619999999999975238, 1.599999999999999867, -6.349999999999999645 ) ) ;
#3891 = VECTOR ( 'NONE', #5145, 1000.000000000000000 ) ;
#3892 = EDGE_LOOP ( 'NONE', ( #2354, #1825 ) ) ;
#3893 = ORIENTED_EDGE ( 'NONE', *, *, #7438, .F. ) ;
#3894 = VECTOR ( 'NONE', #2113, 1000.000000000000000 ) ;
#3895 = EDGE_CURVE ( 'NONE', #5526, #7734, #7104, .T. ) ;
#3896 = CARTESIAN_POINT ( 'NONE',  ( 1.240000000000001545, 3.270000000000000018, -9.340000000000003411 ) ) ;
#3897 = CYLINDRICAL_SURFACE ( 'NONE', #6649, 0.8000000000000012657 ) ;
#3898 = AXIS2_PLACEMENT_3D ( 'NONE', #52, #7904, #2412 ) ;
#3899 = DIRECTION ( 'NONE',  ( 0.000000000000000000, 0.000000000000000000, 1.000000000000000000 ) ) ;
#3900 = CARTESIAN_POINT ( 'NONE',  ( 4.719999999999999751, 1.750000000000000000, -9.979999999999996874 ) ) ;
#3901 = ORIENTED_EDGE ( 'NONE', *, *, #5930, .T. ) ;
#3902 = ORIENTED_EDGE ( 'NONE', *, *, #4887, .F. ) ;
#3903 = EDGE_LOOP ( 'NONE', ( #7681, #9382, #1589, #1581, #3316, #7208 ) ) ;
#3904 = CARTESIAN_POINT ( 'NONE',  ( 9.500000000000000000, 4.721281787984062284, 0.000000000000000000 ) ) ;
#3905 = AXIS2_PLACEMENT_3D ( 'NONE', #778, #10201, #5559 ) ;
#3906 = DIRECTION ( 'NONE',  ( -0.000000000000000000, -1.000000000000000000, -0.000000000000000000 ) ) ;
#3907 = LINE ( 'NONE', #6281, #10106 ) ;
#3908 = LINE ( 'NONE', #6485, #34 ) ;
#3909 = DIRECTION ( 'NONE',  ( 0.000000000000000000, 0.000000000000000000, 1.000000000000000000 ) ) ;
#3910 = DIRECTION ( 'NONE',  ( 1.000000000000000000, 0.000000000000000000, -9.227252531791528105E-16 ) ) ;
#3911 = EDGE_LOOP ( 'NONE', ( #1558, #2540, #6651, #7310 ) ) ;
#3912 = ADVANCED_FACE ( 'NONE', ( #6196 ), #8187, .F. ) ;
#3913 = EDGE_LOOP ( 'NONE', ( #7721, #9759, #5351, #7087 ) ) ;
#3914 = DIRECTION ( 'NONE',  ( 0.000000000000000000, 0.000000000000000000, -1.000000000000000000 ) ) ;
#3915 = VERTEX_POINT ( 'NONE', #6439 ) ;
#3916 = EDGE_CURVE ( 'NONE', #1449, #1493, #7363, .T. ) ;
#3917 = SURFACE_STYLE_FILL_AREA ( #4705 ) ;
#3918 = SURFACE_STYLE_FILL_AREA ( #4408 ) ;
#3919 = CARTESIAN_POINT ( 'NONE',  ( 0.000000000000000000, 2.100000000000000089, 0.000000000000000000 ) ) ;
#3920 = DIRECTION ( 'NONE',  ( 0.000000000000000000, 0.000000000000000000, 1.000000000000000000 ) ) ;
#3921 = LINE ( 'NONE', #3192, #10137 ) ;
#3922 = ORIENTED_EDGE ( 'NONE', *, *, #2441, .F. ) ;
#3923 = AXIS2_PLACEMENT_3D ( 'NONE', #9517, #8634, #5318 ) ;
#3924 = CARTESIAN_POINT ( 'NONE',  ( 7.620000000000112905, 0.000000000000000000, 1.270000000000000240 ) ) ;
#3925 = EDGE_CURVE ( 'NONE', #837, #7756, #6023, .T. ) ;
#3926 = ORIENTED_EDGE ( 'NONE', *, *, #3881, .F. ) ;
#3927 = VERTEX_POINT ( 'NONE', #9594 ) ;
#3928 = ADVANCED_FACE ( 'NONE', ( #1663 ), #8137, .F. ) ;
#3929 = LINE ( 'NONE', #2357, #9506 ) ;
#3930 = AXIS2_PLACEMENT_3D ( 'NONE', #1136, #5067, #3501 ) ;
#3931 = DIRECTION ( 'NONE',  ( 0.000000000000000000, 0.000000000000000000, 1.000000000000000000 ) ) ;
#3932 = CYLINDRICAL_SURFACE ( 'NONE', #2924, 0.7999999999999994893 ) ;
#3933 = CARTESIAN_POINT ( 'NONE',  ( 2.900000000000000799, 2.100000000000000089, -9.479999999999995097 ) ) ;
#3934 = CARTESIAN_POINT ( 'NONE',  ( -3.298742780115471021E-15, 1.600000000000000089, 7.149999999999999467 ) ) ;
#3935 = DIRECTION ( 'NONE',  ( 0.000000000000000000, 1.000000000000000000, 3.050563592925092054E-15 ) ) ;
#3936 = LINE ( 'NONE', #5623, #1538 ) ;
#3937 = EDGE_CURVE ( 'NONE', #5700, #2323, #4075, .T. ) ;
#3938 = PLANE ( 'NONE',  #5814 ) ;
#3939 = EDGE_LOOP ( 'NONE', ( #7891, #994, #9771, #9569, #6762, #6734 ) ) ;
#3940 = CARTESIAN_POINT ( 'NONE',  ( 7.620000000000192841, 1.599999999999999867, 8.890000000000000568 ) ) ;
#3941 = ORIENTED_EDGE ( 'NONE', *, *, #7971, .T. ) ;
#3942 = COLOUR_RGB ( '',0.7921568627450980005, 0.8196078431372548767, 0.9333333333333333481 ) ;
#3943 = LINE ( 'NONE', #754, #2668 ) ;
#3944 = LINE ( 'NONE', #8897, #277 ) ;
#3945 = UNCERTAINTY_MEASURE_WITH_UNIT (LENGTH_MEASURE( 1.000000000000000082E-05 ), #4507, 'distance_accuracy_value', 'NONE');
#3946 = DIRECTION ( 'NONE',  ( 0.000000000000000000, 0.000000000000000000, 1.000000000000000000 ) ) ;
#3947 = CARTESIAN_POINT ( 'NONE',  ( 9.500000000000000000, 1.599999999999999867, 0.7620000000000002327 ) ) ;
#3948 = EDGE_CURVE ( 'NONE', #9088, #3645, #5810, .T. ) ;
#3949 = VERTEX_POINT ( 'NONE', #2504 ) ;
#3950 = ORIENTED_EDGE ( 'NONE', *, *, #2316, .F. ) ;
#3951 = ORIENTED_EDGE ( 'NONE', *, *, #7912, .F. ) ;
#3952 = DIRECTION ( 'NONE',  ( 0.000000000000000000, 0.000000000000000000, -1.000000000000000000 ) ) ;
#3953 = DIRECTION ( 'NONE',  ( -0.000000000000000000, -1.000000000000000000, -0.000000000000000000 ) ) ;
#3954 = VECTOR ( 'NONE', #7153, 1000.000000000000000 ) ;
#3955 = CARTESIAN_POINT ( 'NONE',  ( 6.000000000000003553, 2.970000000000007301, 9.490000000000003766 ) ) ;
#3956 = CLOSED_SHELL ( 'NONE', ( #5855, #5985, #9978, #8657, #2012, #3786 ) ) ;
#3957 = CARTESIAN_POINT ( 'NONE',  ( 9.500000000000000000, 0.000000000000000000, 0.000000000000000000 ) ) ;
#3958 = PLANE ( 'NONE',  #5749 ) ;
#3959 = DIRECTION ( 'NONE',  ( 0.000000000000000000, 0.000000000000000000, -1.000000000000000000 ) ) ;
#3960 = ORIENTED_EDGE ( 'NONE', *, *, #8909, .T. ) ;
#3961 = VECTOR ( 'NONE', #1028, 1000.000000000000000 ) ;
#3962 = DIRECTION ( 'NONE',  ( 0.000000000000000000, 1.000000000000000000, -0.000000000000000000 ) ) ;
#3963 = VERTEX_POINT ( 'NONE', #7308 ) ;
#3964 = DIRECTION ( 'NONE',  ( 0.000000000000000000, 1.000000000000000000, -0.000000000000000000 ) ) ;
#3965 = ORIENTED_EDGE ( 'NONE', *, *, #1862, .F. ) ;
#3966 = AXIS2_PLACEMENT_3D ( 'NONE', #7742, #577, #4686 ) ;
#3967 = LINE ( 'NONE', #3076, #4023 ) ;
#3968 = AXIS2_PLACEMENT_3D ( 'NONE', #2407, #7900, #1571 ) ;
#3969 = AXIS2_PLACEMENT_3D ( 'NONE', #4907, #1903, #228 ) ;
#3970 = CARTESIAN_POINT ( 'NONE',  ( -6.349999999999999645, 1.600000000000000089, 9.690000000000006608 ) ) ;
#3971 = FILL_AREA_STYLE_COLOUR ( '', #4944 ) ;
#3972 = CARTESIAN_POINT ( 'NONE',  ( -6.000000000000001776, 2.970000000000000195, 9.690000000000006608 ) ) ;
#3973 = VECTOR ( 'NONE', #1596, 1000.000000000000000 ) ;
#3974 = CIRCLE ( 'NONE', #5826, 0.5080000000000032268 ) ;
#3975 = DIRECTION ( 'NONE',  ( 0.000000000000000000, 1.000000000000000000, -0.000000000000000000 ) ) ;
#3976 = EDGE_CURVE ( 'NONE', #663, #491, #5653, .T. ) ;
#3977 = ORIENTED_EDGE ( 'NONE', *, *, #10181, .F. ) ;
#3978 = CARTESIAN_POINT ( 'NONE',  ( 9.500000000000000000, 1.599999999999999867, 0.000000000000000000 ) ) ;
#3979 = ORIENTED_EDGE ( 'NONE', *, *, #7202, .T. ) ;
#3980 = EDGE_LOOP ( 'NONE', ( #3089, #3508, #1159, #2542 ) ) ;
#3981 = AXIS2_PLACEMENT_3D ( 'NONE', #4138, #4383, #6794 ) ;
#3982 = VECTOR ( 'NONE', #3045, 1000.000000000000000 ) ;
#3983 = DIRECTION ( 'NONE',  ( 0.000000000000000000, -0.000000000000000000, -1.000000000000000000 ) ) ;
#3984 = VECTOR ( 'NONE', #5974, 1000.000000000000000 ) ;
#3985 = EDGE_CURVE ( 'NONE', #1994, #6750, #2440, .T. ) ;
#3986 = EDGE_CURVE ( 'NONE', #10337, #3051, #1950, .T. ) ;
#3987 = CARTESIAN_POINT ( 'NONE',  ( 9.500000000000000000, 4.721281787984062284, 8.890000000000000568 ) ) ;
#3988 = LINE ( 'NONE', #2465, #1134 ) ;
#3989 = DIRECTION ( 'NONE',  ( 1.000000000000000000, 0.000000000000000000, 0.000000000000000000 ) ) ;
#3990 = DIRECTION ( 'NONE',  ( 1.000000000000000000, 0.000000000000000000, -4.613626265895764052E-16 ) ) ;
#3991 = EDGE_CURVE ( 'NONE', #8533, #1868, #8469, .T. ) ;
#3992 = DIRECTION ( 'NONE',  ( -0.000000000000000000, -1.000000000000000000, -0.000000000000000000 ) ) ;
#3993 = AXIS2_PLACEMENT_3D ( 'NONE', #10159, #2101, #6056 ) ;
#3994 = CARTESIAN_POINT ( 'NONE',  ( -9.499999999999920064, 1.599999999999999867, -1.270000000000000240 ) ) ;
#3995 = AXIS2_PLACEMENT_3D ( 'NONE', #898, #4094, #1884 ) ;
#3996 = PLANE ( 'NONE',  #8291 ) ;
#3997 = EDGE_LOOP ( 'NONE', ( #825, #5323, #7524, #10190 ) ) ;
#3998 = CARTESIAN_POINT ( 'NONE',  ( 1.589999999999999636, 1.600000000000000089, -9.690000000000001279 ) ) ;
#3999 = ORIENTED_EDGE ( 'NONE', *, *, #6643, .T. ) ;
#4000 = ORIENTED_EDGE ( 'NONE', *, *, #8856, .T. ) ;
#4001 = AXIS2_PLACEMENT_3D ( 'NONE', #10180, #3857, #4642 ) ;
#4002 = CARTESIAN_POINT ( 'NONE',  ( 6.350000000000001421, 2.970000000000007301, 9.490000000000003766 ) ) ;
#4003 = EDGE_CURVE ( 'NONE', #10120, #5030, #1603, .T. ) ;
#4004 = DIRECTION ( 'NONE',  ( -1.000000000000000000, 0.000000000000000000, 0.000000000000000000 ) ) ;
#4005 = DIRECTION ( 'NONE',  ( 0.000000000000000000, 0.000000000000000000, 1.000000000000000000 ) ) ;
#4006 = EDGE_CURVE ( 'NONE', #10337, #7795, #1812, .T. ) ;
#4007 = LINE ( 'NONE', #7917, #4228 ) ;
#4008 = ORIENTED_EDGE ( 'NONE', *, *, #8078, .T. ) ;
#4009 = ORIENTED_EDGE ( 'NONE', *, *, #4713, .F. ) ;
#4010 = AXIS2_PLACEMENT_3D ( 'NONE', #2629, #8114, #4099 ) ;
#4011 = VECTOR ( 'NONE', #8329, 1000.000000000000000 ) ;
#4012 = ORIENTED_EDGE ( 'NONE', *, *, #3272, .F. ) ;
#4013 = ORIENTED_EDGE ( 'NONE', *, *, #3825, .F. ) ;
#4014 = DIRECTION ( 'NONE',  ( 0.000000000000000000, 1.000000000000000000, -0.000000000000000000 ) ) ;
#4015 = DIRECTION ( 'NONE',  ( 1.000000000000000000, 0.000000000000000000, 0.000000000000000000 ) ) ;
#4016 = EDGE_CURVE ( 'NONE', #10191, #7431, #7259, .T. ) ;
#4017 = CARTESIAN_POINT ( 'NONE',  ( 1.289999999999999591, 3.270000000000000018, -9.340000000000003411 ) ) ;
#4018 = AXIS2_PLACEMENT_3D ( 'NONE', #1521, #10305, #9511 ) ;
#4019 = LINE ( 'NONE', #718, #8392 ) ;
#4020 = CARTESIAN_POINT ( 'NONE',  ( 7.620000000000000107, 0.000000000000000000, 7.150000000000003020 ) ) ;
#4021 = CARTESIAN_POINT ( 'NONE',  ( 0.000000000000000000, 1.599999999999999867, 2.070000000000002505 ) ) ;
#4022 = ORIENTED_EDGE ( 'NONE', *, *, #8607, .F. ) ;
#4024 = CARTESIAN_POINT ( 'NONE',  ( 9.500000000000000000, 4.721281787984062284, -6.857999999999999652 ) ) ;
#4023 = VECTOR ( 'NONE', #8617, 1000.000000000000000 ) ;
#4025 = ORIENTED_EDGE ( 'NONE', *, *, #4469, .F. ) ;
#4026 = CARTESIAN_POINT ( 'NONE',  ( 1.240000000000002434, 3.270000000000000018, -4.580000000000003624 ) ) ;
#4027 = EDGE_CURVE ( 'NONE', #5282, #58, #6491, .T. ) ;
#4028 = DIRECTION ( 'NONE',  ( 0.000000000000000000, 0.000000000000000000, 1.000000000000000000 ) ) ;
#4029 = DIRECTION ( 'NONE',  ( 0.000000000000000000, 1.000000000000000000, -0.000000000000000000 ) ) ;
#4030 = DIRECTION ( 'NONE',  ( 0.000000000000000000, -0.000000000000000000, 1.000000000000000000 ) ) ;
#4031 = DIRECTION ( 'NONE',  ( 0.000000000000000000, 0.000000000000000000, -1.000000000000000000 ) ) ;
#4032 = EDGE_LOOP ( 'NONE', ( #594, #7220, #4174, #7836, #9016, #5585 ) ) ;
#4033 = CARTESIAN_POINT ( 'NONE',  ( -6.150000000000000355, 1.600000000000000755, 9.340000000000008740 ) ) ;
#4034 = ORIENTED_EDGE ( 'NONE', *, *, #4368, .F. ) ;
#4035 = EDGE_LOOP ( 'NONE', ( #6084, #1768, #7433, #5064 ) ) ;
#4036 = CARTESIAN_POINT ( 'NONE',  ( 0.000000000000000000, 0.000000000000000000, -4.610000000000000320 ) ) ;
#4037 = DIRECTION ( 'NONE',  ( 0.000000000000000000, 0.000000000000000000, -1.000000000000000000 ) ) ;
#4038 = LINE ( 'NONE', #9460, #4805 ) ;
#4039 = DIRECTION ( 'NONE',  ( 0.000000000000000000, 0.000000000000000000, -1.000000000000000000 ) ) ;
#4040 = DIRECTION ( 'NONE',  ( 0.000000000000000000, 0.000000000000000000, -1.000000000000000000 ) ) ;
#4041 = CARTESIAN_POINT ( 'NONE',  ( -7.620000000000000107, 0.000000000000000000, -7.150000000000001243 ) ) ;
#4042 = DIRECTION ( 'NONE',  ( 0.000000000000000000, 0.000000000000000000, 1.000000000000000000 ) ) ;
#4043 = CARTESIAN_POINT ( 'NONE',  ( 3.969999999999999751, 2.100000000000000089, -9.209999999999995524 ) ) ;
#4044 = LINE ( 'NONE', #5681, #8558 ) ;
#4045 = DIRECTION ( 'NONE',  ( 0.000000000000000000, 0.000000000000000000, 1.000000000000000000 ) ) ;
#4046 = ORIENTED_EDGE ( 'NONE', *, *, #619, .F. ) ;
#4047 = FACE_OUTER_BOUND ( 'NONE', #4326, .T. ) ;
#4048 = ORIENTED_EDGE ( 'NONE', *, *, #10, .F. ) ;
#4049 = EDGE_CURVE ( 'NONE', #2701, #5434, #2624, .T. ) ;
#4050 = ORIENTED_EDGE ( 'NONE', *, *, #3606, .F. ) ;
#4051 = EDGE_LOOP ( 'NONE', ( #5902, #5060, #2909, #2018 ) ) ;
#4052 = EDGE_CURVE ( 'NONE', #58, #9507, #5712, .T. ) ;
#4053 = CARTESIAN_POINT ( 'NONE',  ( -9.500000000000000000, 4.721281787984062284, -0.7620000000000002327 ) ) ;
#4054 = CARTESIAN_POINT ( 'NONE',  ( 6.000000000000003553, 29.71055027400083759, 9.690000000000004832 ) ) ;
#4055 = DIRECTION ( 'NONE',  ( -6.920439398843646079E-16, 0.000000000000000000, -1.000000000000000000 ) ) ;
#4056 = CIRCLE ( 'NONE', #7393, 0.5079999999999997851 ) ;
#4057 = AXIS2_PLACEMENT_3D ( 'NONE', #1068, #5113, #2596 ) ;
#4058 = VERTEX_POINT ( 'NONE', #4911 ) ;
#4059 = ORIENTED_EDGE ( 'NONE', *, *, #5258, .F. ) ;
#4060 = PRODUCT ( 'Core1262-868M', 'Core1262-868M', '', ( #5307 ) ) ;
#4061 = ORIENTED_EDGE ( 'NONE', *, *, #941, .T. ) ;
#4062 = EDGE_CURVE ( 'NONE', #102, #2117, #927, .T. ) ;
#4063 = ORIENTED_EDGE ( 'NONE', *, *, #9981, .F. ) ;
#4064 = DIRECTION ( 'NONE',  ( -0.000000000000000000, -1.000000000000000000, -0.000000000000000000 ) ) ;
#4065 = EDGE_CURVE ( 'NONE', #7127, #1433, #2551, .T. ) ;
#4066 = DIRECTION ( 'NONE',  ( -1.000000000000000000, 0.000000000000000000, 1.366641393889291440E-16 ) ) ;
#4067 = VECTOR ( 'NONE', #4620, 1000.000000000000000 ) ;
#4068 = PLANE ( 'NONE',  #4643 ) ;
#4069 = LINE ( 'NONE', #3957, #3954 ) ;
#4070 = DIRECTION ( 'NONE',  ( 1.000000000000000000, 0.000000000000000000, 0.000000000000000000 ) ) ;
#4071 = DIRECTION ( 'NONE',  ( -1.000000000000000000, 1.445602896647339706E-15, 0.000000000000000000 ) ) ;
#4072 = EDGE_CURVE ( 'NONE', #5230, #8123, #980, .T. ) ;
#4073 = AXIS2_PLACEMENT_3D ( 'NONE', #6459, #9518, #794 ) ;
#4074 = ORIENTED_EDGE ( 'NONE', *, *, #9997, .T. ) ;
#4075 = LINE ( 'NONE', #8870, #2825 ) ;
#4076 = ORIENTED_EDGE ( 'NONE', *, *, #5539, .F. ) ;
#4077 =( LENGTH_UNIT ( ) NAMED_UNIT ( * ) SI_UNIT ( .MILLI., .METRE. ) );
#4078 = CARTESIAN_POINT ( 'NONE',  ( 1.275773013041212096E-15, 3.270000000000000018, 9.340000000000008740 ) ) ;
#4079 = DIRECTION ( 'NONE',  ( -1.000000000000000000, 0.000000000000000000, 0.000000000000000000 ) ) ;
#4080 = DIRECTION ( 'NONE',  ( 1.000000000000000000, -0.000000000000000000, 0.000000000000000000 ) ) ;
#4081 = EDGE_CURVE ( 'NONE', #1533, #7767, #2751, .T. ) ;
#4082 = VERTEX_POINT ( 'NONE', #5965 ) ;
#4083 = ORIENTED_EDGE ( 'NONE', *, *, #4614, .F. ) ;
#4084 = DIRECTION ( 'NONE',  ( 0.000000000000000000, 0.000000000000000000, -1.000000000000000000 ) ) ;
#4085 = DIRECTION ( 'NONE',  ( 0.000000000000000000, 0.000000000000000000, -1.000000000000000000 ) ) ;
#4087 = CARTESIAN_POINT ( 'NONE',  ( 6.380645125733827745E-15, 1.599999999999999867, 4.609999999999989662 ) ) ;
#4086 = VECTOR ( 'NONE', #744, 1000.000000000000000 ) ;
#4088 = DIRECTION ( 'NONE',  ( 0.000000000000000000, 0.000000000000000000, -1.000000000000000000 ) ) ;
#4089 = LINE ( 'NONE', #7381, #5485 ) ;
#4090 = CARTESIAN_POINT ( 'NONE',  ( -6.049999999999999822, 2.970000000000000195, 9.340000000000008740 ) ) ;
#4091 = SURFACE_STYLE_FILL_AREA ( #5781 ) ;
#4092 = CARTESIAN_POINT ( 'NONE',  ( 9.500000000000003553, 0.000000000000000000, 3.010000000000002451 ) ) ;
#4093 = ORIENTED_EDGE ( 'NONE', *, *, #8470, .F. ) ;
#4094 = DIRECTION ( 'NONE',  ( 0.000000000000000000, 1.000000000000000000, 0.000000000000000000 ) ) ;
#4095 = ORIENTED_EDGE ( 'NONE', *, *, #7076, .T. ) ;
#4096 = EDGE_LOOP ( 'NONE', ( #6613, #981, #2491, #349 ) ) ;
#4097 = AXIS2_PLACEMENT_3D ( 'NONE', #351, #9764, #8203 ) ;
#4098 = ORIENTED_EDGE ( 'NONE', *, *, #8583, .T. ) ;
#4099 = DIRECTION ( 'NONE',  ( 0.000000000000000000, 0.000000000000000000, -1.000000000000000000 ) ) ;
#4100 = CARTESIAN_POINT ( 'NONE',  ( 9.500000000000003553, 1.600000000000000089, 7.150000000000003908 ) ) ;
#4101 = LINE ( 'NONE', #8073, #104 ) ;
#4102 = CARTESIAN_POINT ( 'NONE',  ( 9.500000000000000000, 1.599999999999999867, 8.382000000000001450 ) ) ;
#4103 = CARTESIAN_POINT ( 'NONE',  ( -9.500000000000000000, 0.000000000000000000, 0.000000000000000000 ) ) ;
#4104 = VECTOR ( 'NONE', #2227, 1000.000000000000000 ) ;
#4105 = ORIENTED_EDGE ( 'NONE', *, *, #8482, .F. ) ;
#4106 = ORIENTED_EDGE ( 'NONE', *, *, #6968, .F. ) ;
#4107 = EDGE_CURVE ( 'NONE', #5397, #7197, #1237, .T. ) ;
#4108 = VERTEX_POINT ( 'NONE', #4327 ) ;
#4109 = EDGE_LOOP ( 'NONE', ( #6582, #1860, #834, #3268 ) ) ;
#4110 = CARTESIAN_POINT ( 'NONE',  ( 0.000000000000000000, 1.600000000000000089, 0.000000000000000000 ) ) ;
#4111 = DIRECTION ( 'NONE',  ( 0.000000000000000000, 1.000000000000000000, -0.000000000000000000 ) ) ;
#4112 = ADVANCED_FACE ( 'NONE', ( #2020 ), #9863, .T. ) ;
#4113 = ADVANCED_FACE ( 'NONE', ( #444 ), #9225, .F. ) ;
#4114 = CARTESIAN_POINT ( 'NONE',  ( 2.699999999999999289, 1.600000000000000089, -8.009999999999996234 ) ) ;
#4115 = CARTESIAN_POINT ( 'NONE',  ( -9.500000000000000000, 4.721281787984062284, 0.000000000000000000 ) ) ;
#4116 = EDGE_CURVE ( 'NONE', #5916, #4281, #9114, .T. ) ;
#4117 = CARTESIAN_POINT ( 'NONE',  ( 9.500000000000003553, 1.600000000000000089, 0.000000000000000000 ) ) ;
#4118 = EDGE_LOOP ( 'NONE', ( #5690, #5470, #5670, #5449 ) ) ;
#4119 = CARTESIAN_POINT ( 'NONE',  ( -7.620000000000000107, 1.600000000000000089, 5.550000000000003375 ) ) ;
#4120 = ORIENTED_EDGE ( 'NONE', *, *, #1631, .F. ) ;
#4121 = VERTEX_POINT ( 'NONE', #9956 ) ;
#4122 = AXIS2_PLACEMENT_3D ( 'NONE', #6930, #3840, #7036 ) ;
#4123 = EDGE_CURVE ( 'NONE', #3688, #5652, #2658, .T. ) ;
#4124 = VECTOR ( 'NONE', #4088, 1000.000000000000000 ) ;
#4125 = DIRECTION ( 'NONE',  ( 0.000000000000000000, 0.000000000000000000, -1.000000000000000000 ) ) ;
#4126 = VECTOR ( 'NONE', #5593, 1000.000000000000000 ) ;
#4127 = DIRECTION ( 'NONE',  ( 0.000000000000000000, 0.000000000000000000, -1.000000000000000000 ) ) ;
#4128 = AXIS2_PLACEMENT_3D ( 'NONE', #2901, #547, #7761 ) ;
#4129 = EDGE_LOOP ( 'NONE', ( #5133, #5962, #3592, #553 ) ) ;
#4130 = ORIENTED_EDGE ( 'NONE', *, *, #10196, .F. ) ;
#4131 =( GEOMETRIC_REPRESENTATION_CONTEXT ( 3 ) GLOBAL_UNCERTAINTY_ASSIGNED_CONTEXT ( ( #10330 ) ) GLOBAL_UNIT_ASSIGNED_CONTEXT ( ( #7331, #9670, #7276 ) ) REPRESENTATION_CONTEXT ( 'NONE', 'WORKASPACE' ) );
#4132 = CARTESIAN_POINT ( 'NONE',  ( 2.560562577572152244E-15, 0.000000000000000000, 5.550000000000006928 ) ) ;
#4133 = CIRCLE ( 'NONE', #3133, 0.1000000000000002554 ) ;
#4134 = EDGE_CURVE ( 'NONE', #9507, #1027, #3439, .T. ) ;
#4135 = VECTOR ( 'NONE', #10300, 1000.000000000000000 ) ;
#4136 = AXIS2_PLACEMENT_3D ( 'NONE', #9094, #1936, #7798 ) ;
#4137 = LINE ( 'NONE', #7328, #1638 ) ;
#4138 = CARTESIAN_POINT ( 'NONE',  ( 3.969999999999999751, 3.000000000000000000, -8.209999999999995524 ) ) ;
#4139 = LINE ( 'NONE', #8252, #7764 ) ;
#4140 = SURFACE_STYLE_FILL_AREA ( #8254 ) ;
#4141 = DIRECTION ( 'NONE',  ( 0.000000000000000000, -0.000000000000000000, -1.000000000000000000 ) ) ;
#4142 = CIRCLE ( 'NONE', #3968, 0.8000000000000003775 ) ;
#4143 = FACE_OUTER_BOUND ( 'NONE', #3712, .T. ) ;
#4144 = PLANE ( 'NONE',  #6579 ) ;
#4145 = CARTESIAN_POINT ( 'NONE',  ( -7.620000000000000107, 0.000000000000000000, -2.069999999999998508 ) ) ;
#4146 = CARTESIAN_POINT ( 'NONE',  ( 3.969999999999999751, 2.682500000000000107, -8.209999999999995524 ) ) ;
#4147 = ORIENTED_EDGE ( 'NONE', *, *, #3729, .T. ) ;
#4148 = CARTESIAN_POINT ( 'NONE',  ( -9.499999999999920064, 4.721281787984062284, -1.270000000000000240 ) ) ;
#4149 = ORIENTED_EDGE ( 'NONE', *, *, #8467, .T. ) ;
#4150 = ORIENTED_EDGE ( 'NONE', *, *, #9140, .T. ) ;
#4151 = AXIS2_PLACEMENT_3D ( 'NONE', #2502, #8761, #7256 ) ;
#4152 = ORIENTED_EDGE ( 'NONE', *, *, #8128, .F. ) ;
#4153 = DIRECTION ( 'NONE',  ( 1.000000000000000000, 0.000000000000000000, 0.000000000000000000 ) ) ;
#4154 = EDGE_CURVE ( 'NONE', #6047, #8233, #5234, .T. ) ;
#4155 = CARTESIAN_POINT ( 'NONE',  ( -7.619999999999814477, 1.599999999999999867, 8.890000000000000568 ) ) ;
#4156 = AXIS2_PLACEMENT_3D ( 'NONE', #2623, #1052, #6611 ) ;
#4157 = DIRECTION ( 'NONE',  ( -1.000000000000000000, 0.000000000000000000, 1.365923996832131856E-16 ) ) ;
#4158 = CARTESIAN_POINT ( 'NONE',  ( 6.000000000000002665, 3.270000000000000018, -7.119248191423285917E-16 ) ) ;
#4159 = ORIENTED_EDGE ( 'NONE', *, *, #201, .F. ) ;
#4160 = ORIENTED_EDGE ( 'NONE', *, *, #6431, .F. ) ;
#4161 = ORIENTED_EDGE ( 'NONE', *, *, #3585, .T. ) ;
#4162 = CIRCLE ( 'NONE', #821, 0.5079999999999997851 ) ;
#4163 = ORIENTED_EDGE ( 'NONE', *, *, #4665, .F. ) ;
#4164 = VECTOR ( 'NONE', #3758, 1000.000000000000000 ) ;
#4165 = FACE_BOUND ( 'NONE', #1477, .T. ) ;
#4166 = CARTESIAN_POINT ( 'NONE',  ( 9.500000000000003553, 1.600000000000000089, -0.4699999999999986411 ) ) ;
#4167 = PRODUCT_DEFINITION ( 'UNKNOWN', '', #708, #1951 ) ;
#4168 = DIRECTION ( 'NONE',  ( -0.000000000000000000, -1.000000000000000000, -0.000000000000000000 ) ) ;
#4169 = CIRCLE ( 'NONE', #5362, 0.2000000000000005107 ) ;
#4170 = CARTESIAN_POINT ( 'NONE',  ( 0.000000000000000000, 1.600000000000000089, -8.089999999999998082 ) ) ;
#4171 = ORIENTED_EDGE ( 'NONE', *, *, #61, .T. ) ;
#4172 = CARTESIAN_POINT ( 'NONE',  ( 7.620000000000000107, 1.600000000000000089, 8.090000000000003411 ) ) ;
#4173 = ADVANCED_FACE ( 'NONE', ( #2070 ), #4220, .F. ) ;
#4174 = ORIENTED_EDGE ( 'NONE', *, *, #5353, .F. ) ;
#4175 = ORIENTED_EDGE ( 'NONE', *, *, #7492, .F. ) ;
#4176 = EDGE_CURVE ( 'NONE', #346, #7354, #231, .T. ) ;
#4177 = VECTOR ( 'NONE', #7785, 1000.000000000000000 ) ;
#4178 = LINE ( 'NONE', #9018, #4356 ) ;
#4179 = ADVANCED_FACE ( 'NONE', ( #6788, #2702 ), #9805, .F. ) ;
#4180 = DIRECTION ( 'NONE',  ( -0.000000000000000000, -1.000000000000000000, -0.000000000000000000 ) ) ;
#4181 = DIRECTION ( 'NONE',  ( 0.000000000000000000, 0.000000000000000000, -1.000000000000000000 ) ) ;
#4182 = STYLED_ITEM ( 'NONE', ( #881 ), #8383 ) ;
#4183 = CARTESIAN_POINT ( 'NONE',  ( 9.500000000000000000, 1.599999999999999867, 3.302000000000000490 ) ) ;
#4184 = EDGE_LOOP ( 'NONE', ( #7169, #7284, #6571, #6070 ) ) ;
#4185 = ORIENTED_EDGE ( 'NONE', *, *, #2168, .F. ) ;
#4186 = ORIENTED_EDGE ( 'NONE', *, *, #2754, .T. ) ;
#4187 = ADVANCED_FACE ( 'NONE', ( #5866 ), #9015, .F. ) ;
#4188 = EDGE_CURVE ( 'NONE', #1906, #7821, #5120, .T. ) ;
#4189 = PLANE ( 'NONE',  #9811 ) ;
#4190 = LINE ( 'NONE', #1983, #4937 ) ;
#4191 = SURFACE_SIDE_STYLE ('',( #8160 ) ) ;
#4192 = DIRECTION ( 'NONE',  ( 1.000000000000000000, 0.000000000000000000, 0.000000000000000000 ) ) ;
#4193 = CARTESIAN_POINT ( 'NONE',  ( 7.620000000000007212, 4.721281787984062284, -8.890000000000000568 ) ) ;
#4194 = SURFACE_SIDE_STYLE ('',( #1003 ) ) ;
#4195 = DIRECTION ( 'NONE',  ( 0.000000000000000000, 0.000000000000000000, 1.000000000000000000 ) ) ;
#4196 = CARTESIAN_POINT ( 'NONE',  ( -2.083052259051932157E-15, 1.599999999999999867, -3.009999999999992681 ) ) ;
#4197 = LINE ( 'NONE', #7339, #5820 ) ;
#4198 = VERTEX_POINT ( 'NONE', #5062 ) ;
#4199 = DIRECTION ( 'NONE',  ( 0.000000000000000000, 0.000000000000000000, 1.000000000000000000 ) ) ;
#4200 = ORIENTED_EDGE ( 'NONE', *, *, #4107, .T. ) ;
#4201 = VERTEX_POINT ( 'NONE', #8287 ) ;
#4202 = ADVANCED_FACE ( 'NONE', ( #5186 ), #7227, .F. ) ;
#4203 = CARTESIAN_POINT ( 'NONE',  ( 7.620000000000000107, 0.000000000000000000, -5.549999999999998934 ) ) ;
#4204 = CARTESIAN_POINT ( 'NONE',  ( 6.050000000000000711, 2.970000000000000195, -7.178575259685144562E-16 ) ) ;
#4205 = LINE ( 'NONE', #6528, #2307 ) ;
#4206 = LINE ( 'NONE', #6284, #10110 ) ;
#4207 = DIRECTION ( 'NONE',  ( -0.000000000000000000, -1.000000000000000000, -0.000000000000000000 ) ) ;
#4208 = ORIENTED_EDGE ( 'NONE', *, *, #6643, .F. ) ;
#4209 = ORIENTED_EDGE ( 'NONE', *, *, #10307, .F. ) ;
#4210 = ADVANCED_FACE ( 'NONE', ( #5777 ), #50, .F. ) ;
#4211 = VERTEX_POINT ( 'NONE', #158 ) ;
#4212 = DIRECTION ( 'NONE',  ( 0.000000000000000000, 1.000000000000000000, -0.000000000000000000 ) ) ;
#4213 = DIRECTION ( 'NONE',  ( -1.384087879768729216E-15, 0.000000000000000000, -1.000000000000000000 ) ) ;
#4214 = DIRECTION ( 'NONE',  ( 0.000000000000000000, 0.000000000000000000, 1.000000000000000000 ) ) ;
#4215 = PLANE ( 'NONE',  #6590 ) ;
#4216 = LINE ( 'NONE', #4170, #1464 ) ;
#4217 = ORIENTED_EDGE ( 'NONE', *, *, #9534, .T. ) ;
#4218 = ORIENTED_EDGE ( 'NONE', *, *, #5864, .T. ) ;
#4219 = ORIENTED_EDGE ( 'NONE', *, *, #9272, .F. ) ;
#4220 = PLANE ( 'NONE',  #1454 ) ;
#4221 = VERTEX_POINT ( 'NONE', #4041 ) ;
#4222 = ORIENTED_EDGE ( 'NONE', *, *, #4575, .F. ) ;
#4223 = VECTOR ( 'NONE', #3709, 1000.000000000000000 ) ;
#4224 =( NAMED_UNIT ( * ) SI_UNIT ( $, .STERADIAN. ) SOLID_ANGLE_UNIT ( ) );
#4225 = DIRECTION ( 'NONE',  ( 0.000000000000000000, 1.000000000000000000, -0.000000000000000000 ) ) ;
#4226 = FACE_OUTER_BOUND ( 'NONE', #65, .T. ) ;
#4227 = EDGE_CURVE ( 'NONE', #6164, #3391, #5829, .T. ) ;
#4228 = VECTOR ( 'NONE', #10222, 1000.000000000000000 ) ;
#4229 = DIRECTION ( 'NONE',  ( -0.000000000000000000, -1.000000000000000000, -0.000000000000000000 ) ) ;
#4230 = EDGE_LOOP ( 'NONE', ( #7743, #7723, #4222, #1781 ) ) ;
#4231 = ORIENTED_EDGE ( 'NONE', *, *, #1704, .F. ) ;
#4232 = ADVANCED_FACE ( 'NONE', ( #3304 ), #7332, .T. ) ;
#4233 = ORIENTED_EDGE ( 'NONE', *, *, #1803, .F. ) ;
#4234 = CARTESIAN_POINT ( 'NONE',  ( -5.434359452786442609E-16, 3.270000000000000018, -4.580000000000002736 ) ) ;
#4235 = EDGE_CURVE ( 'NONE', #4082, #5091, #6409, .T. ) ;
#4236 = DIRECTION ( 'NONE',  ( -0.000000000000000000, 0.000000000000000000, 1.000000000000000000 ) ) ;
#4237 = EDGE_CURVE ( 'NONE', #6229, #5967, #9615, .T. ) ;
#4238 =( LENGTH_UNIT ( ) NAMED_UNIT ( * ) SI_UNIT ( .MILLI., .METRE. ) );
#4239 = CARTESIAN_POINT ( 'NONE',  ( -7.619999999999869544, 4.721281787984062284, 3.810000000000000941 ) ) ;
#4240 = LINE ( 'NONE', #9141, #2426 ) ;
#4241 = FILL_AREA_STYLE_COLOUR ( '', #1016 ) ;
#4242 = LINE ( 'NONE', #7384, #10231 ) ;
#4243 = LINE ( 'NONE', #5257, #1941 ) ;
#4244 = FACE_OUTER_BOUND ( 'NONE', #5053, .T. ) ;
#4245 = ORIENTED_EDGE ( 'NONE', *, *, #3604, .T. ) ;
#4246 = EDGE_CURVE ( 'NONE', #8450, #9025, #4133, .T. ) ;
#4247 = DIRECTION ( 'NONE',  ( 0.000000000000000000, 0.000000000000000000, -1.000000000000000000 ) ) ;
#4248 = ORIENTED_EDGE ( 'NONE', *, *, #5745, .F. ) ;
#4249 = EDGE_LOOP ( 'NONE', ( #5762, #9785, #5862, #8321, #2738, #8224 ) ) ;
#4250 = CARTESIAN_POINT ( 'NONE',  ( 7.620000000000000107, 0.000000000000000000, -2.069999999999998508 ) ) ;
#4251 = CARTESIAN_POINT ( 'NONE',  ( 9.500000000000003553, 1.600000000000000089, -3.009999999999998010 ) ) ;
#4252 = CARTESIAN_POINT ( 'NONE',  ( 1.240000000000002434, 3.069999999999999840, -4.580000000000003624 ) ) ;
#4253 = EDGE_CURVE ( 'NONE', #8481, #9173, #4089, .T. ) ;
#4254 = DIRECTION ( 'NONE',  ( 0.000000000000000000, 0.000000000000000000, -1.000000000000000000 ) ) ;
#4255 = DIRECTION ( 'NONE',  ( -1.000000000000000000, 0.000000000000000000, -0.000000000000000000 ) ) ;
#4256 = DIRECTION ( 'NONE',  ( 0.000000000000000000, 0.000000000000000000, -1.000000000000000000 ) ) ;
#4257 = ORIENTED_EDGE ( 'NONE', *, *, #6935, .F. ) ;
#4258 = EDGE_LOOP ( 'NONE', ( #6133, #578, #2494, #2666 ) ) ;
#4259 = DIRECTION ( 'NONE',  ( 0.000000000000000000, 0.000000000000000000, 1.000000000000000000 ) ) ;
#4260 = CARTESIAN_POINT ( 'NONE',  ( -7.464847298219355056E-15, 4.721281787984062284, -8.090000000000008740 ) ) ;
#4261 = ADVANCED_FACE ( 'NONE', ( #1574 ), #202, .F. ) ;
#4262 = AXIS2_PLACEMENT_3D ( 'NONE', #7532, #2676, #5830 ) ;
#4263 = CARTESIAN_POINT ( 'NONE',  ( 9.500000000000003553, 1.600000000000000089, 0.000000000000000000 ) ) ;
#4264 = CARTESIAN_POINT ( 'NONE',  ( -9.499999999999996447, 0.000000000000000000, 2.070000000000002505 ) ) ;
#4265 = CARTESIAN_POINT ( 'NONE',  ( -9.500000000000000000, 0.000000000000000000, 0.000000000000000000 ) ) ;
#4266 = FACE_OUTER_BOUND ( 'NONE', #4403, .T. ) ;
#4267 = VERTEX_POINT ( 'NONE', #9671 ) ;
#4268 = ORIENTED_EDGE ( 'NONE', *, *, #5086, .T. ) ;
#4269 = VECTOR ( 'NONE', #9400, 1000.000000000000000 ) ;
#4270 = DIRECTION ( 'NONE',  ( 0.000000000000000000, 0.000000000000000000, -1.000000000000000000 ) ) ;
#4271 = ORIENTED_EDGE ( 'NONE', *, *, #3585, .F. ) ;
#4272 = ORIENTED_EDGE ( 'NONE', *, *, #867, .F. ) ;
#4273 = FILL_AREA_STYLE_COLOUR ( '', #2180 ) ;
#4274 = DIRECTION ( 'NONE',  ( 0.000000000000000000, 0.000000000000000000, -1.000000000000000000 ) ) ;
#4275 = EDGE_CURVE ( 'NONE', #6490, #4898, #2522, .T. ) ;
#4276 = CARTESIAN_POINT ( 'NONE',  ( 0.000000000000000000, 1.600000000000000089, -0.4699999999999986411 ) ) ;
#4277 = CYLINDRICAL_SURFACE ( 'NONE', #6294, 0.8000000000000003775 ) ;
#4278 = VERTEX_POINT ( 'NONE', #7954 ) ;
#4279 = CARTESIAN_POINT ( 'NONE',  ( -9.499999999999841904, 4.721281787984062284, 6.349999999999999645 ) ) ;
#4280 = ORIENTED_EDGE ( 'NONE', *, *, #8607, .T. ) ;
#4281 = VERTEX_POINT ( 'NONE', #791 ) ;
#4282 = ORIENTED_EDGE ( 'NONE', *, *, #9348, .F. ) ;
#4283 = FACE_BOUND ( 'NONE', #7882, .T. ) ;
#4284 =( GEOMETRIC_REPRESENTATION_CONTEXT ( 3 ) GLOBAL_UNCERTAINTY_ASSIGNED_CONTEXT ( ( #600 ) ) GLOBAL_UNIT_ASSIGNED_CONTEXT ( ( #6461, #206, #9769 ) ) REPRESENTATION_CONTEXT ( 'NONE', 'WORKASPACE' ) );
#4285 = AXIS2_PLACEMENT_3D ( 'NONE', #7916, #4055, #3214 ) ;
#4286 = ADVANCED_FACE ( 'NONE', ( #9564 ), #2410, .F. ) ;
#4287 = PLANE ( 'NONE',  #6773 ) ;
#4288 = AXIS2_PLACEMENT_3D ( 'NONE', #5835, #1835, #6716 ) ;
#4289 = LINE ( 'NONE', #1832, #1917 ) ;
#4290 = DIRECTION ( 'NONE',  ( 0.000000000000000000, 1.000000000000000000, -0.000000000000000000 ) ) ;
#4291 = CARTESIAN_POINT ( 'NONE',  ( 3.969999999999999751, 2.950000000000000178, -9.209999999999995524 ) ) ;
#4292 = DIRECTION ( 'NONE',  ( 1.366641393889291440E-16, 0.000000000000000000, 1.000000000000000000 ) ) ;
#4293 = CARTESIAN_POINT ( 'NONE',  ( -9.499999999999996447, 1.600000000000000089, 7.150000000000003020 ) ) ;
#4294 = EDGE_LOOP ( 'NONE', ( #7588, #9712, #9971, #4095 ) ) ;
#4295 = VECTOR ( 'NONE', #2240, 1000.000000000000000 ) ;
#4296 = AXIS2_PLACEMENT_3D ( 'NONE', #3359, #9766, #9718 ) ;
#4297 = VERTEX_POINT ( 'NONE', #8422 ) ;
#4298 = VERTEX_POINT ( 'NONE', #10038 ) ;
#4299 = EDGE_CURVE ( 'NONE', #7756, #3025, #9032, .T. ) ;
#4300 = CARTESIAN_POINT ( 'NONE',  ( -7.620000000000000107, 1.600000000000000089, -7.150000000000001243 ) ) ;
#4301 = EDGE_CURVE ( 'NONE', #7574, #4622, #2830, .T. ) ;
#4302 = CARTESIAN_POINT ( 'NONE',  ( 7.620000000000135998, 1.599999999999999867, 3.810000000000002718 ) ) ;
#4303 = FACE_OUTER_BOUND ( 'NONE', #1261, .T. ) ;
#4304 = EDGE_CURVE ( 'NONE', #7364, #270, #307, .T. ) ;
#4305 = VECTOR ( 'NONE', #586, 1000.000000000000000 ) ;
#4306 = AXIS2_PLACEMENT_3D ( 'NONE', #5961, #1280, #8346 ) ;
#4307 = FACE_OUTER_BOUND ( 'NONE', #6726, .T. ) ;
#4308 = LINE ( 'NONE', #485, #2243 ) ;
#4309 = CARTESIAN_POINT ( 'NONE',  ( 9.500000000000003553, 0.000000000000000000, 0.000000000000000000 ) ) ;
#4310 = CIRCLE ( 'NONE', #8812, 0.5079999999999997851 ) ;
#4311 = VECTOR ( 'NONE', #3357, 1000.000000000000000 ) ;
#4312 = ORIENTED_EDGE ( 'NONE', *, *, #1647, .F. ) ;
#4313 = PLANE ( 'NONE',  #124 ) ;
#4314 = ORIENTED_EDGE ( 'NONE', *, *, #2265, .F. ) ;
#4315 = VECTOR ( 'NONE', #9196, 1000.000000000000000 ) ;
#4316 = EDGE_CURVE ( 'NONE', #2715, #9699, #9826, .T. ) ;
#4317 = VECTOR ( 'NONE', #4728, 1000.000000000000000 ) ;
#4318 = DIRECTION ( 'NONE',  ( 0.000000000000000000, 1.000000000000000000, -0.000000000000000000 ) ) ;
#4319 = EDGE_CURVE ( 'NONE', #513, #3616, #8205, .T. ) ;
#4320 = FACE_OUTER_BOUND ( 'NONE', #1388, .T. ) ;
#4321 = LINE ( 'NONE', #2800, #4735 ) ;
#4322 = CARTESIAN_POINT ( 'NONE',  ( 9.500000000000003553, 1.600000000000000089, 0.000000000000000000 ) ) ;
#4323 = ORIENTED_EDGE ( 'NONE', *, *, #4062, .T. ) ;
#4324 = VERTEX_POINT ( 'NONE', #6044 ) ;
#4325 = VECTOR ( 'NONE', #5837, 1000.000000000000000 ) ;
#4326 = EDGE_LOOP ( 'NONE', ( #7285, #4000, #9580, #9275 ) ) ;
#4327 = CARTESIAN_POINT ( 'NONE',  ( -9.499999999999996447, 0.000000000000000000, 0.4700000000000016387 ) ) ;
#4328 = ORIENTED_EDGE ( 'NONE', *, *, #4947, .F. ) ;
#4329 = EDGE_CURVE ( 'NONE', #6229, #9987, #6867, .T. ) ;
#4330 = CYLINDRICAL_SURFACE ( 'NONE', #8524, 0.5080000000000050031 ) ;
#4331 = DIRECTION ( 'NONE',  ( 0.000000000000000000, 1.000000000000000000, -0.000000000000000000 ) ) ;
#4332 = AXIS2_PLACEMENT_3D ( 'NONE', #9475, #2320, #5529 ) ;
#4333 = FACE_OUTER_BOUND ( 'NONE', #3061, .T. ) ;
#4334 = LINE ( 'NONE', #8241, #1264 ) ;
#4335 = ORIENTED_EDGE ( 'NONE', *, *, #6912, .F. ) ;
#4336 = FACE_OUTER_BOUND ( 'NONE', #3193, .T. ) ;
#4337 = ORIENTED_EDGE ( 'NONE', *, *, #3948, .F. ) ;
#4338 = ORIENTED_EDGE ( 'NONE', *, *, #2984, .T. ) ;
#4339 = AXIS2_PLACEMENT_3D ( 'NONE', #3212, #1785, #59 ) ;
#4340 = CIRCLE ( 'NONE', #10185, 0.5079999999999997851 ) ;
#4341 = ORIENTED_EDGE ( 'NONE', *, *, #354, .F. ) ;
#4342 = EDGE_CURVE ( 'NONE', #9088, #6555, #356, .T. ) ;
#4343 = DIRECTION ( 'NONE',  ( 0.000000000000000000, 0.000000000000000000, -1.000000000000000000 ) ) ;
#4344 = AXIS2_PLACEMENT_3D ( 'NONE', #5943, #1935, #365 ) ;
#4345 = LINE ( 'NONE', #9824, #4595 ) ;
#4346 = PLANE ( 'NONE',  #1226 ) ;
#4347 = CARTESIAN_POINT ( 'NONE',  ( 3.969999999999999751, 2.950000000000001066, -9.009999999999996234 ) ) ;
#4348 = CARTESIAN_POINT ( 'NONE',  ( -9.499999999999813483, 4.721281787984062284, 8.890000000000000568 ) ) ;
#4349 = DIRECTION ( 'NONE',  ( -1.000000000000000000, 0.000000000000000000, 0.000000000000000000 ) ) ;
#4350 = SURFACE_STYLE_USAGE ( .BOTH. , #10040 ) ;
#4351 = CARTESIAN_POINT ( 'NONE',  ( 9.500000000000000000, 4.721281787984062284, -4.318000000000000504 ) ) ;
#4352 = FACE_OUTER_BOUND ( 'NONE', #2873, .T. ) ;
#4353 = ORIENTED_EDGE ( 'NONE', *, *, #6051, .T. ) ;
#4354 = ORIENTED_EDGE ( 'NONE', *, *, #10243, .T. ) ;
#4355 = EDGE_LOOP ( 'NONE', ( #4335, #2759, #4147, #6889 ) ) ;
#4356 = VECTOR ( 'NONE', #7367, 1000.000000000000000 ) ;
#4357 = PLANE ( 'NONE',  #4344 ) ;
#4358 = DIRECTION ( 'NONE',  ( 1.186541365237213826E-16, -0.000000000000000000, 1.000000000000000000 ) ) ;
#4359 = LINE ( 'NONE', #3576, #4647 ) ;
#4360 = DIRECTION ( 'NONE',  ( -1.000000000000000000, 0.000000000000000000, 1.186541365237213826E-16 ) ) ;
#4361 = CARTESIAN_POINT ( 'NONE',  ( 7.620000000000000107, 0.000000000000000000, 9.690000000000004832 ) ) ;
#4362 = CARTESIAN_POINT ( 'NONE',  ( 4.719999999999999751, 1.750000000000000000, -6.439999999999992397 ) ) ;
#4363 = FACE_OUTER_BOUND ( 'NONE', #3980, .T. ) ;
#4364 = ADVANCED_FACE ( 'NONE', ( #1046 ), #2722, .F. ) ;
#4365 = EDGE_LOOP ( 'NONE', ( #175, #2364, #8975, #2095 ) ) ;
#4366 = DIRECTION ( 'NONE',  ( -1.000000000000000000, 0.000000000000000000, 1.365923996832131856E-16 ) ) ;
#4367 = EDGE_LOOP ( 'NONE', ( #2056, #3603, #7625, #6239 ) ) ;
#4368 = EDGE_CURVE ( 'NONE', #5236, #2737, #8255, .T. ) ;
#4369 = CARTESIAN_POINT ( 'NONE',  ( 2.682362310991804252E-14, 1.599999999999999867, 9.690000000000024372 ) ) ;
#4370 = CARTESIAN_POINT ( 'NONE',  ( -9.500000000000000000, 1.599999999999999867, 3.010000000000002451 ) ) ;
#4371 = FACE_OUTER_BOUND ( 'NONE', #7973, .T. ) ;
#4372 = ADVANCED_FACE ( 'NONE', ( #1878 ), #7531, .T. ) ;
#4373 = DIRECTION ( 'NONE',  ( 0.000000000000000000, 1.000000000000000000, -0.000000000000000000 ) ) ;
#4374 = ORIENTED_EDGE ( 'NONE', *, *, #7194, .F. ) ;
#4375 = EDGE_LOOP ( 'NONE', ( #1104, #7702 ) ) ;
#4376 = EDGE_CURVE ( 'NONE', #7092, #3645, #5081, .T. ) ;
#4377 = DIRECTION ( 'NONE',  ( 0.000000000000000000, 0.000000000000000000, -1.000000000000000000 ) ) ;
#4378 = ORIENTED_EDGE ( 'NONE', *, *, #1546, .T. ) ;
#4379 = ORIENTED_EDGE ( 'NONE', *, *, #432, .T. ) ;
#4380 = DIRECTION ( 'NONE',  ( 0.000000000000000000, 1.000000000000000000, -0.000000000000000000 ) ) ;
#4381 = VECTOR ( 'NONE', #279, 1000.000000000000000 ) ;
#4382 = FACE_OUTER_BOUND ( 'NONE', #6452, .T. ) ;
#4383 = DIRECTION ( 'NONE',  ( -0.000000000000000000, -1.000000000000000000, -0.000000000000000000 ) ) ;
#4384 = DIRECTION ( 'NONE',  ( 0.000000000000000000, 1.000000000000000000, -0.000000000000000000 ) ) ;
#4385 = DIRECTION ( 'NONE',  ( 0.000000000000000000, 0.000000000000000000, 1.000000000000000000 ) ) ;
#4386 = EDGE_CURVE ( 'NONE', #8699, #9784, #6756, .T. ) ;
#4387 = EDGE_LOOP ( 'NONE', ( #6944, #8350, #3693, #8614 ) ) ;
#4388 = VECTOR ( 'NONE', #3744, 1000.000000000000000 ) ;
#4389 = CARTESIAN_POINT ( 'NONE',  ( 6.150000000000002132, 29.71055027400083759, 9.340000000000008740 ) ) ;
#4390 = CIRCLE ( 'NONE', #9216, 0.7999999999999994893 ) ;
#4391 = ORIENTED_EDGE ( 'NONE', *, *, #1546, .F. ) ;
#4392 = EDGE_LOOP ( 'NONE', ( #10225, #2588, #9341, #81, #6836, #8993 ) ) ;
#4393 = LINE ( 'NONE', #8466, #3691 ) ;
#4394 = VECTOR ( 'NONE', #7352, 1000.000000000000000 ) ;
#4395 = DIRECTION ( 'NONE',  ( -0.000000000000000000, -1.000000000000000000, -0.000000000000000000 ) ) ;
#4396 = EDGE_CURVE ( 'NONE', #7920, #8603, #9139, .T. ) ;
#4397 = CARTESIAN_POINT ( 'NONE',  ( 3.969999999999999751, 3.000000000000000000, -8.209999999999995524 ) ) ;
#4398 = DIRECTION ( 'NONE',  ( 0.000000000000000000, 0.000000000000000000, -1.000000000000000000 ) ) ;
#4399 = LINE ( 'NONE', #2879, #407 ) ;
#4400 = SURFACE_STYLE_FILL_AREA ( #2146 ) ;
#4401 = ORIENTED_EDGE ( 'NONE', *, *, #4952, .F. ) ;
#4402 = ORIENTED_EDGE ( 'NONE', *, *, #2406, .F. ) ;
#4403 = EDGE_LOOP ( 'NONE', ( #2513, #8063, #9728, #7103 ) ) ;
#4404 = CIRCLE ( 'NONE', #7240, 0.5079999999999997851 ) ;
#4405 = ORIENTED_EDGE ( 'NONE', *, *, #7376, .F. ) ;
#4406 = DIRECTION ( 'NONE',  ( -0.000000000000000000, 0.000000000000000000, 1.000000000000000000 ) ) ;
#4407 = CARTESIAN_POINT ( 'NONE',  ( -7.464847298219355056E-15, 1.599999999999999867, -8.090000000000008740 ) ) ;
#4408 = FILL_AREA_STYLE ('',( #424 ) ) ;
#4409 = CARTESIAN_POINT ( 'NONE',  ( 9.500000000000003553, 0.000000000000000000, 8.090000000000003411 ) ) ;
#4410 = DIRECTION ( 'NONE',  ( 1.000000000000000000, -0.000000000000000000, 0.000000000000000000 ) ) ;
#4411 = CARTESIAN_POINT ( 'NONE',  ( 8.941207703305983145E-15, 4.721281787984062284, -9.689999999999992397 ) ) ;
#4412 = VERTEX_POINT ( 'NONE', #2038 ) ;
#4413 = LINE ( 'NONE', #1328, #9655 ) ;
#4414 = ORIENTED_EDGE ( 'NONE', *, *, #3739, .F. ) ;
#4415 = CARTESIAN_POINT ( 'NONE',  ( 1.282602633025372779E-15, 2.970000000000000195, 9.390000000000005898 ) ) ;
#4416 = CARTESIAN_POINT ( 'NONE',  ( 9.500000000000000000, 4.721281787984062284, -7.150000000000001243 ) ) ;
#4417 = EDGE_CURVE ( 'NONE', #4121, #7709, #2460, .T. ) ;
#4418 = DIRECTION ( 'NONE',  ( 0.000000000000000000, 0.000000000000000000, -1.000000000000000000 ) ) ;
#4419 = DIRECTION ( 'NONE',  ( 0.000000000000000000, 0.000000000000000000, 1.000000000000000000 ) ) ;
#4420 = VECTOR ( 'NONE', #6101, 1000.000000000000000 ) ;
#4421 = LINE ( 'NONE', #1183, #7156 ) ;
#4422 = ORIENTED_EDGE ( 'NONE', *, *, #9030, .F. ) ;
#4423 = ORIENTED_EDGE ( 'NONE', *, *, #8950, .F. ) ;
#4424 = ORIENTED_EDGE ( 'NONE', *, *, #5302, .T. ) ;
#4425 = CARTESIAN_POINT ( 'NONE',  ( 9.500000000000003553, 4.721281787984062284, -8.890000000000000568 ) ) ;
#4426 = ORIENTED_EDGE ( 'NONE', *, *, #6114, .F. ) ;
#4427 = ORIENTED_EDGE ( 'NONE', *, *, #6121, .F. ) ;
#4428 = DIRECTION ( 'NONE',  ( 0.000000000000000000, 0.000000000000000000, -1.000000000000000000 ) ) ;
#4429 = EDGE_CURVE ( 'NONE', #8, #8851, #5150, .T. ) ;
#4430 = EDGE_CURVE ( 'NONE', #632, #7734, #872, .T. ) ;
#4431 = AXIS2_PLACEMENT_3D ( 'NONE', #6853, #7676, #2867 ) ;
#4432 = LINE ( 'NONE', #9867, #8441 ) ;
#4433 = CARTESIAN_POINT ( 'NONE',  ( -7.620000000000000107, 0.000000000000000000, -4.609999999999998543 ) ) ;
#4434 = EDGE_CURVE ( 'NONE', #7340, #8642, #769, .T. ) ;
#4435 = CARTESIAN_POINT ( 'NONE',  ( 7.620000000000110241, 1.599999999999999867, 1.778000000000008241 ) ) ;
#4436 = ORIENTED_EDGE ( 'NONE', *, *, #2033, .F. ) ;
#4437 = CARTESIAN_POINT ( 'NONE',  ( -6.000000000000002665, 2.970000000000000195, 9.390000000000005898 ) ) ;
#4438 = ORIENTED_EDGE ( 'NONE', *, *, #1175, .F. ) ;
#4439 = ORIENTED_EDGE ( 'NONE', *, *, #659, .F. ) ;
#4440 = LINE ( 'NONE', #5402, #3347 ) ;
#4441 = EDGE_CURVE ( 'NONE', #2911, #3570, #7834, .T. ) ;
#4442 = EDGE_CURVE ( 'NONE', #8477, #8067, #5648, .T. ) ;
#4443 = PLANE ( 'NONE',  #1414 ) ;
#4444 = CARTESIAN_POINT ( 'NONE',  ( -9.499999999999996447, 1.600000000000000089, -9.690000000000001279 ) ) ;
#4445 = DIRECTION ( 'NONE',  ( -0.000000000000000000, -1.000000000000000000, -0.000000000000000000 ) ) ;
#4446 = CARTESIAN_POINT ( 'NONE',  ( -7.619999999999845564, 1.599999999999999867, 6.350000000000003197 ) ) ;
#4447 = DIRECTION ( 'NONE',  ( 0.000000000000000000, 0.000000000000000000, -1.000000000000000000 ) ) ;
#4448 =( LENGTH_UNIT ( ) NAMED_UNIT ( * ) SI_UNIT ( .MILLI., .METRE. ) );
#4449 =( NAMED_UNIT ( * ) PLANE_ANGLE_UNIT ( ) SI_UNIT ( $, .RADIAN. ) );
#4450 = CARTESIAN_POINT ( 'NONE',  ( 0.000000000000000000, 3.069999999999999840, -9.390000000000000568 ) ) ;
#4451 = ORIENTED_EDGE ( 'NONE', *, *, #1803, .T. ) ;
#4452 = LINE ( 'NONE', #7933, #817 ) ;
#4453 = ORIENTED_EDGE ( 'NONE', *, *, #7221, .T. ) ;
#4454 = ORIENTED_EDGE ( 'NONE', *, *, #6431, .T. ) ;
#4455 = AXIS2_PLACEMENT_3D ( 'NONE', #2170, #5431, #10064 ) ;
#4456 = ADVANCED_FACE ( 'NONE', ( #1502 ), #2231, .F. ) ;
#4457 = CLOSED_SHELL ( 'NONE', ( #4456, #2353, #9006, #1486, #8157, #7811, #2657, #6891, #1794, #8770 ) ) ;
#4458 = LINE ( 'NONE', #481, #7650 ) ;
#4459 = CARTESIAN_POINT ( 'NONE',  ( 0.000000000000000000, 1.600000000000000089, -2.069999999999998508 ) ) ;
#4460 = CARTESIAN_POINT ( 'NONE',  ( 2.699999999999999289, 1.600000000000000089, -8.409999999999993037 ) ) ;
#4461 = DIRECTION ( 'NONE',  ( 0.000000000000000000, 0.000000000000000000, 1.000000000000000000 ) ) ;
#4462 = DIRECTION ( 'NONE',  ( 0.000000000000000000, 0.000000000000000000, 1.000000000000000000 ) ) ;
#4463 = VECTOR ( 'NONE', #6433, 1000.000000000000000 ) ;
#4464 = ORIENTED_EDGE ( 'NONE', *, *, #659, .T. ) ;
#4465 = ORIENTED_EDGE ( 'NONE', *, *, #8880, .T. ) ;
#4466 = DIRECTION ( 'NONE',  ( -0.000000000000000000, -1.000000000000000000, -0.000000000000000000 ) ) ;
#4467 = EDGE_LOOP ( 'NONE', ( #3341, #2009, #9932, #6403 ) ) ;
#4468 = AXIS2_PLACEMENT_3D ( 'NONE', #4155, #904, #7349 ) ;
#4469 = EDGE_CURVE ( 'NONE', #1459, #9258, #10236, .T. ) ;
#4470 = CIRCLE ( 'NONE', #1962, 0.5079999999999997851 ) ;
#4471 = PLANE ( 'NONE',  #9996 ) ;
#4472 = DIRECTION ( 'NONE',  ( 1.000000000000000000, 0.000000000000000000, 0.000000000000000000 ) ) ;
#4473 = CIRCLE ( 'NONE', #1299, 0.3175000000000000600 ) ;
#4474 = VECTOR ( 'NONE', #1320, 1000.000000000000000 ) ;
#4475 = LINE ( 'NONE', #9217, #1446 ) ;
#4476 = CARTESIAN_POINT ( 'NONE',  ( 9.500000000000000000, 1.599999999999999867, -3.810000000000000053 ) ) ;
#4477 = DIRECTION ( 'NONE',  ( 0.000000000000000000, 0.000000000000000000, -1.000000000000000000 ) ) ;
#4478 = CYLINDRICAL_SURFACE ( 'NONE', #6826, 0.5080000000000011173 ) ;
#4479 = ORIENTED_EDGE ( 'NONE', *, *, #2855, .T. ) ;
#4480 = ORIENTED_EDGE ( 'NONE', *, *, #9714, .F. ) ;
#4481 = VECTOR ( 'NONE', #8610, 1000.000000000000000 ) ;
#4482 = AXIS2_PLACEMENT_3D ( 'NONE', #5759, #7408, #9858 ) ;
#4483 = ORIENTED_EDGE ( 'NONE', *, *, #7409, .F. ) ;
#4484 = ORIENTED_EDGE ( 'NONE', *, *, #190, .T. ) ;
#4485 = ORIENTED_EDGE ( 'NONE', *, *, #9753, .F. ) ;
#4486 = AXIS2_PLACEMENT_3D ( 'NONE', #5245, #5195, #3657 ) ;
#4487 = CARTESIAN_POINT ( 'NONE',  ( -7.620000000000000995, 4.721281787984062284, -8.382000000000001450 ) ) ;
#4488 = DIRECTION ( 'NONE',  ( -0.000000000000000000, 0.000000000000000000, 1.000000000000000000 ) ) ;
#4489 = CARTESIAN_POINT ( 'NONE',  ( -6.000000000000001776, 2.970000000000000639, -9.690000000000001279 ) ) ;
#4490 = VECTOR ( 'NONE', #1969, 1000.000000000000000 ) ;
#4491 = CARTESIAN_POINT ( 'NONE',  ( 1.240000000000001545, 3.069999999999999840, 0.000000000000000000 ) ) ;
#4492 = CARTESIAN_POINT ( 'NONE',  ( 0.000000000000000000, 1.600000000000000089, -0.4699999999999986411 ) ) ;
#4493 = VECTOR ( 'NONE', #6106, 1000.000000000000000 ) ;
#4494 = VERTEX_POINT ( 'NONE', #9390 ) ;
#4495 = EDGE_CURVE ( 'NONE', #7837, #2966, #6237, .T. ) ;
#4496 = EDGE_CURVE ( 'NONE', #9967, #8877, #76, .T. ) ;
#4497 = ORIENTED_EDGE ( 'NONE', *, *, #2855, .F. ) ;
#4498 = VERTEX_POINT ( 'NONE', #823 ) ;
#4499 = ADVANCED_FACE ( 'NONE', ( #1598 ), #4699, .T. ) ;
#4500 = VECTOR ( 'NONE', #6585, 1000.000000000000000 ) ;
#4501 = LINE ( 'NONE', #6863, #1346 ) ;
#4502 = CARTESIAN_POINT ( 'NONE',  ( 6.050000000000001599, 3.270000000000000018, 9.340000000000006963 ) ) ;
#4503 = PLANE ( 'NONE',  #3232 ) ;
#4504 = CARTESIAN_POINT ( 'NONE',  ( -6.000000000000001776, 2.970000000000000639, -9.690000000000001279 ) ) ;
#4505 = DIRECTION ( 'NONE',  ( 0.000000000000000000, 1.000000000000000000, -0.000000000000000000 ) ) ;
#4506 = VECTOR ( 'NONE', #3318, 1000.000000000000000 ) ;
#4507 =( LENGTH_UNIT ( ) NAMED_UNIT ( * ) SI_UNIT ( .MILLI., .METRE. ) );
#4508 = APPLICATION_PROTOCOL_DEFINITION ( 'draft international standard', 'automotive_design', 1998, #3065 ) ;
#4509 = VECTOR ( 'NONE', #2003, 1000.000000000000000 ) ;
#4510 = EDGE_CURVE ( 'NONE', #7197, #4524, #5659, .T. ) ;
#4511 = LINE ( 'NONE', #2934, #10309 ) ;
#4512 = VERTEX_POINT ( 'NONE', #10346 ) ;
#4513 = VERTEX_POINT ( 'NONE', #4020 ) ;
#4514 = EDGE_CURVE ( 'NONE', #5030, #9258, #3070, .T. ) ;
#4515 = ORIENTED_EDGE ( 'NONE', *, *, #8532, .T. ) ;
#4516 = VECTOR ( 'NONE', #995, 1000.000000000000000 ) ;
#4517 = CARTESIAN_POINT ( 'NONE',  ( -9.499999999999813483, 1.599999999999999867, 8.890000000000000568 ) ) ;
#4518 = CARTESIAN_POINT ( 'NONE',  ( 9.500000000000000000, 0.000000000000000000, 0.000000000000000000 ) ) ;
#4519 = CARTESIAN_POINT ( 'NONE',  ( 1.939999999999998170, 2.970000000000000195, -4.630000000000001670 ) ) ;
#4520 = LINE ( 'NONE', #3934, #9421 ) ;
#4521 = PLANE ( 'NONE',  #6913 ) ;
#4522 = EDGE_CURVE ( 'NONE', #7942, #9073, #1797, .T. ) ;
#4523 = ORIENTED_EDGE ( 'NONE', *, *, #4495, .T. ) ;
#4524 = VERTEX_POINT ( 'NONE', #5596 ) ;
#4525 = PRESENTATION_LAYER_ASSIGNMENT (  '', '', ( #10022 ) ) ;
#4526 = PLANE ( 'NONE',  #7665 ) ;
#4527 = ORIENTED_EDGE ( 'NONE', *, *, #345, .T. ) ;
#4528 = CARTESIAN_POINT ( 'NONE',  ( -6.049999999999999822, 3.069999999999999840, -9.340000000000003411 ) ) ;
#4529 = DIRECTION ( 'NONE',  ( 1.186541365237213826E-16, 0.000000000000000000, 1.000000000000000000 ) ) ;
#4530 = CARTESIAN_POINT ( 'NONE',  ( 0.000000000000000000, 1.600000000000000089, 4.610000000000002984 ) ) ;
#4531 = CARTESIAN_POINT ( 'NONE',  ( -7.620000000000000107, 1.600000000000000089, 4.610000000000002984 ) ) ;
#4532 = CARTESIAN_POINT ( 'NONE',  ( -7.619999999999948592, 0.000000000000000000, -3.301999999999996938 ) ) ;
#4533 = EDGE_CURVE ( 'NONE', #7402, #4711, #7878, .T. ) ;
#4534 = ORIENTED_EDGE ( 'NONE', *, *, #4561, .T. ) ;
#4535 = ORIENTED_EDGE ( 'NONE', *, *, #7426, .F. ) ;
#4536 = ORIENTED_EDGE ( 'NONE', *, *, #8711, .T. ) ;
#4537 = VERTEX_POINT ( 'NONE', #7927 ) ;
#4538 = CARTESIAN_POINT ( 'NONE',  ( 2.900000000000000799, 2.100000000000000089, -6.939999999999995950 ) ) ;
#4539 = CARTESIAN_POINT ( 'NONE',  ( -7.619999999999922835, 1.599999999999999867, -1.269999999999998463 ) ) ;
#4540 = DIRECTION ( 'NONE',  ( 0.000000000000000000, 0.000000000000000000, 1.000000000000000000 ) ) ;
#4541 = LINE ( 'NONE', #6905, #9042 ) ;
#4542 = ORIENTED_EDGE ( 'NONE', *, *, #7302, .T. ) ;
#4543 = EDGE_LOOP ( 'NONE', ( #3523, #5880, #8891, #7686 ) ) ;
#4544 = CARTESIAN_POINT ( 'NONE',  ( 9.500000000000000000, 1.599999999999999867, 0.000000000000000000 ) ) ;
#4545 = ORIENTED_EDGE ( 'NONE', *, *, #1358, .T. ) ;
#4546 = LINE ( 'NONE', #10136, #1676 ) ;
#4547 = EDGE_CURVE ( 'NONE', #6195, #5221, #2472, .T. ) ;
#4548 = CARTESIAN_POINT ( 'NONE',  ( 7.620000000000188400, 4.721281787984062284, 8.890000000000004121 ) ) ;
#4549 = VECTOR ( 'NONE', #3458, 1000.000000000000000 ) ;
#4550 = VECTOR ( 'NONE', #128, 1000.000000000000000 ) ;
#4551 = PLANE ( 'NONE',  #6645 ) ;
#4552 = ADVANCED_FACE ( 'NONE', ( #9494 ), #4741, .F. ) ;
#4553 = CARTESIAN_POINT ( 'NONE',  ( -9.500000000000000000, 1.599999999999999867, -4.609999999999998543 ) ) ;
#4554 = DIRECTION ( 'NONE',  ( 0.000000000000000000, 0.000000000000000000, -1.000000000000000000 ) ) ;
#4555 = DIRECTION ( 'NONE',  ( 0.000000000000000000, 0.000000000000000000, -1.000000000000000000 ) ) ;
#4556 = CARTESIAN_POINT ( 'NONE',  ( -9.499999999999996447, 1.600000000000000089, 0.000000000000000000 ) ) ;
#4557 = VERTEX_POINT ( 'NONE', #6435 ) ;
#4558 = ORIENTED_EDGE ( 'NONE', *, *, #569, .F. ) ;
#4559 = VERTEX_POINT ( 'NONE', #2388 ) ;
#4560 = VECTOR ( 'NONE', #371, 1000.000000000000000 ) ;
#4561 = EDGE_CURVE ( 'NONE', #2323, #503, #8760, .T. ) ;
#4562 = ADVANCED_FACE ( 'NONE', ( #9059 ), #7361, .F. ) ;
#4563 = CARTESIAN_POINT ( 'NONE',  ( -6.000000000000001776, 29.71055027400083759, 9.690000000000006608 ) ) ;
#4564 = DIRECTION ( 'NONE',  ( -0.000000000000000000, -1.000000000000000000, -0.000000000000000000 ) ) ;
#4565 = CARTESIAN_POINT ( 'NONE',  ( 9.500000000000000000, 4.721281787984062284, 0.000000000000000000 ) ) ;
#4566 = EDGE_CURVE ( 'NONE', #3963, #1520, #8084, .T. ) ;
#4567 = DIRECTION ( 'NONE',  ( 9.227252531791528105E-16, 0.000000000000000000, -1.000000000000000000 ) ) ;
#4568 = CYLINDRICAL_SURFACE ( 'NONE', #213, 0.5080000000000015614 ) ;
#4569 = CIRCLE ( 'NONE', #2545, 0.5080000000000062244 ) ;
#4570 = FACE_OUTER_BOUND ( 'NONE', #7521, .T. ) ;
#4571 = ORIENTED_EDGE ( 'NONE', *, *, #6691, .F. ) ;
#4572 = DIRECTION ( 'NONE',  ( 0.000000000000000000, 1.000000000000000000, -0.000000000000000000 ) ) ;
#4573 = ORIENTED_EDGE ( 'NONE', *, *, #1683, .T. ) ;
#4574 = CARTESIAN_POINT ( 'NONE',  ( 7.620000000000032081, 4.721281787984062284, -6.349999999999999645 ) ) ;
#4575 = EDGE_CURVE ( 'NONE', #9884, #2683, #1709, .T. ) ;
#4576 = DIRECTION ( 'NONE',  ( 0.000000000000000000, 0.000000000000000000, -1.000000000000000000 ) ) ;
#4577 = CARTESIAN_POINT ( 'NONE',  ( 3.969999999999999751, 2.950000000000001066, -8.209999999999995524 ) ) ;
#4578 = DIRECTION ( 'NONE',  ( 0.000000000000000000, 0.000000000000000000, -1.000000000000000000 ) ) ;
#4579 = DIRECTION ( 'NONE',  ( -1.366641393889291440E-16, -0.000000000000000000, -1.000000000000000000 ) ) ;
#4580 = DIRECTION ( 'NONE',  ( 9.227252531791528105E-16, -0.000000000000000000, 1.000000000000000000 ) ) ;
#4581 = ORIENTED_EDGE ( 'NONE', *, *, #8540, .T. ) ;
#4582 = ORIENTED_EDGE ( 'NONE', *, *, #1697, .T. ) ;
#4583 = VERTEX_POINT ( 'NONE', #3336 ) ;
#4584 = ORIENTED_EDGE ( 'NONE', *, *, #4442, .F. ) ;
#4585 = CARTESIAN_POINT ( 'NONE',  ( -9.499999999999996447, 1.600000000000000089, 0.000000000000000000 ) ) ;
#4586 = CARTESIAN_POINT ( 'NONE',  ( 9.500000000000003553, 1.600000000000000089, 9.690000000000004832 ) ) ;
#4587 = EDGE_CURVE ( 'NONE', #616, #2475, #9476, .T. ) ;
#4588 = DIRECTION ( 'NONE',  ( -0.000000000000000000, -1.000000000000000000, -0.000000000000000000 ) ) ;
#4589 = VECTOR ( 'NONE', #7100, 1000.000000000000000 ) ;
#4590 = LINE ( 'NONE', #3652, #7154 ) ;
#4591 = DIRECTION ( 'NONE',  ( -0.000000000000000000, -1.000000000000000000, -0.000000000000000000 ) ) ;
#4592 = DIRECTION ( 'NONE',  ( 1.000000000000000000, -0.000000000000000000, 0.000000000000000000 ) ) ;
#4593 = VERTEX_POINT ( 'NONE', #1854 ) ;
#4594 = ORIENTED_EDGE ( 'NONE', *, *, #1178, .T. ) ;
#4595 = VECTOR ( 'NONE', #8364, 1000.000000000000000 ) ;
#4596 = DIRECTION ( 'NONE',  ( -0.000000000000000000, -1.000000000000000000, -0.000000000000000000 ) ) ;
#4597 = AXIS2_PLACEMENT_3D ( 'NONE', #846, #8104, #4042 ) ;
#4598 = VERTEX_POINT ( 'NONE', #5910 ) ;
#4599 = CARTESIAN_POINT ( 'NONE',  ( 7.620000000000032969, 4.721281787984062284, -6.349999999999999645 ) ) ;
#4600 = EDGE_CURVE ( 'NONE', #9509, #297, #7453, .T. ) ;
#4601 = FACE_OUTER_BOUND ( 'NONE', #4974, .T. ) ;
#4602 = DIRECTION ( 'NONE',  ( -1.000000000000000000, 0.000000000000000000, -0.000000000000000000 ) ) ;
#4603 = DIRECTION ( 'NONE',  ( -0.000000000000000000, -1.000000000000000000, -0.000000000000000000 ) ) ;
#4604 = VECTOR ( 'NONE', #7465, 1000.000000000000000 ) ;
#4605 = DIRECTION ( 'NONE',  ( 0.000000000000000000, -0.000000000000000000, 1.000000000000000000 ) ) ;
#4606 = FACE_OUTER_BOUND ( 'NONE', #10071, .T. ) ;
#4607 = CARTESIAN_POINT ( 'NONE',  ( -7.620000000000000107, 1.599999999999999867, 5.549999999999999822 ) ) ;
#4608 = LINE ( 'NONE', #7791, #2628 ) ;
#4609 = ORIENTED_EDGE ( 'NONE', *, *, #6108, .T. ) ;
#4610 = ORIENTED_EDGE ( 'NONE', *, *, #134, .F. ) ;
#4611 = ORIENTED_EDGE ( 'NONE', *, *, #3895, .T. ) ;
#4612 = DIRECTION ( 'NONE',  ( 0.000000000000000000, 0.000000000000000000, 1.000000000000000000 ) ) ;
#4613 = VECTOR ( 'NONE', #4592, 1000.000000000000000 ) ;
#4614 = EDGE_CURVE ( 'NONE', #2081, #4512, #1806, .T. ) ;
#4615 = FACE_OUTER_BOUND ( 'NONE', #7455, .T. ) ;
#4616 = DIRECTION ( 'NONE',  ( 0.000000000000000000, 0.000000000000000000, 1.000000000000000000 ) ) ;
#4617 = LINE ( 'NONE', #6881, #8299 ) ;
#4618 = DIRECTION ( 'NONE',  ( 0.000000000000000000, 1.000000000000000000, -0.000000000000000000 ) ) ;
#4619 = CARTESIAN_POINT ( 'NONE',  ( -7.619999999999894413, 0.000000000000000000, 1.270000000000000240 ) ) ;
#4620 = DIRECTION ( 'NONE',  ( -0.000000000000000000, -1.000000000000000000, -0.000000000000000000 ) ) ;
#4621 = DIRECTION ( 'NONE',  ( 0.000000000000000000, 0.000000000000000000, 1.000000000000000000 ) ) ;
#4622 = VERTEX_POINT ( 'NONE', #3435 ) ;
#4623 = CARTESIAN_POINT ( 'NONE',  ( -6.000000000000001776, 29.71055027400083759, 9.490000000000005542 ) ) ;
#4624 = EDGE_CURVE ( 'NONE', #9625, #2656, #1070, .T. ) ;
#4625 = ORIENTED_EDGE ( 'NONE', *, *, #7175, .T. ) ;
#4626 = ADVANCED_FACE ( 'NONE', ( #4266 ), #280, .F. ) ;
#4627 = CIRCLE ( 'NONE', #4122, 0.7999999999999986011 ) ;
#4628 = EDGE_CURVE ( 'NONE', #4800, #1734, #1753, .T. ) ;
#4629 = LINE ( 'NONE', #2264, #4673 ) ;
#4630 = LINE ( 'NONE', #5530, #1784 ) ;
#4631 = CARTESIAN_POINT ( 'NONE',  ( -6.000000000000002665, 3.270000000000000018, 9.340000000000008740 ) ) ;
#4632 = DIRECTION ( 'NONE',  ( 0.000000000000000000, 0.000000000000000000, -1.000000000000000000 ) ) ;
#4633 = FILL_AREA_STYLE ('',( #1539 ) ) ;
#4634 = VECTOR ( 'NONE', #5309, 1000.000000000000000 ) ;
#4635 = ORIENTED_EDGE ( 'NONE', *, *, #2514, .F. ) ;
#4636 = ORIENTED_EDGE ( 'NONE', *, *, #9478, .F. ) ;
#4637 = EDGE_CURVE ( 'NONE', #5295, #3353, #6486, .T. ) ;
#4638 = VECTOR ( 'NONE', #876, 1000.000000000000000 ) ;
#4639 = ORIENTED_EDGE ( 'NONE', *, *, #2059, .T. ) ;
#4640 = CARTESIAN_POINT ( 'NONE',  ( -9.499999999999996447, 1.600000000000000089, 8.090000000000003411 ) ) ;
#4641 = EDGE_CURVE ( 'NONE', #2656, #6593, #2500, .T. ) ;
#4642 = DIRECTION ( 'NONE',  ( 0.000000000000000000, 0.000000000000000000, 1.000000000000000000 ) ) ;
#4643 = AXIS2_PLACEMENT_3D ( 'NONE', #10343, #4213, #2383 ) ;
#4644 = VECTOR ( 'NONE', #2203, 1000.000000000000000 ) ;
#4645 = PLANE ( 'NONE',  #3432 ) ;
#4646 = LINE ( 'NONE', #7205, #10295 ) ;
#4647 = VECTOR ( 'NONE', #7541, 1000.000000000000000 ) ;
#4648 = AXIS2_PLACEMENT_3D ( 'NONE', #9747, #9798, #5806 ) ;
#4649 = DIRECTION ( 'NONE',  ( 0.000000000000000000, 0.000000000000000000, -1.000000000000000000 ) ) ;
#4650 = ORIENTED_EDGE ( 'NONE', *, *, #10114, .F. ) ;
#4651 = EDGE_CURVE ( 'NONE', #3016, #8398, #5861, .T. ) ;
#4652 = VECTOR ( 'NONE', #2030, 1000.000000000000000 ) ;
#4653 = ORIENTED_EDGE ( 'NONE', *, *, #7317, .T. ) ;
#4654 = DIRECTION ( 'NONE',  ( 0.000000000000000000, 1.000000000000000000, -0.000000000000000000 ) ) ;
#4655 = ORIENTED_EDGE ( 'NONE', *, *, #6878, .T. ) ;
#4656 = DIRECTION ( 'NONE',  ( -1.000000000000000000, 0.000000000000000000, 0.000000000000000000 ) ) ;
#4657 = AXIS2_PLACEMENT_3D ( 'NONE', #2812, #558, #7724 ) ;
#4658 = AXIS2_PLACEMENT_3D ( 'NONE', #1423, #7186, #6986 ) ;
#4659 =( NAMED_UNIT ( * ) PLANE_ANGLE_UNIT ( ) SI_UNIT ( $, .RADIAN. ) );
#4660 = SURFACE_STYLE_FILL_AREA ( #6245 ) ;
#4661 = LINE ( 'NONE', #3972, #5761 ) ;
#4662 = CARTESIAN_POINT ( 'NONE',  ( -9.500000000000000000, 0.000000000000000000, -5.549999999999998934 ) ) ;
#4663 = ORIENTED_EDGE ( 'NONE', *, *, #8701, .T. ) ;
#4664 = CARTESIAN_POINT ( 'NONE',  ( 2.699999999999999289, 1.600000000000000089, -8.409999999999993037 ) ) ;
#4665 = EDGE_CURVE ( 'NONE', #5929, #9211, #8650, .T. ) ;
#4666 = VERTEX_POINT ( 'NONE', #2698 ) ;
#4667 = ORIENTED_EDGE ( 'NONE', *, *, #2065, .T. ) ;
#4668 = CIRCLE ( 'NONE', #3502, 0.8000000000000012657 ) ;
#4669 = VERTEX_POINT ( 'NONE', #1125 ) ;
#4670 = VECTOR ( 'NONE', #10193, 1000.000000000000000 ) ;
#4671 = DIRECTION ( 'NONE',  ( 0.000000000000000000, 1.000000000000000000, -0.000000000000000000 ) ) ;
#4672 = DIRECTION ( 'NONE',  ( 0.000000000000000000, -1.000000000000000000, 0.000000000000000000 ) ) ;
#4673 = VECTOR ( 'NONE', #1427, 1000.000000000000000 ) ;
#4674 = CARTESIAN_POINT ( 'NONE',  ( 9.500000000000000000, 1.599999999999999867, -0.7620000000000002327 ) ) ;
#4675 = DIRECTION ( 'NONE',  ( 1.000000000000000000, 0.000000000000000000, 0.000000000000000000 ) ) ;
#4676 = FACE_OUTER_BOUND ( 'NONE', #6556, .T. ) ;
#4677 = CARTESIAN_POINT ( 'NONE',  ( 7.620000000000135998, 0.000000000000000000, 4.318000000000007610 ) ) ;
#4678 = DIRECTION ( 'NONE',  ( 0.000000000000000000, 0.000000000000000000, 1.000000000000000000 ) ) ;
#4679 = ORIENTED_EDGE ( 'NONE', *, *, #3403, .T. ) ;
#4680 = CARTESIAN_POINT ( 'NONE',  ( 7.620000000000110241, 1.599999999999999867, 1.270000000000002016 ) ) ;
#4681 = ORIENTED_EDGE ( 'NONE', *, *, #9997, .F. ) ;
#4682 = VERTEX_POINT ( 'NONE', #8183 ) ;
#4683 = AXIS2_PLACEMENT_3D ( 'NONE', #5931, #3401, #5135 ) ;
#4684 = AXIS2_PLACEMENT_3D ( 'NONE', #8378, #7886, #1218 ) ;
#4685 = DIRECTION ( 'NONE',  ( -1.000000000000000000, 0.000000000000000000, 0.000000000000000000 ) ) ;
#4686 = DIRECTION ( 'NONE',  ( 0.000000000000000000, 0.000000000000000000, 1.000000000000000000 ) ) ;
#4687 = EDGE_CURVE ( 'NONE', #2573, #9417, #2548, .T. ) ;
#4688 = CARTESIAN_POINT ( 'NONE',  ( 6.000000000000001776, 1.600000000000000755, -4.730000000000001315 ) ) ;
#4689 = CARTESIAN_POINT ( 'NONE',  ( -9.500000000000000000, 1.599999999999999867, 2.070000000000002505 ) ) ;
#4690 = ORIENTED_EDGE ( 'NONE', *, *, #3175, .F. ) ;
#4691 = EDGE_LOOP ( 'NONE', ( #709, #7390, #2804, #6208 ) ) ;
#4692 = EDGE_CURVE ( 'NONE', #5434, #2701, #2806, .T. ) ;
#4693 = ORIENTED_EDGE ( 'NONE', *, *, #7438, .T. ) ;
#4694 = CARTESIAN_POINT ( 'NONE',  ( 4.719999999999999751, 1.600000000000000089, -9.979999999999996874 ) ) ;
#4695 = DIRECTION ( 'NONE',  ( 0.000000000000000000, 1.000000000000000000, -0.000000000000000000 ) ) ;
#4696 = CARTESIAN_POINT ( 'NONE',  ( 0.000000000000000000, 0.000000000000000000, -2.069999999999998508 ) ) ;
#4697 = EDGE_CURVE ( 'NONE', #8399, #8277, #9638, .T. ) ;
#4698 = LINE ( 'NONE', #4794, #1215 ) ;
#4699 = CYLINDRICAL_SURFACE ( 'NONE', #2300, 0.2999999999999999334 ) ;
#4700 = EDGE_LOOP ( 'NONE', ( #3922, #9404, #6465, #8762 ) ) ;
#4701 = EDGE_CURVE ( 'NONE', #9259, #7683, #8132, .T. ) ;
#4702 = ORIENTED_EDGE ( 'NONE', *, *, #7746, .T. ) ;
#4703 = CARTESIAN_POINT ( 'NONE',  ( 9.500000000000003553, 1.600000000000000089, 3.010000000000002451 ) ) ;
#4704 = ORIENTED_EDGE ( 'NONE', *, *, #855, .T. ) ;
#4705 = FILL_AREA_STYLE ('',( #4804 ) ) ;
#4706 = EDGE_CURVE ( 'NONE', #10191, #9987, #4216, .T. ) ;
#4707 = SURFACE_STYLE_USAGE ( .BOTH. , #9203 ) ;
#4708 = DIRECTION ( 'NONE',  ( -1.000000000000000000, 0.000000000000000000, -0.000000000000000000 ) ) ;
#4709 = ORIENTED_EDGE ( 'NONE', *, *, #8025, .T. ) ;
#4710 = PLANE ( 'NONE',  #5663 ) ;
#4711 = VERTEX_POINT ( 'NONE', #9107 ) ;
#4712 = ORIENTED_EDGE ( 'NONE', *, *, #7823, .T. ) ;
#4713 = EDGE_CURVE ( 'NONE', #6423, #2532, #2801, .T. ) ;
#4714 = CARTESIAN_POINT ( 'NONE',  ( -7.620000000000000107, 0.000000000000000000, 4.610000000000000320 ) ) ;
#4715 = CARTESIAN_POINT ( 'NONE',  ( -9.500000000000000000, 0.000000000000000000, -9.690000000000001279 ) ) ;
#4716 = CARTESIAN_POINT ( 'NONE',  ( -7.619999999999897078, 4.721281787984062284, 1.270000000000002016 ) ) ;
#4717 = CARTESIAN_POINT ( 'NONE',  ( 0.000000000000000000, 1.600000000000000089, -2.069999999999998508 ) ) ;
#4718 = DIRECTION ( 'NONE',  ( 0.000000000000000000, 1.000000000000000000, -0.000000000000000000 ) ) ;
#4719 = CARTESIAN_POINT ( 'NONE',  ( 0.000000000000000000, 1.600000000000000089, -10.99999999999999645 ) ) ;
#4720 = ORIENTED_EDGE ( 'NONE', *, *, #784, .F. ) ;
#4721 = DIRECTION ( 'NONE',  ( 0.000000000000000000, 0.000000000000000000, -1.000000000000000000 ) ) ;
#4722 = ORIENTED_EDGE ( 'NONE', *, *, #4624, .F. ) ;
#4723 = VERTEX_POINT ( 'NONE', #4532 ) ;
#4724 = VECTOR ( 'NONE', #9057, 1000.000000000000000 ) ;
#4725 = DIRECTION ( 'NONE',  ( -0.000000000000000000, -1.000000000000000000, -0.000000000000000000 ) ) ;
#4726 = DIRECTION ( 'NONE',  ( -1.000000000000000000, -0.000000000000000000, 0.000000000000000000 ) ) ;
#4727 = AXIS2_PLACEMENT_3D ( 'NONE', #6578, #4945, #3375 ) ;
#4728 = DIRECTION ( 'NONE',  ( -0.000000000000000000, 0.000000000000000000, -1.000000000000000000 ) ) ;
#4729 = DIRECTION ( 'NONE',  ( -1.000000000000000000, 0.000000000000000000, -0.000000000000000000 ) ) ;
#4730 = CARTESIAN_POINT ( 'NONE',  ( 3.219999999999999751, 1.750000000000000000, -6.439999999999992397 ) ) ;
#4731 = ORIENTED_EDGE ( 'NONE', *, *, #4188, .T. ) ;
#4732 = ORIENTED_EDGE ( 'NONE', *, *, #1090, .T. ) ;
#4733 = ORIENTED_EDGE ( 'NONE', *, *, #259, .F. ) ;
#4734 = DIRECTION ( 'NONE',  ( -1.000000000000000000, 0.000000000000000000, -0.000000000000000000 ) ) ;
#4735 = VECTOR ( 'NONE', #3538, 1000.000000000000000 ) ;
#4736 = FACE_OUTER_BOUND ( 'NONE', #1720, .T. ) ;
#4737 = CARTESIAN_POINT ( 'NONE',  ( -9.499999999999996447, 0.000000000000000000, 9.690000000000004832 ) ) ;
#4738 = EDGE_CURVE ( 'NONE', #556, #5783, #1297, .T. ) ;
#4739 = DIRECTION ( 'NONE',  ( 0.000000000000000000, 0.000000000000000000, 1.000000000000000000 ) ) ;
#4740 = DIRECTION ( 'NONE',  ( 0.000000000000000000, 1.000000000000000000, 0.000000000000000000 ) ) ;
#4741 = CYLINDRICAL_SURFACE ( 'NONE', #3308, 0.5080000000000050031 ) ;
#4742 = VERTEX_POINT ( 'NONE', #7669 ) ;
#4743 = DIRECTION ( 'NONE',  ( 0.000000000000000000, 0.000000000000000000, -1.000000000000000000 ) ) ;
#4744 = ORIENTED_EDGE ( 'NONE', *, *, #3286, .T. ) ;
#4745 = DIRECTION ( 'NONE',  ( 1.000000000000000000, -0.000000000000000000, -2.306813132947882026E-15 ) ) ;
#4746 = EDGE_CURVE ( 'NONE', #8707, #667, #438, .T. ) ;
#4747 = ORIENTED_EDGE ( 'NONE', *, *, #2841, .F. ) ;
#4748 = ADVANCED_FACE ( 'NONE', ( #6175 ), #500, .F. ) ;
#4749 = DIRECTION ( 'NONE',  ( 0.000000000000000000, 0.000000000000000000, -1.000000000000000000 ) ) ;
#4750 = EDGE_CURVE ( 'NONE', #222, #8625, #1307, .T. ) ;
#4751 = CYLINDRICAL_SURFACE ( 'NONE', #1824, 1.000000000000000888 ) ;
#4752 = DIRECTION ( 'NONE',  ( 0.000000000000000000, 1.000000000000000000, -0.000000000000000000 ) ) ;
#4753 = CARTESIAN_POINT ( 'NONE',  ( -9.499999999999996447, 1.600000000000000089, 0.000000000000000000 ) ) ;
#4754 = LINE ( 'NONE', #6399, #6981 ) ;
#4755 = ORIENTED_EDGE ( 'NONE', *, *, #7987, .T. ) ;
#4756 = VECTOR ( 'NONE', #7333, 1000.000000000000000 ) ;
#4757 = DIRECTION ( 'NONE',  ( 0.000000000000000000, 1.000000000000000000, -0.000000000000000000 ) ) ;
#4758 = EDGE_LOOP ( 'NONE', ( #8505, #2186, #9450, #4160 ) ) ;
#4759 = VERTEX_POINT ( 'NONE', #333 ) ;
#4760 = EDGE_CURVE ( 'NONE', #346, #529, #4421, .T. ) ;
#4761 = DIRECTION ( 'NONE',  ( 1.000000000000000000, -0.000000000000000000, 0.000000000000000000 ) ) ;
#4762 = EDGE_CURVE ( 'NONE', #10226, #3141, #9325, .T. ) ;
#4763 = VECTOR ( 'NONE', #5676, 1000.000000000000000 ) ;
#4764 = AXIS2_PLACEMENT_3D ( 'NONE', #1496, #7923, #716 ) ;
#4765 = DIRECTION ( 'NONE',  ( 1.000000000000000000, -0.000000000000000000, 0.000000000000000000 ) ) ;
#4766 = DIRECTION ( 'NONE',  ( -0.000000000000000000, -0.000000000000000000, 1.000000000000000000 ) ) ;
#4767 = FACE_OUTER_BOUND ( 'NONE', #4109, .T. ) ;
#4768 = DIRECTION ( 'NONE',  ( -1.000000000000000000, 0.000000000000000000, 1.366641393889291440E-16 ) ) ;
#4769 = LINE ( 'NONE', #6564, #6448 ) ;
#4770 = DIRECTION ( 'NONE',  ( 0.000000000000000000, 1.000000000000000000, -0.000000000000000000 ) ) ;
#4771 = FACE_OUTER_BOUND ( 'NONE', #5696, .T. ) ;
#4772 = ORIENTED_EDGE ( 'NONE', *, *, #9030, .T. ) ;
#4773 = DIRECTION ( 'NONE',  ( 0.000000000000000000, 0.000000000000000000, 1.000000000000000000 ) ) ;
#4774 = ORIENTED_EDGE ( 'NONE', *, *, #2330, .T. ) ;
#4775 = ORIENTED_EDGE ( 'NONE', *, *, #8456, .T. ) ;
#4776 = ADVANCED_FACE ( 'NONE', ( #6733 ), #8448, .T. ) ;
#4777 = PRESENTATION_LAYER_ASSIGNMENT (  '', '', ( #3442 ) ) ;
#4778 = CARTESIAN_POINT ( 'NONE',  ( -9.499999999999996447, 0.000000000000000000, -4.609999999999998543 ) ) ;
#4779 = CARTESIAN_POINT ( 'NONE',  ( 3.219999999999999751, 1.600000000000000089, -6.439999999999992397 ) ) ;
#4780 = UNCERTAINTY_MEASURE_WITH_UNIT (LENGTH_MEASURE( 1.000000000000000082E-05 ), #10089, 'distance_accuracy_value', 'NONE');
#4781 = CARTESIAN_POINT ( 'NONE',  ( 0.000000000000000000, 0.000000000000000000, 0.000000000000000000 ) ) ;
#4782 = FACE_OUTER_BOUND ( 'NONE', #208, .T. ) ;
#4783 = ORIENTED_EDGE ( 'NONE', *, *, #3229, .F. ) ;
#4784 = ORIENTED_EDGE ( 'NONE', *, *, #7426, .T. ) ;
#4785 = ORIENTED_EDGE ( 'NONE', *, *, #8482, .T. ) ;
#4786 = EDGE_CURVE ( 'NONE', #1351, #723, #10067, .T. ) ;
#4787 = CLOSED_SHELL ( 'NONE', ( #5012, #5220, #7052, #1865, #7366, #9743, #3574, #5570, #150, #3342, #5389, #4776, #8944, #7662, #21, #2077, #7211, #7073, #1802, #8459, #2581, #5406, #8066, #5237, #2274, #3211, #857, #3912, #536, #4112, #775, #8587, #2663, #9099, #2377, #6116, #2696, #5399, #9335, #7111, #8569, #3726, #694, #4970, #9786, #1560, #3101, #798, #6498, #8516, #9020, #1938, #7258, #2385, #8515, #546, #4499, #9086, #7819, #10354, #5535, #6212, #6263, #5755, #725, #4286, #7326, #3419, #1288, #4890 ) ) ;
#4788 = ORIENTED_EDGE ( 'NONE', *, *, #1360, .F. ) ;
#4789 = CARTESIAN_POINT ( 'NONE',  ( -6.000000000000002665, 3.270000000000000018, 9.340000000000008740 ) ) ;
#4790 = CARTESIAN_POINT ( 'NONE',  ( 1.290000000000000036, 3.270000000000000018, -5.279999999999999361 ) ) ;
#4791 = VECTOR ( 'NONE', #10012, 1000.000000000000000 ) ;
#4792 = LINE ( 'NONE', #7252, #7311 ) ;
#4793 = CLOSED_SHELL ( 'NONE', ( #9402, #5799, #6252, #1413, #9562 ) ) ;
#4794 = CARTESIAN_POINT ( 'NONE',  ( 7.620000000000057838, 4.721281787984062284, -3.301999999999994717 ) ) ;
#4795 = DIRECTION ( 'NONE',  ( 0.000000000000000000, 1.000000000000000000, -0.000000000000000000 ) ) ;
#4796 = ORIENTED_EDGE ( 'NONE', *, *, #5488, .F. ) ;
#4797 = AXIS2_PLACEMENT_3D ( 'NONE', #7638, #2087, #5304 ) ;
#4798 = VECTOR ( 'NONE', #1965, 1000.000000000000000 ) ;
#4799 = DIRECTION ( 'NONE',  ( 0.000000000000000000, 1.000000000000000000, -0.000000000000000000 ) ) ;
#4800 = VERTEX_POINT ( 'NONE', #9903 ) ;
#4801 = CARTESIAN_POINT ( 'NONE',  ( 9.500000000000000000, 0.000000000000000000, 0.000000000000000000 ) ) ;
#4802 = VERTEX_POINT ( 'NONE', #3641 ) ;
#4803 = VECTOR ( 'NONE', #5938, 1000.000000000000000 ) ;
#4804 = FILL_AREA_STYLE_COLOUR ( '', #5379 ) ;
#4805 = VECTOR ( 'NONE', #2303, 1000.000000000000000 ) ;
#4806 = VECTOR ( 'NONE', #9645, 1000.000000000000000 ) ;
#4807 = EDGE_CURVE ( 'NONE', #815, #5398, #2747, .T. ) ;
#4808 = DIRECTION ( 'NONE',  ( -0.000000000000000000, -1.000000000000000000, -0.000000000000000000 ) ) ;
#4809 = CARTESIAN_POINT ( 'NONE',  ( -9.499999999999996447, 1.600000000000000089, 0.000000000000000000 ) ) ;
#4810 = EDGE_CURVE ( 'NONE', #9173, #5911, #3745, .T. ) ;
#4811 = CIRCLE ( 'NONE', #8483, 0.8000000000000003775 ) ;
#4812 = CIRCLE ( 'NONE', #5655, 0.1000000000000002554 ) ;
#4813 = DIRECTION ( 'NONE',  ( 0.000000000000000000, 1.000000000000000000, 0.000000000000000000 ) ) ;
#4814 = EDGE_LOOP ( 'NONE', ( #1236, #7744, #7027, #3600 ) ) ;
#4815 = CARTESIAN_POINT ( 'NONE',  ( -7.619999999999845564, 0.000000000000000000, 5.842000000000001414 ) ) ;
#4816 = ORIENTED_EDGE ( 'NONE', *, *, #6924, .T. ) ;
#4817 = ORIENTED_EDGE ( 'NONE', *, *, #10062, .T. ) ;
#4818 = EDGE_CURVE ( 'NONE', #6475, #1301, #6942, .T. ) ;
#4819 = PRESENTATION_LAYER_ASSIGNMENT (  '', '', ( #7985 ) ) ;
#4820 = AXIS2_PLACEMENT_3D ( 'NONE', #8335, #8495, #7712 ) ;
#4821 = DIRECTION ( 'NONE',  ( -0.000000000000000000, -1.000000000000000000, -0.000000000000000000 ) ) ;
#4822 = DIRECTION ( 'NONE',  ( 0.000000000000000000, 1.000000000000000000, -0.000000000000000000 ) ) ;
#4823 = ADVANCED_FACE ( 'NONE', ( #6784 ), #6894, .F. ) ;
#4824 = LINE ( 'NONE', #743, #5136 ) ;
#4825 = CARTESIAN_POINT ( 'NONE',  ( -9.499999999999893419, 4.721281787984062284, 1.270000000000000240 ) ) ;
#4826 = LINE ( 'NONE', #159, #234 ) ;
#4827 = VECTOR ( 'NONE', #9364, 1000.000000000000000 ) ;
#4828 = LINE ( 'NONE', #7035, #7075 ) ;
#4829 = DIRECTION ( 'NONE',  ( 0.000000000000000000, 0.000000000000000000, -1.000000000000000000 ) ) ;
#4830 =( NAMED_UNIT ( * ) PLANE_ANGLE_UNIT ( ) SI_UNIT ( $, .RADIAN. ) );
#4831 = CIRCLE ( 'NONE', #1318, 0.5079999999999997851 ) ;
#4832 = PLANE ( 'NONE',  #5986 ) ;
#4833 = ORIENTED_EDGE ( 'NONE', *, *, #9212, .F. ) ;
#4834 = EDGE_CURVE ( 'NONE', #1648, #1018, #2174, .T. ) ;
#4835 = CARTESIAN_POINT ( 'NONE',  ( -9.500000000000000000, 0.000000000000000000, 6.857999999999999652 ) ) ;
#4836 = ORIENTED_EDGE ( 'NONE', *, *, #984, .F. ) ;
#4837 = ORIENTED_EDGE ( 'NONE', *, *, #2251, .F. ) ;
#4838 = AXIS2_PLACEMENT_3D ( 'NONE', #6629, #494, #9053 ) ;
#4839 = CARTESIAN_POINT ( 'NONE',  ( 3.219999999999999751, 1.600000000000000089, -9.479999999999995097 ) ) ;
#4840 = DIRECTION ( 'NONE',  ( 0.000000000000000000, 0.000000000000000000, -1.000000000000000000 ) ) ;
#4841 = EDGE_CURVE ( 'NONE', #1009, #2920, #2905, .T. ) ;
#4842 = DIRECTION ( 'NONE',  ( 1.000000000000000000, -0.000000000000000000, 0.000000000000000000 ) ) ;
#4843 = DIRECTION ( 'NONE',  ( 0.000000000000000000, 0.000000000000000000, -1.000000000000000000 ) ) ;
#4844 = ORIENTED_EDGE ( 'NONE', *, *, #6901, .F. ) ;
#4845 = ORIENTED_EDGE ( 'NONE', *, *, #2241, .F. ) ;
#4846 = VECTOR ( 'NONE', #6279, 1000.000000000000000 ) ;
#4847 = MECHANICAL_DESIGN_GEOMETRIC_PRESENTATION_REPRESENTATION (  '', ( #1491 ), #2669 ) ;
#4848 = VERTEX_POINT ( 'NONE', #8397 ) ;
#4849 = EDGE_LOOP ( 'NONE', ( #4209, #4150, #8234, #9483 ) ) ;
#4850 = CARTESIAN_POINT ( 'NONE',  ( -7.619999999999975238, 4.721281787984062284, -6.349999999999999645 ) ) ;
#4851 = LINE ( 'NONE', #5702, #5183 ) ;
#4852 = CARTESIAN_POINT ( 'NONE',  ( -6.000000000000001776, 3.270000000000000018, -9.390000000000000568 ) ) ;
#4853 = AXIS2_PLACEMENT_3D ( 'NONE', #9935, #1996, #8375 ) ;
#4854 = ADVANCED_FACE ( 'NONE', ( #10015 ), #4478, .F. ) ;
#4855 = LINE ( 'NONE', #6484, #2281 ) ;
#4856 = CARTESIAN_POINT ( 'NONE',  ( 9.500000000000000000, 4.721281787984062284, -0.4700000000000012501 ) ) ;
#4857 = LINE ( 'NONE', #8041, #6182 ) ;
#4858 = ORIENTED_EDGE ( 'NONE', *, *, #2065, .F. ) ;
#4860 = CARTESIAN_POINT ( 'NONE',  ( 7.620000000000164420, 0.000000000000000000, 6.349999999999999645 ) ) ;
#4859 = AXIS2_PLACEMENT_3D ( 'NONE', #9397, #4862, #2345 ) ;
#4861 = ORIENTED_EDGE ( 'NONE', *, *, #3507, .T. ) ;
#4862 = DIRECTION ( 'NONE',  ( 1.000000000000000000, -0.000000000000000000, -1.365923996832131856E-16 ) ) ;
#4863 = DIRECTION ( 'NONE',  ( -1.000000000000000000, 0.000000000000000000, -0.000000000000000000 ) ) ;
#4864 =( NAMED_UNIT ( * ) PLANE_ANGLE_UNIT ( ) SI_UNIT ( $, .RADIAN. ) );
#4865 = CARTESIAN_POINT ( 'NONE',  ( 7.620000000000084484, 0.000000000000000000, -1.778000000000003133 ) ) ;
#4866 = MANIFOLD_SOLID_BREP ( 'Boss-Extrude7[6]', #8784 ) ;
#4867 = LINE ( 'NONE', #8050, #7315 ) ;
#4868 = DIRECTION ( 'NONE',  ( 1.000000000000000000, 0.000000000000000000, -0.000000000000000000 ) ) ;
#4869 = ORIENTED_EDGE ( 'NONE', *, *, #8972, .T. ) ;
#4870 = VERTEX_POINT ( 'NONE', #10274 ) ;
#4871 = ADVANCED_FACE ( 'NONE', ( #3111 ), #6324, .F. ) ;
#4872 = EDGE_CURVE ( 'NONE', #667, #5939, #5682, .T. ) ;
#4873 = DIRECTION ( 'NONE',  ( 0.000000000000000000, 1.000000000000000000, -0.000000000000000000 ) ) ;
#4874 = CARTESIAN_POINT ( 'NONE',  ( -9.500000000000000000, 4.721281787984062284, -3.301999999999999602 ) ) ;
#4875 = SURFACE_STYLE_USAGE ( .BOTH. , #4191 ) ;
#4876 = DIRECTION ( 'NONE',  ( -0.000000000000000000, -1.000000000000000000, -0.000000000000000000 ) ) ;
#4877 = CYLINDRICAL_SURFACE ( 'NONE', #9587, 0.1999999999999996503 ) ;
#4878 = SURFACE_STYLE_USAGE ( .BOTH. , #7483 ) ;
#4879 = CARTESIAN_POINT ( 'NONE',  ( 7.620000000000162643, 1.599999999999999867, 6.858000000000008534 ) ) ;
#4880 = DIRECTION ( 'NONE',  ( -0.000000000000000000, -1.000000000000000000, -0.000000000000000000 ) ) ;
#4881 = ORIENTED_EDGE ( 'NONE', *, *, #3862, .T. ) ;
#4882 = FACE_OUTER_BOUND ( 'NONE', #1530, .T. ) ;
#4883 = ORIENTED_EDGE ( 'NONE', *, *, #3870, .F. ) ;
#4884 = ORIENTED_EDGE ( 'NONE', *, *, #1873, .F. ) ;
#4885 = EDGE_CURVE ( 'NONE', #3801, #5916, #8164, .T. ) ;
#4886 = ORIENTED_EDGE ( 'NONE', *, *, #1265, .T. ) ;
#4887 = EDGE_CURVE ( 'NONE', #10178, #690, #2619, .T. ) ;
#4888 = CARTESIAN_POINT ( 'NONE',  ( -7.620000000000000107, 0.000000000000000000, 2.070000000000002505 ) ) ;
#4889 = CYLINDRICAL_SURFACE ( 'NONE', #6976, 0.2999999999999999334 ) ;
#4890 = ADVANCED_FACE ( 'NONE', ( #1686 ), #251, .F. ) ;
#4891 = DIRECTION ( 'NONE',  ( -2.478176394252596721E-15, -0.000000000000000000, 1.000000000000000000 ) ) ;
#4892 = CARTESIAN_POINT ( 'NONE',  ( -9.500000000000000000, 0.000000000000000000, 0.000000000000000000 ) ) ;
#4893 = DIRECTION ( 'NONE',  ( -0.000000000000000000, 0.000000000000000000, 1.000000000000000000 ) ) ;
#4894 = AXIS2_PLACEMENT_3D ( 'NONE', #5780, #6518, #1156 ) ;
#4895 = VECTOR ( 'NONE', #5706, 1000.000000000000000 ) ;
#4896 = EDGE_LOOP ( 'NONE', ( #3496, #735, #4702, #3461 ) ) ;
#4897 = VERTEX_POINT ( 'NONE', #4879 ) ;
#4898 = VERTEX_POINT ( 'NONE', #849 ) ;
#4899 = ORIENTED_EDGE ( 'NONE', *, *, #5590, .T. ) ;
#4900 = EDGE_CURVE ( 'NONE', #9819, #7963, #2109, .T. ) ;
#4901 = DIRECTION ( 'NONE',  ( 1.000000000000000000, 0.000000000000000000, -0.000000000000000000 ) ) ;
#4902 = MANIFOLD_SOLID_BREP ( 'Boss-Extrude4', #3454 ) ;
#4903 = VECTOR ( 'NONE', #3935, 1000.000000000000000 ) ;
#4904 = LINE ( 'NONE', #869, #3973 ) ;
#4905 = PLANE ( 'NONE',  #2450 ) ;
#4906 = CARTESIAN_POINT ( 'NONE',  ( 7.620000000000000107, 0.000000000000000000, -0.4699999999999986411 ) ) ;
#4907 = CARTESIAN_POINT ( 'NONE',  ( 3.969999999999999751, 3.000000000000000000, -8.209999999999995524 ) ) ;
#4908 = VERTEX_POINT ( 'NONE', #947 ) ;
#4909 = AXIS2_PLACEMENT_3D ( 'NONE', #5508, #7065, #5405 ) ;
#4910 = ORIENTED_EDGE ( 'NONE', *, *, #10107, .F. ) ;
#4911 = CARTESIAN_POINT ( 'NONE',  ( 9.500000000000000000, 1.599999999999999867, -7.150000000000001243 ) ) ;
#4912 = ORIENTED_EDGE ( 'NONE', *, *, #6864, .T. ) ;
#4913 = VERTEX_POINT ( 'NONE', #4145 ) ;
#4914 = EDGE_CURVE ( 'NONE', #3390, #504, #3254, .T. ) ;
#4915 =( NAMED_UNIT ( * ) PLANE_ANGLE_UNIT ( ) SI_UNIT ( $, .RADIAN. ) );
#4916 = LINE ( 'NONE', #3345, #8172 ) ;
#4917 = MANIFOLD_SOLID_BREP ( 'Boss-Extrude7[15]', #6476 ) ;
#4918 = PLANE ( 'NONE',  #7981 ) ;
#4919 = ORIENTED_EDGE ( 'NONE', *, *, #9307, .F. ) ;
#4920 = ORIENTED_EDGE ( 'NONE', *, *, #6103, .T. ) ;
#4921 = EDGE_CURVE ( 'NONE', #3631, #9250, #4243, .T. ) ;
#4922 = DIRECTION ( 'NONE',  ( 0.000000000000000000, 1.000000000000000000, -0.000000000000000000 ) ) ;
#4923 = DIRECTION ( 'NONE',  ( 0.000000000000000000, 0.000000000000000000, -1.000000000000000000 ) ) ;
#4925 = FACE_OUTER_BOUND ( 'NONE', #5963, .T. ) ;
#4924 = CIRCLE ( 'NONE', #3587, 0.5080000000000050031 ) ;
#4926 = CARTESIAN_POINT ( 'NONE',  ( -6.049999999999999822, 3.270000000000000018, -9.340000000000003411 ) ) ;
#4927 = DIRECTION ( 'NONE',  ( -1.000000000000000000, 0.000000000000000000, 0.000000000000000000 ) ) ;
#4928 =( NAMED_UNIT ( * ) SI_UNIT ( $, .STERADIAN. ) SOLID_ANGLE_UNIT ( ) );
#4929 = LINE ( 'NONE', #4351, #3050 ) ;
#4930 = DIRECTION ( 'NONE',  ( 0.000000000000000000, 0.000000000000000000, -1.000000000000000000 ) ) ;
#4931 = DIRECTION ( 'NONE',  ( -1.000000000000000000, 0.000000000000000000, 1.384087879768729216E-15 ) ) ;
#4932 = EDGE_LOOP ( 'NONE', ( #33, #2355, #6451, #4083 ) ) ;
#4933 = DIRECTION ( 'NONE',  ( -1.000000000000000000, -0.000000000000000000, -0.000000000000000000 ) ) ;
#4934 = ORIENTED_EDGE ( 'NONE', *, *, #9457, .F. ) ;
#4935 = ORIENTED_EDGE ( 'NONE', *, *, #8805, .F. ) ;
#4936 = ADVANCED_FACE ( 'NONE', ( #4352 ), #3673, .F. ) ;
#4937 = VECTOR ( 'NONE', #5200, 1000.000000000000000 ) ;
#4938 = ORIENTED_EDGE ( 'NONE', *, *, #5875, .F. ) ;
#4939 = AXIS2_PLACEMENT_3D ( 'NONE', #3456, #4349, #8256 ) ;
#4940 = CYLINDRICAL_SURFACE ( 'NONE', #4010, 0.2000000000000005107 ) ;
#4941 = DIRECTION ( 'NONE',  ( -1.000000000000000000, 0.000000000000000000, 1.365923996832131856E-16 ) ) ;
#4942 = DIRECTION ( 'NONE',  ( 1.000000000000000000, -0.000000000000000000, 0.000000000000000000 ) ) ;
#4943 = DIRECTION ( 'NONE',  ( -0.000000000000000000, -1.000000000000000000, -0.000000000000000000 ) ) ;
#4944 = COLOUR_RGB ( '',1.000000000000000000, 0.8117647058823529438, 0.5019607843137254832 ) ;
#4945 = DIRECTION ( 'NONE',  ( 0.000000000000000000, 0.000000000000000000, -1.000000000000000000 ) ) ;
#4946 = ADVANCED_FACE ( 'NONE', ( #2091 ), #8369, .F. ) ;
#4947 = EDGE_CURVE ( 'NONE', #7002, #4802, #7534, .T. ) ;
#4948 =( GEOMETRIC_REPRESENTATION_CONTEXT ( 3 ) GLOBAL_UNCERTAINTY_ASSIGNED_CONTEXT ( ( #5330 ) ) GLOBAL_UNIT_ASSIGNED_CONTEXT ( ( #2230, #7729, #1296 ) ) REPRESENTATION_CONTEXT ( 'NONE', 'WORKASPACE' ) );
#4949 = ORIENTED_EDGE ( 'NONE', *, *, #456, .F. ) ;
#4950 = VERTEX_POINT ( 'NONE', #3459 ) ;
#4951 = ORIENTED_EDGE ( 'NONE', *, *, #683, .F. ) ;
#4952 = EDGE_CURVE ( 'NONE', #1919, #8809, #5339, .T. ) ;
#4953 = ORIENTED_EDGE ( 'NONE', *, *, #4762, .F. ) ;
#4954 = CARTESIAN_POINT ( 'NONE',  ( 6.000000000000001776, 2.970000000000000195, -4.630000000000001670 ) ) ;
#4955 = CIRCLE ( 'NONE', #1763, 0.7999999999999994893 ) ;
#4956 = DIRECTION ( 'NONE',  ( 0.000000000000000000, 0.000000000000000000, -1.000000000000000000 ) ) ;
#4957 = CARTESIAN_POINT ( 'NONE',  ( -9.500000000000000000, 4.721281787984062284, 1.778000000000000469 ) ) ;
#4958 = CARTESIAN_POINT ( 'NONE',  ( 7.620000000000032081, 1.599999999999999867, -6.858000000000003205 ) ) ;
#4959 = EDGE_CURVE ( 'NONE', #7611, #9509, #8425, .T. ) ;
#4960 = CARTESIAN_POINT ( 'NONE',  ( -6.049999999999999822, 3.270000000000000018, 9.340000000000008740 ) ) ;
#4961 = ORIENTED_EDGE ( 'NONE', *, *, #2446, .T. ) ;
#4962 = EDGE_CURVE ( 'NONE', #6505, #3843, #359, .T. ) ;
#4963 = DIRECTION ( 'NONE',  ( -0.000000000000000000, -1.000000000000000000, -0.000000000000000000 ) ) ;
#4964 = ORIENTED_EDGE ( 'NONE', *, *, #2899, .T. ) ;
#4965 = ORIENTED_EDGE ( 'NONE', *, *, #6883, .F. ) ;
#4966 = AXIS2_PLACEMENT_3D ( 'NONE', #7907, #6462, #7083 ) ;
#4967 = PLANE ( 'NONE',  #5363 ) ;
#4968 = DIRECTION ( 'NONE',  ( -0.000000000000000000, -1.000000000000000000, -0.000000000000000000 ) ) ;
#4969 = AXIS2_PLACEMENT_3D ( 'NONE', #9375, #7717, #1229 ) ;
#4970 = ADVANCED_FACE ( 'NONE', ( #5085 ), #5308, .T. ) ;
#4971 = DIRECTION ( 'NONE',  ( 0.000000000000000000, 0.000000000000000000, -1.000000000000000000 ) ) ;
#4972 = EDGE_LOOP ( 'NONE', ( #3749, #10151, #1424, #10121 ) ) ;
#4973 = ORIENTED_EDGE ( 'NONE', *, *, #5808, .F. ) ;
#4974 = EDGE_LOOP ( 'NONE', ( #4934, #7419, #9634, #5836 ) ) ;
#4975 = VECTOR ( 'NONE', #9554, 1000.000000000000000 ) ;
#4976 = CARTESIAN_POINT ( 'NONE',  ( 4.719999999999999751, 1.750000000000000000, -9.979999999999996874 ) ) ;
#4977 = VECTOR ( 'NONE', #409, 1000.000000000000000 ) ;
#4978 = VECTOR ( 'NONE', #2647, 1000.000000000000000 ) ;
#4979 = VECTOR ( 'NONE', #422, 1000.000000000000000 ) ;
#4980 = CARTESIAN_POINT ( 'NONE',  ( 7.620000000000135998, 1.599999999999999867, 4.318000000000007610 ) ) ;
#4981 = FACE_OUTER_BOUND ( 'NONE', #899, .T. ) ;
#4982 = EDGE_CURVE ( 'NONE', #4512, #211, #2040, .T. ) ;
#4983 = CARTESIAN_POINT ( 'NONE',  ( 9.500000000000000000, 4.721281787984062284, 0.000000000000000000 ) ) ;
#4984 = DIRECTION ( 'NONE',  ( 1.365923996832131856E-16, -0.000000000000000000, 1.000000000000000000 ) ) ;
#4985 = VECTOR ( 'NONE', #1770, 1000.000000000000000 ) ;
#4986 = LINE ( 'NONE', #5887, #9686 ) ;
#4987 = LINE ( 'NONE', #9085, #6900 ) ;
#4988 = VECTOR ( 'NONE', #5016, 1000.000000000000000 ) ;
#4989 = FILL_AREA_STYLE_COLOUR ( '', #6639 ) ;
#4990 = CYLINDRICAL_SURFACE ( 'NONE', #3292, 0.7999999999999986011 ) ;
#4991 = ORIENTED_EDGE ( 'NONE', *, *, #4442, .T. ) ;
#4992 = DIRECTION ( 'NONE',  ( 1.000000000000000000, 0.000000000000000000, 0.000000000000000000 ) ) ;
#4993 = VERTEX_POINT ( 'NONE', #7641 ) ;
#4994 = ORIENTED_EDGE ( 'NONE', *, *, #4914, .F. ) ;
#4995 = AXIS2_PLACEMENT_3D ( 'NONE', #9817, #2665, #1869 ) ;
#4996 = CARTESIAN_POINT ( 'NONE',  ( 0.000000000000000000, 1.600000000000000089, 3.010000000000002451 ) ) ;
#4997 = DIRECTION ( 'NONE',  ( 1.000000000000000000, 0.000000000000000000, 0.000000000000000000 ) ) ;
#4998 = CIRCLE ( 'NONE', #3152, 0.7999999999999986011 ) ;
#4999 = AXIS2_PLACEMENT_3D ( 'NONE', #5400, #1557, #6960 ) ;
#5000 = FACE_OUTER_BOUND ( 'NONE', #1977, .T. ) ;
#5001 = LINE ( 'NONE', #4892, #8917 ) ;
#5002 = CARTESIAN_POINT ( 'NONE',  ( 3.969999999999999751, 2.682500000000000107, -8.209999999999995524 ) ) ;
#5003 = ORIENTED_EDGE ( 'NONE', *, *, #272, .F. ) ;
#5004 = EDGE_LOOP ( 'NONE', ( #5764, #5121 ) ) ;
#5005 = VECTOR ( 'NONE', #376, 1000.000000000000000 ) ;
#5006 = VERTEX_POINT ( 'NONE', #473 ) ;
#5007 = CARTESIAN_POINT ( 'NONE',  ( -7.619999999999870433, 4.721281787984062284, 4.318000000000003169 ) ) ;
#5008 = ADVANCED_FACE ( 'NONE', ( #9831 ), #5146, .F. ) ;
#5009 = MANIFOLD_SOLID_BREP ( 'Boss-Extrude7[12]', #4457 ) ;
#5010 = DIRECTION ( 'NONE',  ( -1.186541365237213826E-16, 0.000000000000000000, -1.000000000000000000 ) ) ;
#5011 = CARTESIAN_POINT ( 'NONE',  ( 9.500000000000000000, 4.721281787984062284, -3.810000000000000053 ) ) ;
#5012 = ADVANCED_FACE ( 'NONE', ( #1157 ), #5991, .F. ) ;
#5013 = AXIS2_PLACEMENT_3D ( 'NONE', #7913, #6374, #4685 ) ;
#5014 = CARTESIAN_POINT ( 'NONE',  ( -7.620000000000000107, 0.000000000000000000, -2.069999999999998508 ) ) ;
#5015 = VECTOR ( 'NONE', #10293, 1000.000000000000000 ) ;
#5016 = DIRECTION ( 'NONE',  ( -0.000000000000000000, -1.000000000000000000, -0.000000000000000000 ) ) ;
#5017 = ORIENTED_EDGE ( 'NONE', *, *, #2023, .T. ) ;
#5018 = ORIENTED_EDGE ( 'NONE', *, *, #10252, .T. ) ;
#5019 = DIRECTION ( 'NONE',  ( 1.000000000000000000, -0.000000000000000000, -1.365923996832131363E-16 ) ) ;
#5020 = ORIENTED_EDGE ( 'NONE', *, *, #390, .T. ) ;
#5021 = AXIS2_PLACEMENT_3D ( 'NONE', #4976, #2766, #9762 ) ;
#5022 = EDGE_CURVE ( 'NONE', #6145, #7918, #8011, .T. ) ;
#5023 = ADVANCED_FACE ( 'NONE', ( #6457 ), #1471, .F. ) ;
#5024 = LINE ( 'NONE', #6595, #672 ) ;
#5025 = PLANE ( 'NONE',  #8274 ) ;
#5026 = CIRCLE ( 'NONE', #6221, 0.5080000000000045590 ) ;
#5027 = CARTESIAN_POINT ( 'NONE',  ( 9.500000000000000000, 1.599999999999999867, 5.841999999999999638 ) ) ;
#5028 = EDGE_LOOP ( 'NONE', ( #8413, #3103, #2430, #4106 ) ) ;
#5029 = ORIENTED_EDGE ( 'NONE', *, *, #595, .F. ) ;
#5030 = VERTEX_POINT ( 'NONE', #7902 ) ;
#5031 = PLANE ( 'NONE',  #9667 ) ;
#5032 = EDGE_CURVE ( 'NONE', #6490, #1364, #1682, .T. ) ;
#5033 = CIRCLE ( 'NONE', #514, 0.8000000000000012657 ) ;
#5034 = DIRECTION ( 'NONE',  ( 0.000000000000000000, 0.000000000000000000, -1.000000000000000000 ) ) ;
#5035 = DIRECTION ( 'NONE',  ( 0.000000000000000000, 0.000000000000000000, 1.000000000000000000 ) ) ;
#5036 = CARTESIAN_POINT ( 'NONE',  ( -9.500000000000000000, 4.721281787984062284, 6.857999999999999652 ) ) ;
#5037 = DIRECTION ( 'NONE',  ( -1.000000000000000000, 0.000000000000000000, 0.000000000000000000 ) ) ;
#5038 = FACE_OUTER_BOUND ( 'NONE', #3771, .T. ) ;
#5039 = DIRECTION ( 'NONE',  ( -0.000000000000000000, -1.000000000000000000, -0.000000000000000000 ) ) ;
#5040 = CARTESIAN_POINT ( 'NONE',  ( -9.499999999999996447, 0.000000000000000000, -5.549999999999998934 ) ) ;
#5041 = ORIENTED_EDGE ( 'NONE', *, *, #619, .T. ) ;
#5042 = LINE ( 'NONE', #8168, #9320 ) ;
#5043 = ORIENTED_EDGE ( 'NONE', *, *, #8672, .T. ) ;
#5044 = VERTEX_POINT ( 'NONE', #1526 ) ;
#5045 = DIRECTION ( 'NONE',  ( -0.000000000000000000, -1.000000000000000000, -0.000000000000000000 ) ) ;
#5046 = ADVANCED_FACE ( 'NONE', ( #4767 ), #5620, .F. ) ;
#5047 = CARTESIAN_POINT ( 'NONE',  ( 7.620000000000000107, 4.721281787984062284, 3.010000000000002451 ) ) ;
#5048 = CARTESIAN_POINT ( 'NONE',  ( 7.620000000000007212, 1.599999999999999867, -9.397999999999999687 ) ) ;
#5049 = CARTESIAN_POINT ( 'NONE',  ( 0.000000000000000000, 1.600000000000000089, 0.000000000000000000 ) ) ;
#5050 =( NAMED_UNIT ( * ) SI_UNIT ( $, .STERADIAN. ) SOLID_ANGLE_UNIT ( ) );
#5051 = DIRECTION ( 'NONE',  ( 1.000000000000000000, 0.000000000000000000, -0.000000000000000000 ) ) ;
#5052 = ORIENTED_EDGE ( 'NONE', *, *, #9853, .F. ) ;
#5053 = EDGE_LOOP ( 'NONE', ( #5710, #9681, #2652, #5117 ) ) ;
#5054 = DIRECTION ( 'NONE',  ( 1.366641393889291440E-16, -0.000000000000000000, 1.000000000000000000 ) ) ;
#5055 = CIRCLE ( 'NONE', #4894, 0.1999999999999996503 ) ;
#5056 = VECTOR ( 'NONE', #5971, 1000.000000000000000 ) ;
#5057 = DIRECTION ( 'NONE',  ( -1.384087879768729216E-15, 0.000000000000000000, -1.000000000000000000 ) ) ;
#5058 = CARTESIAN_POINT ( 'NONE',  ( 7.620000000000110241, 0.000000000000000000, 0.7619999999999956808 ) ) ;
#5059 = CARTESIAN_POINT ( 'NONE',  ( 9.500000000000000000, 4.721281787984062284, 2.070000000000002505 ) ) ;
#5060 = ORIENTED_EDGE ( 'NONE', *, *, #9179, .F. ) ;
#5061 = EDGE_LOOP ( 'NONE', ( #3760, #461, #387, #2653 ) ) ;
#5062 = CARTESIAN_POINT ( 'NONE',  ( 6.349999999999999645, 2.970000000000000639, -4.580000000000003624 ) ) ;
#5063 = EDGE_LOOP ( 'NONE', ( #1714, #4353, #9533, #4012 ) ) ;
#5064 = ORIENTED_EDGE ( 'NONE', *, *, #6621, .F. ) ;
#5065 = ADVANCED_FACE ( 'NONE', ( #647 ), #9461, .F. ) ;
#5066 = LINE ( 'NONE', #7414, #9351 ) ;
#5067 = DIRECTION ( 'NONE',  ( 0.000000000000000000, 1.000000000000000000, -0.000000000000000000 ) ) ;
#5068 = DIRECTION ( 'NONE',  ( 0.000000000000000000, 0.000000000000000000, 1.000000000000000000 ) ) ;
#5069 = VECTOR ( 'NONE', #5984, 1000.000000000000000 ) ;
#5070 = ORIENTED_EDGE ( 'NONE', *, *, #3696, .F. ) ;
#5071 = EDGE_CURVE ( 'NONE', #9116, #6934, #4824, .T. ) ;
#5072 = LINE ( 'NONE', #8244, #8652 ) ;
#5073 = EDGE_CURVE ( 'NONE', #9987, #431, #5677, .T. ) ;
#5074 = ORIENTED_EDGE ( 'NONE', *, *, #7936, .F. ) ;
#5075 = VERTEX_POINT ( 'NONE', #3933 ) ;
#5076 = VERTEX_POINT ( 'NONE', #790 ) ;
#5077 = EDGE_CURVE ( 'NONE', #8349, #3261, #7033, .T. ) ;
#5078 = LINE ( 'NONE', #6087, #671 ) ;
#5079 = CARTESIAN_POINT ( 'NONE',  ( -9.500000000000000000, 0.000000000000000000, 1.778000000000000469 ) ) ;
#5080 =( NAMED_UNIT ( * ) SI_UNIT ( $, .STERADIAN. ) SOLID_ANGLE_UNIT ( ) );
#5081 = LINE ( 'NONE', #9193, #1285 ) ;
#5082 = DIRECTION ( 'NONE',  ( 0.000000000000000000, 1.000000000000000000, -0.000000000000000000 ) ) ;
#5083 = DIRECTION ( 'NONE',  ( 0.000000000000000000, 0.000000000000000000, -1.000000000000000000 ) ) ;
#5084 = CARTESIAN_POINT ( 'NONE',  ( 1.939999999999998170, 1.600000000000000755, -4.730000000000001315 ) ) ;
#5085 = FACE_OUTER_BOUND ( 'NONE', #9187, .T. ) ;
#5086 = EDGE_CURVE ( 'NONE', #3465, #9453, #2255, .T. ) ;
#5087 = CARTESIAN_POINT ( 'NONE',  ( 7.620000000000000107, 0.000000000000000000, -4.610000000000000320 ) ) ;
#5088 = ORIENTED_EDGE ( 'NONE', *, *, #3549, .T. ) ;
#5089 = DIRECTION ( 'NONE',  ( 1.000000000000000000, -0.000000000000000000, 0.000000000000000000 ) ) ;
#5090 = ORIENTED_EDGE ( 'NONE', *, *, #6121, .T. ) ;
#5091 = VERTEX_POINT ( 'NONE', #8842 ) ;
#5092 = MANIFOLD_SOLID_BREP ( 'Boss-Extrude5[3]', #3956 ) ;
#5093 = EDGE_CURVE ( 'NONE', #4297, #4537, #273, .T. ) ;
#5094 = DIRECTION ( 'NONE',  ( -0.000000000000000000, -1.000000000000000000, -0.000000000000000000 ) ) ;
#5095 = DIRECTION ( 'NONE',  ( 0.000000000000000000, 0.000000000000000000, 1.000000000000000000 ) ) ;
#5096 = DIRECTION ( 'NONE',  ( 1.000000000000000000, -0.000000000000000000, 0.000000000000000000 ) ) ;
#5097 = CARTESIAN_POINT ( 'NONE',  ( -7.619999999999842011, 0.000000000000000000, 6.349999999999999645 ) ) ;
#5098 = DIRECTION ( 'NONE',  ( -1.000000000000000000, 0.000000000000000000, 0.000000000000000000 ) ) ;
#5099 = DIRECTION ( 'NONE',  ( 0.000000000000000000, -0.000000000000000000, 1.000000000000000000 ) ) ;
#5100 = EDGE_CURVE ( 'NONE', #7806, #4800, #8738, .T. ) ;
#5101 = ORIENTED_EDGE ( 'NONE', *, *, #7691, .F. ) ;
#5102 = VECTOR ( 'NONE', #5983, 1000.000000000000000 ) ;
#5103 = LINE ( 'NONE', #9542, #9314 ) ;
#5104 = AXIS2_PLACEMENT_3D ( 'NONE', #5730, #5678, #7228 ) ;
#5105 = ORIENTED_EDGE ( 'NONE', *, *, #5994, .T. ) ;
#5106 = LINE ( 'NONE', #9104, #8825 ) ;
#5107 = MANIFOLD_SOLID_BREP ( 'Boss-Extrude7[1]', #6144 ) ;
#5108 = LINE ( 'NONE', #378, #9808 ) ;
#5109 = CIRCLE ( 'NONE', #4097, 0.7999999999999986011 ) ;
#5110 = UNCERTAINTY_MEASURE_WITH_UNIT (LENGTH_MEASURE( 1.000000000000000082E-05 ), #7970, 'distance_accuracy_value', 'NONE');
#5111 = AXIS2_PLACEMENT_3D ( 'NONE', #1313, #4505, #3719 ) ;
#5112 = CARTESIAN_POINT ( 'NONE',  ( 0.000000000000000000, 1.600000000000000089, 0.000000000000000000 ) ) ;
#5113 = DIRECTION ( 'NONE',  ( 0.000000000000000000, 1.000000000000000000, -0.000000000000000000 ) ) ;
#5114 = CARTESIAN_POINT ( 'NONE',  ( -9.499999999999996447, 1.600000000000000089, -2.069999999999998508 ) ) ;
#5115 = DIRECTION ( 'NONE',  ( 1.000000000000000000, 0.000000000000000000, 0.000000000000000000 ) ) ;
#5116 = EDGE_CURVE ( 'NONE', #491, #8090, #5727, .T. ) ;
#5117 = ORIENTED_EDGE ( 'NONE', *, *, #855, .F. ) ;
#5118 = VERTEX_POINT ( 'NONE', #3 ) ;
#5119 = AXIS2_PLACEMENT_3D ( 'NONE', #5604, #4808, #2509 ) ;
#5120 = LINE ( 'NONE', #5914, #6488 ) ;
#5121 = ORIENTED_EDGE ( 'NONE', *, *, #7772, .F. ) ;
#5122 = VERTEX_POINT ( 'NONE', #96 ) ;
#5123 = VECTOR ( 'NONE', #6906, 1000.000000000000000 ) ;
#5124 = SURFACE_SIDE_STYLE ('',( #7462 ) ) ;
#5125 = CARTESIAN_POINT ( 'NONE',  ( 0.000000000000000000, 1.600000000000000089, 2.070000000000002505 ) ) ;
#5126 = PLANE ( 'NONE',  #9547 ) ;
#5127 = DIRECTION ( 'NONE',  ( 0.000000000000000000, 0.000000000000000000, -1.000000000000000000 ) ) ;
#5128 = MANIFOLD_SOLID_BREP ( 'Fillet1', #4793 ) ;
#5129 = ORIENTED_EDGE ( 'NONE', *, *, #595, .T. ) ;
#5130 = CARTESIAN_POINT ( 'NONE',  ( -7.619999999999921947, 0.000000000000000000, -1.270000000000000240 ) ) ;
#5131 = ORIENTED_EDGE ( 'NONE', *, *, #8957, .T. ) ;
#5132 = EDGE_LOOP ( 'NONE', ( #1051, #4949, #4796, #6532 ) ) ;
#5133 = ORIENTED_EDGE ( 'NONE', *, *, #1997, .T. ) ;
#5134 = CLOSED_SHELL ( 'NONE', ( #820, #5212, #8647, #9583, #3928, #3619, #10333, #4179, #5849, #6332 ) ) ;
#5135 = DIRECTION ( 'NONE',  ( 1.000000000000000000, 0.000000000000000000, -1.365923996832131609E-16 ) ) ;
#5136 = VECTOR ( 'NONE', #4675, 1000.000000000000000 ) ;
#5137 = AXIS2_PLACEMENT_3D ( 'NONE', #756, #5694, #7091 ) ;
#5138 = DIRECTION ( 'NONE',  ( 0.000000000000000000, 1.000000000000000000, -0.000000000000000000 ) ) ;
#5139 = VECTOR ( 'NONE', #2535, 1000.000000000000000 ) ;
#5140 = DIRECTION ( 'NONE',  ( -0.000000000000000000, -1.000000000000000000, -0.000000000000000000 ) ) ;
#5141 = DIRECTION ( 'NONE',  ( 1.365923996832137526E-16, 0.000000000000000000, 1.000000000000000000 ) ) ;
#5142 = EDGE_CURVE ( 'NONE', #7231, #2573, #2674, .T. ) ;
#5143 = FACE_OUTER_BOUND ( 'NONE', #3541, .T. ) ;
#5144 = FILL_AREA_STYLE_COLOUR ( '', #2167 ) ;
#5145 = DIRECTION ( 'NONE',  ( 0.000000000000000000, 1.000000000000000000, 0.000000000000000000 ) ) ;
#5146 = PLANE ( 'NONE',  #8315 ) ;
#5147 = CARTESIAN_POINT ( 'NONE',  ( -7.619999999999897078, 1.599999999999999867, 1.270000000000002016 ) ) ;
#5148 = ORIENTED_EDGE ( 'NONE', *, *, #2919, .F. ) ;
#5149 = STYLED_ITEM ( 'NONE', ( #1094 ), #5128 ) ;
#5150 = CIRCLE ( 'NONE', #625, 0.5080000000000015614 ) ;
#5151 = ORIENTED_EDGE ( 'NONE', *, *, #6224, .F. ) ;
#5152 = EDGE_LOOP ( 'NONE', ( #5003, #4747, #6724, #3580 ) ) ;
#5153 = MANIFOLD_SOLID_BREP ( 'Boss-Extrude1', #7630 ) ;
#5154 = CARTESIAN_POINT ( 'NONE',  ( 6.350000000000001421, 1.600000000000000755, 9.340000000000008740 ) ) ;
#5155 = AXIS2_PLACEMENT_3D ( 'NONE', #3924, #7115, #6597 ) ;
#5156 = VECTOR ( 'NONE', #4406, 1000.000000000000000 ) ;
#5157 = ADVANCED_FACE ( 'NONE', ( #2721 ), #3515, .F. ) ;
#5158 = CARTESIAN_POINT ( 'NONE',  ( 1.939999999999998170, 3.270000000000000018, -4.580000000000003624 ) ) ;
#5159 = AXIS2_PLACEMENT_3D ( 'NONE', #1267, #7653, #7751 ) ;
#5160 = FACE_OUTER_BOUND ( 'NONE', #4129, .T. ) ;
#5161 = AXIS2_PLACEMENT_3D ( 'NONE', #7719, #1232, #7610 ) ;
#5162 = LINE ( 'NONE', #142, #830 ) ;
#5163 = DIRECTION ( 'NONE',  ( 0.000000000000000000, 0.000000000000000000, 1.000000000000000000 ) ) ;
#5164 = EDGE_CURVE ( 'NONE', #4559, #8775, #5319, .T. ) ;
#5165 = DIRECTION ( 'NONE',  ( 0.000000000000000000, 1.000000000000000000, -0.000000000000000000 ) ) ;
#5166 = CARTESIAN_POINT ( 'NONE',  ( 7.620000000000000107, 1.600000000000000089, -5.549999999999998934 ) ) ;
#5167 = AXIS2_PLACEMENT_3D ( 'NONE', #4279, #398, #2713 ) ;
#5168 = AXIS2_PLACEMENT_3D ( 'NONE', #3202, #2360, #155 ) ;
#5169 = EDGE_LOOP ( 'NONE', ( #2684, #5414 ) ) ;
#5170 = PLANE ( 'NONE',  #3649 ) ;
#5171 = VERTEX_POINT ( 'NONE', #4504 ) ;
#5172 = MECHANICAL_DESIGN_GEOMETRIC_PRESENTATION_REPRESENTATION (  '', ( #7295 ), #5980 ) ;
#5173 = AXIS2_PLACEMENT_3D ( 'NONE', #9255, #8432, #7654 ) ;
#5174 = LINE ( 'NONE', #1179, #5514 ) ;
#5175 = ADVANCED_FACE ( 'NONE', ( #5201, #6043 ), #1151, .F. ) ;
#5176 = AXIS2_PLACEMENT_3D ( 'NONE', #5130, #3447, #9026 ) ;
#5177 = CARTESIAN_POINT ( 'NONE',  ( -7.620000000000000107, 1.599999999999999867, -8.090000000000001634 ) ) ;
#5178 = DIRECTION ( 'NONE',  ( 0.000000000000000000, 0.000000000000000000, -1.000000000000000000 ) ) ;
#5179 = CARTESIAN_POINT ( 'NONE',  ( -3.298742780115471021E-15, 1.600000000000000089, 7.149999999999999467 ) ) ;
#5180 = CARTESIAN_POINT ( 'NONE',  ( 1.389999999999999458, 29.71055027400083759, -9.340000000000003411 ) ) ;
#5181 = VERTEX_POINT ( 'NONE', #2037 ) ;
#5182 = ORIENTED_EDGE ( 'NONE', *, *, #7750, .F. ) ;
#5183 = VECTOR ( 'NONE', #1021, 1000.000000000000000 ) ;
#5184 = VECTOR ( 'NONE', #749, 1000.000000000000000 ) ;
#5185 = ORIENTED_EDGE ( 'NONE', *, *, #8711, .F. ) ;
#5186 = FACE_OUTER_BOUND ( 'NONE', #2223, .T. ) ;
#5187 = ORIENTED_EDGE ( 'NONE', *, *, #9832, .T. ) ;
#5188 = ORIENTED_EDGE ( 'NONE', *, *, #4107, .F. ) ;
#5189 = DIRECTION ( 'NONE',  ( 1.000000000000000000, -0.000000000000000000, 0.000000000000000000 ) ) ;
#5190 = EDGE_CURVE ( 'NONE', #5912, #3571, #1926, .T. ) ;
#5191 = DIRECTION ( 'NONE',  ( 0.000000000000000000, 0.000000000000000000, 1.000000000000000000 ) ) ;
#5192 = CYLINDRICAL_SURFACE ( 'NONE', #1165, 0.5080000000000006732 ) ;
#5193 = FILL_AREA_STYLE ('',( #3446 ) ) ;
#5194 = VERTEX_POINT ( 'NONE', #4347 ) ;
#5195 = DIRECTION ( 'NONE',  ( -0.000000000000000000, -1.000000000000000000, -0.000000000000000000 ) ) ;
#5196 = ORIENTED_EDGE ( 'NONE', *, *, #8388, .T. ) ;
#5197 = AXIS2_PLACEMENT_3D ( 'NONE', #1162, #1057, #8994 ) ;
#5198 = AXIS2_PLACEMENT_3D ( 'NONE', #3393, #6033, #6703 ) ;
#5199 = DIRECTION ( 'NONE',  ( 0.000000000000000000, -1.000000000000000000, -0.000000000000000000 ) ) ;
#5200 = DIRECTION ( 'NONE',  ( 1.000000000000000000, 0.000000000000000000, -1.384087879768729216E-15 ) ) ;
#5201 = FACE_OUTER_BOUND ( 'NONE', #710, .T. ) ;
#5202 = CARTESIAN_POINT ( 'NONE',  ( -6.349999999999999645, 1.600000000000000089, -9.690000000000001279 ) ) ;
#5203 = DIRECTION ( 'NONE',  ( -1.000000000000000000, 0.000000000000000000, 1.384087879768729216E-15 ) ) ;
#5204 = DIRECTION ( 'NONE',  ( -1.366641393889291440E-16, 0.000000000000000000, -1.000000000000000000 ) ) ;
#5205 = CARTESIAN_POINT ( 'NONE',  ( 0.000000000000000000, 4.721281787984062284, 8.090000000000003411 ) ) ;
#5206 = EDGE_LOOP ( 'NONE', ( #4257, #7410, #8166, #5941 ) ) ;
#5207 = ORIENTED_EDGE ( 'NONE', *, *, #8841, .F. ) ;
#5208 = ORIENTED_EDGE ( 'NONE', *, *, #9371, .T. ) ;
#5209 = STYLED_ITEM ( 'NONE', ( #1774 ), #8491 ) ;
#5210 = ORIENTED_EDGE ( 'NONE', *, *, #8270, .T. ) ;
#5211 = DIRECTION ( 'NONE',  ( -0.000000000000000000, -1.000000000000000000, -0.000000000000000000 ) ) ;
#5212 = ADVANCED_FACE ( 'NONE', ( #7530 ), #8124, .T. ) ;
#5213 = CARTESIAN_POINT ( 'NONE',  ( 6.000000000000002665, 3.270000000000000018, -7.119248191423285917E-16 ) ) ;
#5214 = LINE ( 'NONE', #6153, #10149 ) ;
#5215 = DIRECTION ( 'NONE',  ( -0.000000000000000000, -1.000000000000000000, -0.000000000000000000 ) ) ;
#5216 = CARTESIAN_POINT ( 'NONE',  ( -6.049999999999999822, 2.970000000000000195, -9.340000000000003411 ) ) ;
#5217 = PLANE ( 'NONE',  #8564 ) ;
#5218 = VERTEX_POINT ( 'NONE', #9243 ) ;
#5219 = DIRECTION ( 'NONE',  ( 0.000000000000000000, 0.000000000000000000, -1.000000000000000000 ) ) ;
#5220 = ADVANCED_FACE ( 'NONE', ( #1361 ), #4551, .F. ) ;
#5221 = VERTEX_POINT ( 'NONE', #10037 ) ;
#5222 = EDGE_CURVE ( 'NONE', #5458, #5848, #355, .T. ) ;
#5223 = EDGE_CURVE ( 'NONE', #9116, #4537, #5987, .T. ) ;
#5224 = DIRECTION ( 'NONE',  ( 1.000000000000000000, -0.000000000000000000, 0.000000000000000000 ) ) ;
#5225 = UNCERTAINTY_MEASURE_WITH_UNIT (LENGTH_MEASURE( 1.000000000000000082E-05 ), #6497, 'distance_accuracy_value', 'NONE');
#5226 = CARTESIAN_POINT ( 'NONE',  ( 0.000000000000000000, 1.599999999999999867, 8.090000000000003411 ) ) ;
#5227 = CARTESIAN_POINT ( 'NONE',  ( 6.000000000000001776, 3.270000000000000018, -4.630000000000001670 ) ) ;
#5228 = LINE ( 'NONE', #8395, #2061 ) ;
#5229 = DIRECTION ( 'NONE',  ( 0.000000000000000000, 1.000000000000000000, -0.000000000000000000 ) ) ;
#5230 = VERTEX_POINT ( 'NONE', #2877 ) ;
#5231 = ORIENTED_EDGE ( 'NONE', *, *, #5982, .T. ) ;
#5232 = EDGE_CURVE ( 'NONE', #2911, #3818, #6090, .T. ) ;
#5233 = VERTEX_POINT ( 'NONE', #572 ) ;
#5234 = LINE ( 'NONE', #3646, #5321 ) ;
#5235 = ORIENTED_EDGE ( 'NONE', *, *, #501, .T. ) ;
#5236 = VERTEX_POINT ( 'NONE', #520 ) ;
#5237 = ADVANCED_FACE ( 'NONE', ( #6964 ), #1985, .F. ) ;
#5238 = DIRECTION ( 'NONE',  ( -0.000000000000000000, -1.000000000000000000, -0.000000000000000000 ) ) ;
#5239 = VECTOR ( 'NONE', #8419, 1000.000000000000000 ) ;
#5240 = DIRECTION ( 'NONE',  ( 0.000000000000000000, 0.000000000000000000, -1.000000000000000000 ) ) ;
#5241 = DIRECTION ( 'NONE',  ( 0.000000000000000000, 1.000000000000000000, 0.000000000000000000 ) ) ;
#5242 = CARTESIAN_POINT ( 'NONE',  ( -6.049999999999999822, 3.270000000000000018, 9.340000000000008740 ) ) ;
#5243 = CARTESIAN_POINT ( 'NONE',  ( 0.000000000000000000, 0.000000000000000000, -5.549999999999998934 ) ) ;
#5244 = EDGE_LOOP ( 'NONE', ( #2803, #9471, #7475, #10205 ) ) ;
#5245 = CARTESIAN_POINT ( 'NONE',  ( 3.969999999999999751, 2.682500000000000107, -8.209999999999995524 ) ) ;
#5246 = EDGE_CURVE ( 'NONE', #7117, #346, #2928, .T. ) ;
#5247 = ORIENTED_EDGE ( 'NONE', *, *, #1583, .F. ) ;
#5248 = ORIENTED_EDGE ( 'NONE', *, *, #9676, .F. ) ;
#5249 = DIRECTION ( 'NONE',  ( 1.000000000000000000, 0.000000000000000000, 0.000000000000000000 ) ) ;
#5250 = AXIS2_PLACEMENT_3D ( 'NONE', #9942, #1270, #10162 ) ;
#5251 = CARTESIAN_POINT ( 'NONE',  ( 0.000000000000000000, 0.000000000000000000, 0.000000000000000000 ) ) ;
#5252 = CARTESIAN_POINT ( 'NONE',  ( 1.939999999999998170, 1.600000000000000755, -4.930000000000001492 ) ) ;
#5253 = DIRECTION ( 'NONE',  ( -1.365923996832131609E-16, 0.000000000000000000, -1.000000000000000000 ) ) ;
#5254 = DIRECTION ( 'NONE',  ( 0.000000000000000000, 1.000000000000000000, -0.000000000000000000 ) ) ;
#5255 = DIRECTION ( 'NONE',  ( 0.000000000000000000, 0.000000000000000000, 1.000000000000000000 ) ) ;
#5256 =( NAMED_UNIT ( * ) SI_UNIT ( $, .STERADIAN. ) SOLID_ANGLE_UNIT ( ) );
#5257 = CARTESIAN_POINT ( 'NONE',  ( -9.500000000000000000, 4.721281787984062284, -8.382000000000001450 ) ) ;
#5258 = EDGE_CURVE ( 'NONE', #4324, #9524, #1778, .T. ) ;
#5259 = ORIENTED_EDGE ( 'NONE', *, *, #10182, .T. ) ;
#5260 = VERTEX_POINT ( 'NONE', #3610 ) ;
#5261 = AXIS2_PLACEMENT_3D ( 'NONE', #2292, #1513, #8049 ) ;
#5262 = VERTEX_POINT ( 'NONE', #6810 ) ;
#5263 = PLANE ( 'NONE',  #9970 ) ;
#5264 = LINE ( 'NONE', #6978, #5658 ) ;
#5265 = DIRECTION ( 'NONE',  ( -0.000000000000000000, -1.000000000000000000, 0.000000000000000000 ) ) ;
#5266 = CARTESIAN_POINT ( 'NONE',  ( -7.619999999999842011, 0.000000000000000000, 6.349999999999999645 ) ) ;
#5267 = DIRECTION ( 'NONE',  ( 0.000000000000000000, 0.000000000000000000, -1.000000000000000000 ) ) ;
#5268 = ORIENTED_EDGE ( 'NONE', *, *, #4081, .T. ) ;
#5269 = ORIENTED_EDGE ( 'NONE', *, *, #8795, .F. ) ;
#5270 = PRODUCT_RELATED_PRODUCT_CATEGORY ( 'part', '', ( #4060 ) ) ;
#5271 = DIRECTION ( 'NONE',  ( 0.000000000000000000, 0.000000000000000000, 1.000000000000000000 ) ) ;
#5272 = ORIENTED_EDGE ( 'NONE', *, *, #1358, .F. ) ;
#5273 = DIRECTION ( 'NONE',  ( -0.000000000000000000, -1.000000000000000000, -0.000000000000000000 ) ) ;
#5274 = CARTESIAN_POINT ( 'NONE',  ( -7.620000000000000107, 1.600000000000000089, 4.610000000000002984 ) ) ;
#5275 = EDGE_CURVE ( 'NONE', #837, #8357, #9982, .T. ) ;
#5276 = EDGE_CURVE ( 'NONE', #635, #1009, #8952, .T. ) ;
#5277 = DIRECTION ( 'NONE',  ( 0.000000000000000000, 0.000000000000000000, -1.000000000000000000 ) ) ;
#5278 = LINE ( 'NONE', #498, #7400 ) ;
#5279 = VECTOR ( 'NONE', #5519, 1000.000000000000000 ) ;
#5280 = DIRECTION ( 'NONE',  ( 0.000000000000000000, 1.000000000000000000, -0.000000000000000000 ) ) ;
#5281 = VERTEX_POINT ( 'NONE', #8473 ) ;
#5282 = VERTEX_POINT ( 'NONE', #9294 ) ;
#5283 = EDGE_CURVE ( 'NONE', #8180, #2323, #7692, .T. ) ;
#5284 = ORIENTED_EDGE ( 'NONE', *, *, #1754, .T. ) ;
#5285 = CARTESIAN_POINT ( 'NONE',  ( 0.000000000000000000, 0.000000000000000000, -7.150000000000001243 ) ) ;
#5286 = ORIENTED_EDGE ( 'NONE', *, *, #5864, .F. ) ;
#5287 = ORIENTED_EDGE ( 'NONE', *, *, #3109, .T. ) ;
#5288 = VECTOR ( 'NONE', #1359, 1000.000000000000000 ) ;
#5289 = FACE_OUTER_BOUND ( 'NONE', #8602, .T. ) ;
#5290 = VECTOR ( 'NONE', #8354, 1000.000000000000000 ) ;
#5291 = CARTESIAN_POINT ( 'NONE',  ( -6.049999999999999822, 2.970000000000000195, 0.000000000000000000 ) ) ;
#5292 = ADVANCED_FACE ( 'NONE', ( #8525 ), #40, .F. ) ;
#5293 = DIRECTION ( 'NONE',  ( -1.000000000000000000, 0.000000000000000000, 0.000000000000000000 ) ) ;
#5294 = DIRECTION ( 'NONE',  ( 0.000000000000000000, 1.000000000000000000, -0.000000000000000000 ) ) ;
#5295 = VERTEX_POINT ( 'NONE', #779 ) ;
#5296 = EDGE_CURVE ( 'NONE', #1341, #1822, #9288, .T. ) ;
#5297 = CIRCLE ( 'NONE', #1593, 0.3175000000000000600 ) ;
#5298 = AXIS2_PLACEMENT_3D ( 'NONE', #9965, #2917, #9280 ) ;
#5299 = ORIENTED_EDGE ( 'NONE', *, *, #4154, .T. ) ;
#5300 = ORIENTED_EDGE ( 'NONE', *, *, #4872, .T. ) ;
#5301 = CARTESIAN_POINT ( 'NONE',  ( 7.620000000000000107, 0.000000000000000000, 4.610000000000002984 ) ) ;
#5302 = EDGE_CURVE ( 'NONE', #2375, #9944, #7844, .T. ) ;
#5303 = DIRECTION ( 'NONE',  ( 0.000000000000000000, -0.000000000000000000, 1.000000000000000000 ) ) ;
#5304 = DIRECTION ( 'NONE',  ( 0.000000000000000000, 0.000000000000000000, 1.000000000000000000 ) ) ;
#5305 = PLANE ( 'NONE',  #5111 ) ;
#5306 = LINE ( 'NONE', #574, #9337 ) ;
#5307 = PRODUCT_CONTEXT ( 'NONE', #8021, 'mechanical' ) ;
#5308 = PLANE ( 'NONE',  #8628 ) ;
#5309 = DIRECTION ( 'NONE',  ( 1.000000000000000000, -0.000000000000000000, 0.000000000000000000 ) ) ;
#5310 = EDGE_LOOP ( 'NONE', ( #7403, #9063, #6345, #7445 ) ) ;
#5311 = EDGE_LOOP ( 'NONE', ( #9914, #5901 ) ) ;
#5312 = ORIENTED_EDGE ( 'NONE', *, *, #7759, .F. ) ;
#5313 = CIRCLE ( 'NONE', #5477, 0.8000000000000003775 ) ;
#5314 = EDGE_CURVE ( 'NONE', #5194, #616, #3921, .T. ) ;
#5315 = CARTESIAN_POINT ( 'NONE',  ( 7.620000000000000107, 1.600000000000000089, -3.009999999999998010 ) ) ;
#5316 = PLANE ( 'NONE',  #7145 ) ;
#5317 = DIRECTION ( 'NONE',  ( 0.000000000000000000, 1.000000000000000000, -0.000000000000000000 ) ) ;
#5318 = DIRECTION ( 'NONE',  ( -1.000000000000000000, 0.000000000000000000, 1.366641393889291440E-16 ) ) ;
#5319 = CIRCLE ( 'NONE', #5476, 0.5079999999999997851 ) ;
#5320 = CARTESIAN_POINT ( 'NONE',  ( -7.620000000000000107, 1.599999999999999867, 8.090000000000003411 ) ) ;
#5321 = VECTOR ( 'NONE', #3544, 1000.000000000000000 ) ;
#5322 = FACE_OUTER_BOUND ( 'NONE', #401, .T. ) ;
#5323 = ORIENTED_EDGE ( 'NONE', *, *, #593, .T. ) ;
#5324 = LINE ( 'NONE', #2739, #2646 ) ;
#5325 = VERTEX_POINT ( 'NONE', #687 ) ;
#5326 = VECTOR ( 'NONE', #6609, 1000.000000000000000 ) ;
#5327 = CIRCLE ( 'NONE', #7976, 0.7999999999999986011 ) ;
#5328 = LINE ( 'NONE', #6890, #5356 ) ;
#5329 = AXIS2_PLACEMENT_3D ( 'NONE', #4115, #5115, #6635 ) ;
#5330 = UNCERTAINTY_MEASURE_WITH_UNIT (LENGTH_MEASURE( 1.000000000000000082E-05 ), #2230, 'distance_accuracy_value', 'NONE');
#5331 = AXIS2_PLACEMENT_3D ( 'NONE', #8684, #7741, #3085 ) ;
#5332 = VECTOR ( 'NONE', #1470, 1000.000000000000000 ) ;
#5333 = DIRECTION ( 'NONE',  ( -1.000000000000000000, 0.000000000000000000, 1.384087879768729216E-15 ) ) ;
#5334 = DIRECTION ( 'NONE',  ( 0.000000000000000000, 1.000000000000000000, -0.000000000000000000 ) ) ;
#5335 = DIRECTION ( 'NONE',  ( 0.000000000000000000, 0.000000000000000000, 1.000000000000000000 ) ) ;
#5336 = ORIENTED_EDGE ( 'NONE', *, *, #5296, .F. ) ;
#5337 = VERTEX_POINT ( 'NONE', #4662 ) ;
#5338 = CIRCLE ( 'NONE', #804, 0.5080000000000050031 ) ;
#5339 = CIRCLE ( 'NONE', #2951, 0.5080000000000006732 ) ;
#5340 = ORIENTED_EDGE ( 'NONE', *, *, #6243, .F. ) ;
#5341 = ORIENTED_EDGE ( 'NONE', *, *, #5723, .T. ) ;
#5342 = ADVANCED_FACE ( 'NONE', ( #1612, #3033 ), #9354, .T. ) ;
#5343 = VECTOR ( 'NONE', #4229, 1000.000000000000000 ) ;
#5344 = CARTESIAN_POINT ( 'NONE',  ( 3.219999999999999751, 1.750000000000000000, -9.979999999999996874 ) ) ;
#5345 = CARTESIAN_POINT ( 'NONE',  ( 9.500000000000000000, 4.721281787984062284, -8.089999999999998082 ) ) ;
#5346 = EDGE_CURVE ( 'NONE', #3390, #9259, #4754, .T. ) ;
#5347 = VECTOR ( 'NONE', #1789, 1000.000000000000000 ) ;
#5348 = DIRECTION ( 'NONE',  ( -0.000000000000000000, -1.000000000000000000, -0.000000000000000000 ) ) ;
#5349 = LINE ( 'NONE', #6796, #10282 ) ;
#5350 = CIRCLE ( 'NONE', #4999, 0.5080000000000006732 ) ;
#5351 = ORIENTED_EDGE ( 'NONE', *, *, #6968, .T. ) ;
#5352 = ORIENTED_EDGE ( 'NONE', *, *, #1827, .F. ) ;
#5353 = EDGE_CURVE ( 'NONE', #149, #797, #5408, .T. ) ;
#5354 = ORIENTED_EDGE ( 'NONE', *, *, #2603, .T. ) ;
#5355 = EDGE_CURVE ( 'NONE', #9197, #186, #6352, .T. ) ;
#5356 = VECTOR ( 'NONE', #5273, 1000.000000000000000 ) ;
#5357 = DIRECTION ( 'NONE',  ( 0.000000000000000000, 0.000000000000000000, 1.000000000000000000 ) ) ;
#5358 = EDGE_CURVE ( 'NONE', #886, #836, #6815, .T. ) ;
#5359 = CARTESIAN_POINT ( 'NONE',  ( 0.000000000000000000, 0.000000000000000000, 0.4700000000000016387 ) ) ;
#5360 = DIRECTION ( 'NONE',  ( 1.000000000000000000, 0.000000000000000000, -1.366641393889291440E-16 ) ) ;
#5361 = CARTESIAN_POINT ( 'NONE',  ( 9.500000000000000000, 4.721281787984062284, 0.000000000000000000 ) ) ;
#5362 = AXIS2_PLACEMENT_3D ( 'NONE', #10108, #8442, #10008 ) ;
#5363 = AXIS2_PLACEMENT_3D ( 'NONE', #8771, #8826, #8092 ) ;
#5364 = FACE_OUTER_BOUND ( 'NONE', #5502, .T. ) ;
#5365 = CARTESIAN_POINT ( 'NONE',  ( 9.500000000000000000, 1.599999999999999867, 0.4699999999999990852 ) ) ;
#5366 = VERTEX_POINT ( 'NONE', #7067 ) ;
#5367 = ORIENTED_EDGE ( 'NONE', *, *, #5258, .T. ) ;
#5368 = EDGE_CURVE ( 'NONE', #10131, #3534, #2400, .T. ) ;
#5369 = ORIENTED_EDGE ( 'NONE', *, *, #1620, .F. ) ;
#5370 = CARTESIAN_POINT ( 'NONE',  ( 0.000000000000000000, 0.000000000000000000, 8.090000000000003411 ) ) ;
#5371 = AXIS2_PLACEMENT_3D ( 'NONE', #5613, #9455, #2301 ) ;
#5372 = DIRECTION ( 'NONE',  ( 0.000000000000000000, 1.000000000000000000, -0.000000000000000000 ) ) ;
#5373 = DIRECTION ( 'NONE',  ( 0.000000000000000000, 0.000000000000000000, -1.000000000000000000 ) ) ;
#5374 = DIRECTION ( 'NONE',  ( 0.000000000000000000, 1.000000000000000000, -0.000000000000000000 ) ) ;
#5375 = CARTESIAN_POINT ( 'NONE',  ( -6.349999999999999645, 1.600000000000000755, -9.340000000000003411 ) ) ;
#5376 = DIRECTION ( 'NONE',  ( -1.000000000000000000, 0.000000000000000000, 0.000000000000000000 ) ) ;
#5377 = CARTESIAN_POINT ( 'NONE',  ( 0.000000000000000000, 0.000000000000000000, 0.000000000000000000 ) ) ;
#5378 = ORIENTED_EDGE ( 'NONE', *, *, #5982, .F. ) ;
#5379 = COLOUR_RGB ( '',1.000000000000000000, 0.8117647058823529438, 0.5019607843137254832 ) ;
#5380 = FACE_BOUND ( 'NONE', #4375, .T. ) ;
#5381 = ORIENTED_EDGE ( 'NONE', *, *, #9777, .F. ) ;
#5382 = EDGE_CURVE ( 'NONE', #9017, #7806, #9974, .T. ) ;
#5383 = FACE_OUTER_BOUND ( 'NONE', #703, .T. ) ;
#5384 = CARTESIAN_POINT ( 'NONE',  ( -9.500000000000000000, 0.000000000000000000, -2.069999999999998508 ) ) ;
#5385 = LINE ( 'NONE', #8549, #2036 ) ;
#5386 = DIRECTION ( 'NONE',  ( 0.000000000000000000, -0.000000000000000000, 1.000000000000000000 ) ) ;
#5387 = ORIENTED_EDGE ( 'NONE', *, *, #4376, .F. ) ;
#5388 = ORIENTED_EDGE ( 'NONE', *, *, #6615, .T. ) ;
#5389 = ADVANCED_FACE ( 'NONE', ( #10248 ), #3138, .F. ) ;
#5390 = ORIENTED_EDGE ( 'NONE', *, *, #8983, .F. ) ;
#5391 = ORIENTED_EDGE ( 'NONE', *, *, #4566, .T. ) ;
#5392 = CARTESIAN_POINT ( 'NONE',  ( -7.620000000000000107, 0.000000000000000000, -9.689999999999999503 ) ) ;
#5393 = CARTESIAN_POINT ( 'NONE',  ( -9.500000000000000000, 1.599999999999999867, 0.000000000000000000 ) ) ;
#5394 = CARTESIAN_POINT ( 'NONE',  ( -7.619999999999869544, 1.600000000000000089, 3.810000000000000941 ) ) ;
#5395 = CARTESIAN_POINT ( 'NONE',  ( -6.000000000000001776, 2.970000000000000639, -9.490000000000000213 ) ) ;
#5396 = DIRECTION ( 'NONE',  ( 1.000000000000000000, -0.000000000000000000, 0.000000000000000000 ) ) ;
#5397 = VERTEX_POINT ( 'NONE', #7023 ) ;
#5398 = VERTEX_POINT ( 'NONE', #7890 ) ;
#5399 = ADVANCED_FACE ( 'NONE', ( #5606 ), #5509, .F. ) ;
#5400 = CARTESIAN_POINT ( 'NONE',  ( -7.619999999999975238, 0.000000000000000000, -6.349999999999999645 ) ) ;
#5401 = EDGE_LOOP ( 'NONE', ( #3388, #6549, #6717, #5966 ) ) ;
#5402 = CARTESIAN_POINT ( 'NONE',  ( -6.049999999999999822, 3.069999999999999840, 0.000000000000000000 ) ) ;
#5403 = ADVANCED_FACE ( 'NONE', ( #7788 ), #8774, .F. ) ;
#5404 = CARTESIAN_POINT ( 'NONE',  ( 0.000000000000000000, 1.600000000000000089, 0.4700000000000016387 ) ) ;
#5405 = DIRECTION ( 'NONE',  ( 0.000000000000000000, 0.000000000000000000, -1.000000000000000000 ) ) ;
#5406 = ADVANCED_FACE ( 'NONE', ( #7216 ), #734, .F. ) ;
#5407 = AXIS2_PLACEMENT_3D ( 'NONE', #2605, #4384, #5068 ) ;
#5408 = LINE ( 'NONE', #1565, #2288 ) ;
#5409 = DIRECTION ( 'NONE',  ( -0.000000000000000000, -1.000000000000000000, -0.000000000000000000 ) ) ;
#5410 = CARTESIAN_POINT ( 'NONE',  ( 6.380645125733827745E-15, 4.721281787984062284, 4.609999999999989662 ) ) ;
#5411 = ORIENTED_EDGE ( 'NONE', *, *, #7716, .T. ) ;
#5412 = ADVANCED_FACE ( 'NONE', ( #7999 ), #6445, .F. ) ;
#5413 = ORIENTED_EDGE ( 'NONE', *, *, #2053, .F. ) ;
#5414 = ORIENTED_EDGE ( 'NONE', *, *, #4952, .T. ) ;
#5415 = AXIS2_PLACEMENT_3D ( 'NONE', #8740, #6262, #5680 ) ;
#5416 = CARTESIAN_POINT ( 'NONE',  ( 7.620000000000000107, 1.600000000000000089, 0.4700000000000016387 ) ) ;
#5417 = CARTESIAN_POINT ( 'NONE',  ( 1.390000000000000124, 1.600000000000000755, -5.279999999999999361 ) ) ;
#5418 = ADVANCED_FACE ( 'NONE', ( #1669 ), #9604, .F. ) ;
#5419 = DIRECTION ( 'NONE',  ( 0.000000000000000000, 0.000000000000000000, 1.000000000000000000 ) ) ;
#5420 = DIRECTION ( 'NONE',  ( -0.000000000000000000, -1.000000000000000000, -0.000000000000000000 ) ) ;
#5421 = DIRECTION ( 'NONE',  ( 0.000000000000000000, 0.000000000000000000, -1.000000000000000000 ) ) ;
#5422 = AXIS2_PLACEMENT_3D ( 'NONE', #7842, #3873, #10247 ) ;
#5423 = ORIENTED_EDGE ( 'NONE', *, *, #8028, .T. ) ;
#5424 = ORIENTED_EDGE ( 'NONE', *, *, #3198, .T. ) ;
#5425 = EDGE_CURVE ( 'NONE', #2961, #297, #4867, .T. ) ;
#5426 = FACE_OUTER_BOUND ( 'NONE', #397, .T. ) ;
#5427 = ORIENTED_EDGE ( 'NONE', *, *, #7512, .T. ) ;
#5428 = DIRECTION ( 'NONE',  ( -1.000000000000000000, 0.000000000000000000, 0.000000000000000000 ) ) ;
#5429 = DIRECTION ( 'NONE',  ( 0.000000000000000000, 0.000000000000000000, -1.000000000000000000 ) ) ;
#5430 = EDGE_CURVE ( 'NONE', #5797, #6450, #2888, .T. ) ;
#5431 = DIRECTION ( 'NONE',  ( 0.000000000000000000, 1.000000000000000000, -0.000000000000000000 ) ) ;
#5432 = CARTESIAN_POINT ( 'NONE',  ( -9.500000000000000000, 0.000000000000000000, 4.610000000000002984 ) ) ;
#5433 = PRESENTATION_STYLE_ASSIGNMENT (( #6228 ) ) ;
#5434 = VERTEX_POINT ( 'NONE', #2048 ) ;
#5435 = EDGE_LOOP ( 'NONE', ( #9224, #5284, #8555, #1518 ) ) ;
#5436 = ORIENTED_EDGE ( 'NONE', *, *, #5032, .F. ) ;
#5437 = ORIENTED_EDGE ( 'NONE', *, *, #4628, .T. ) ;
#5438 = DIRECTION ( 'NONE',  ( 0.000000000000000000, 0.000000000000000000, 1.000000000000000000 ) ) ;
#5439 = PLANE ( 'NONE',  #9654 ) ;
#5440 = LINE ( 'NONE', #9387, #5616 ) ;
#5441 = CIRCLE ( 'NONE', #2746, 0.8000000000000003775 ) ;
#5442 = ADVANCED_FACE ( 'NONE', ( #5160 ), #5316, .F. ) ;
#5443 = DIRECTION ( 'NONE',  ( 0.000000000000000000, 0.000000000000000000, -1.000000000000000000 ) ) ;
#5444 = DIRECTION ( 'NONE',  ( -0.000000000000000000, -1.000000000000000000, -0.000000000000000000 ) ) ;
#5445 = DIRECTION ( 'NONE',  ( 0.000000000000000000, 0.000000000000000000, -1.000000000000000000 ) ) ;
#5446 = ORIENTED_EDGE ( 'NONE', *, *, #10197, .F. ) ;
#5447 = ORIENTED_EDGE ( 'NONE', *, *, #10049, .T. ) ;
#5448 = DIRECTION ( 'NONE',  ( 1.186541365237213826E-16, 0.000000000000000000, 1.000000000000000000 ) ) ;
#5449 = ORIENTED_EDGE ( 'NONE', *, *, #10171, .T. ) ;
#5450 = CIRCLE ( 'NONE', #3266, 0.5080000000000001181 ) ;
#5451 = CARTESIAN_POINT ( 'NONE',  ( 0.000000000000000000, 1.599999999999999867, 3.010000000000002451 ) ) ;
#5452 = PRESENTATION_STYLE_ASSIGNMENT (( #4707 ) ) ;
#5453 = PLANE ( 'NONE',  #5951 ) ;
#5454 = AXIS2_PLACEMENT_3D ( 'NONE', #5291, #5240, #8457 ) ;
#5455 = DIRECTION ( 'NONE',  ( 8.659560562354961208E-17, 0.7071067811865452413, -0.7071067811865497932 ) ) ;
#5456 = ORIENTED_EDGE ( 'NONE', *, *, #2125, .T. ) ;
#5457 = DIRECTION ( 'NONE',  ( 1.000000000000000000, -0.000000000000000000, 0.000000000000000000 ) ) ;
#5458 = VERTEX_POINT ( 'NONE', #10157 ) ;
#5459 = VERTEX_POINT ( 'NONE', #8327 ) ;
#5460 = VECTOR ( 'NONE', #3374, 1000.000000000000000 ) ;
#5461 = DIRECTION ( 'NONE',  ( 0.000000000000000000, 1.000000000000000000, -0.000000000000000000 ) ) ;
#5462 = EDGE_CURVE ( 'NONE', #9572, #5750, #5264, .T. ) ;
#5463 = DIRECTION ( 'NONE',  ( 1.000000000000000000, 0.000000000000000000, 9.227252531791528105E-16 ) ) ;
#5464 = SURFACE_SIDE_STYLE ('',( #7123 ) ) ;
#5465 = CARTESIAN_POINT ( 'NONE',  ( 7.620000000000000107, 0.000000000000000000, 7.150000000000003020 ) ) ;
#5466 = CARTESIAN_POINT ( 'NONE',  ( -6.000000000000002665, 3.069999999999999840, 9.340000000000008740 ) ) ;
#5467 = CARTESIAN_POINT ( 'NONE',  ( -7.619999999999975238, 0.000000000000000000, -6.349999999999999645 ) ) ;
#5468 = ORIENTED_EDGE ( 'NONE', *, *, #7061, .F. ) ;
#5469 = LINE ( 'NONE', #3049, #6839 ) ;
#5470 = ORIENTED_EDGE ( 'NONE', *, *, #5722, .F. ) ;
#5471 = ORIENTED_EDGE ( 'NONE', *, *, #1382, .F. ) ;
#5472 = EDGE_CURVE ( 'NONE', #2920, #3038, #957, .T. ) ;
#5473 = CLOSED_SHELL ( 'NONE', ( #7930, #6420, #9108, #879, #9424, #5412, #1426, #986, #1694, #6432 ) ) ;
#5474 = CARTESIAN_POINT ( 'NONE',  ( -9.500000000000000000, 4.721281787984062284, -8.890000000000000568 ) ) ;
#5475 = ADVANCED_FACE ( 'NONE', ( #6099 ), #8377, .F. ) ;
#5476 = AXIS2_PLACEMENT_3D ( 'NONE', #6140, #10086, #9138 ) ;
#5477 = AXIS2_PLACEMENT_3D ( 'NONE', #3333, #8759, #9491 ) ;
#5478 = DIRECTION ( 'NONE',  ( -0.000000000000000000, -1.000000000000000000, -0.000000000000000000 ) ) ;
#5479 = CARTESIAN_POINT ( 'NONE',  ( 9.500000000000003553, 1.600000000000000089, 0.000000000000000000 ) ) ;
#5480 = CARTESIAN_POINT ( 'NONE',  ( -9.500000000000000000, 0.000000000000000000, -0.4699999999999986411 ) ) ;
#5481 = CIRCLE ( 'NONE', #4128, 0.5080000000000002292 ) ;
#5482 = ORIENTED_EDGE ( 'NONE', *, *, #2492, .T. ) ;
#5483 = ORIENTED_EDGE ( 'NONE', *, *, #2389, .F. ) ;
#5484 = VECTOR ( 'NONE', #4821, 1000.000000000000000 ) ;
#5485 = VECTOR ( 'NONE', #7277, 1000.000000000000000 ) ;
#5486 = ORIENTED_EDGE ( 'NONE', *, *, #7298, .F. ) ;
#5487 = DIRECTION ( 'NONE',  ( 0.000000000000000000, 1.000000000000000000, 0.000000000000000000 ) ) ;
#5488 = EDGE_CURVE ( 'NONE', #340, #229, #1369, .T. ) ;
#5489 = DIRECTION ( 'NONE',  ( -0.000000000000000000, -1.000000000000000000, -0.000000000000000000 ) ) ;
#5490 = AXIS2_PLACEMENT_3D ( 'NONE', #2244, #4555, #7789 ) ;
#5491 = AXIS2_PLACEMENT_3D ( 'NONE', #7540, #9842, #2687 ) ;
#5492 = DIRECTION ( 'NONE',  ( 1.000000000000000000, -0.000000000000000000, 0.000000000000000000 ) ) ;
#5493 = LINE ( 'NONE', #8665, #1305 ) ;
#5494 = AXIS2_PLACEMENT_3D ( 'NONE', #10358, #6295, #2350 ) ;
#5495 = DIRECTION ( 'NONE',  ( -1.186541365237213826E-16, -0.000000000000000000, -1.000000000000000000 ) ) ;
#5496 = VECTOR ( 'NONE', #6543, 1000.000000000000000 ) ;
#5497 = DIRECTION ( 'NONE',  ( 0.000000000000000000, 0.000000000000000000, -1.000000000000000000 ) ) ;
#5498 = ORIENTED_EDGE ( 'NONE', *, *, #10046, .F. ) ;
#5499 = AXIS2_PLACEMENT_3D ( 'NONE', #924, #5760, #770 ) ;
#5500 = EDGE_LOOP ( 'NONE', ( #8121, #4961, #2539, #7260 ) ) ;
#5501 = DIRECTION ( 'NONE',  ( -0.000000000000000000, 0.000000000000000000, 1.000000000000000000 ) ) ;
#5502 = EDGE_LOOP ( 'NONE', ( #1411, #7291, #5636, #6707, #4772, #10044 ) ) ;
#5503 = EDGE_CURVE ( 'NONE', #301, #3016, #1321, .T. ) ;
#5504 = LINE ( 'NONE', #1814, #6378 ) ;
#5505 = VECTOR ( 'NONE', #2783, 1000.000000000000000 ) ;
#5506 = CIRCLE ( 'NONE', #3995, 0.8000000000000012657 ) ;
#5507 = LINE ( 'NONE', #6292, #4011 ) ;
#5508 = CARTESIAN_POINT ( 'NONE',  ( 7.620000000000057838, 4.721281787984062284, -3.809999999999999165 ) ) ;
#5509 = PLANE ( 'NONE',  #5494 ) ;
#5510 = ORIENTED_EDGE ( 'NONE', *, *, #909, .T. ) ;
#5511 = CARTESIAN_POINT ( 'NONE',  ( 5.039999999999997371, 2.100000000000000089, -9.479999999999995097 ) ) ;
#5512 = ORIENTED_EDGE ( 'NONE', *, *, #3925, .T. ) ;
#5513 = ORIENTED_EDGE ( 'NONE', *, *, #9664, .F. ) ;
#5514 = VECTOR ( 'NONE', #545, 1000.000000000000000 ) ;
#5515 = FACE_OUTER_BOUND ( 'NONE', #5310, .T. ) ;
#5516 = DIRECTION ( 'NONE',  ( 0.000000000000000000, 1.000000000000000000, -0.000000000000000000 ) ) ;
#5517 = VECTOR ( 'NONE', #5632, 1000.000000000000000 ) ;
#5518 = PLANE ( 'NONE',  #2134 ) ;
#5519 = DIRECTION ( 'NONE',  ( -0.000000000000000000, -1.000000000000000000, -0.000000000000000000 ) ) ;
#5520 = DIRECTION ( 'NONE',  ( 0.000000000000000000, 0.000000000000000000, 1.000000000000000000 ) ) ;
#5521 = CARTESIAN_POINT ( 'NONE',  ( 7.620000000000000107, 1.600000000000000089, -8.089999999999998082 ) ) ;
#5522 = CARTESIAN_POINT ( 'NONE',  ( 7.620000000000000107, 0.000000000000000000, -3.009999999999998010 ) ) ;
#5523 = ORIENTED_EDGE ( 'NONE', *, *, #8446, .F. ) ;
#5524 = DIRECTION ( 'NONE',  ( 0.000000000000000000, 1.000000000000000000, -0.000000000000000000 ) ) ;
#5525 = VERTEX_POINT ( 'NONE', #6002 ) ;
#5526 = VERTEX_POINT ( 'NONE', #533 ) ;
#5527 = EDGE_CURVE ( 'NONE', #5075, #4121, #4359, .T. ) ;
#5528 = CIRCLE ( 'NONE', #1164, 0.5080000000000032268 ) ;
#5529 = DIRECTION ( 'NONE',  ( 0.000000000000000000, 0.000000000000000000, -1.000000000000000000 ) ) ;
#5530 = CARTESIAN_POINT ( 'NONE',  ( -6.150000000000000355, 29.71055027400083759, -9.340000000000003411 ) ) ;
#5531 = UNCERTAINTY_MEASURE_WITH_UNIT (LENGTH_MEASURE( 1.000000000000000082E-05 ), #5716, 'distance_accuracy_value', 'NONE');
#5532 = DIRECTION ( 'NONE',  ( 0.000000000000000000, 0.000000000000000000, 1.000000000000000000 ) ) ;
#5533 = VECTOR ( 'NONE', #1403, 1000.000000000000000 ) ;
#5534 = LINE ( 'NONE', #3265, #7235 ) ;
#5535 = ADVANCED_FACE ( 'NONE', ( #9095 ), #368, .T. ) ;
#5536 = EDGE_CURVE ( 'NONE', #1795, #5652, #5214, .T. ) ;
#5537 = ORIENTED_EDGE ( 'NONE', *, *, #6681, .T. ) ;
#5538 = ORIENTED_EDGE ( 'NONE', *, *, #10114, .T. ) ;
#5539 = EDGE_CURVE ( 'NONE', #255, #6145, #1217, .T. ) ;
#5540 = ORIENTED_EDGE ( 'NONE', *, *, #10003, .T. ) ;
#5541 = FACE_OUTER_BOUND ( 'NONE', #1064, .T. ) ;
#5542 = AXIS2_PLACEMENT_3D ( 'NONE', #9721, #160, #5083 ) ;
#5543 = DIRECTION ( 'NONE',  ( 0.000000000000000000, -0.000000000000000000, 1.000000000000000000 ) ) ;
#5544 = CARTESIAN_POINT ( 'NONE',  ( 7.620000000000084484, 4.721281787984062284, -1.778000000000003133 ) ) ;
#5545 = LINE ( 'NONE', #7098, #4463 ) ;
#5546 = CARTESIAN_POINT ( 'NONE',  ( 1.240000000000002434, 3.270000000000000018, -4.580000000000003624 ) ) ;
#5547 = FILL_AREA_STYLE ('',( #5746 ) ) ;
#5548 = ADVANCED_FACE ( 'NONE', ( #2099 ), #423, .F. ) ;
#5549 = DIRECTION ( 'NONE',  ( -0.000000000000000000, -1.000000000000000000, -0.000000000000000000 ) ) ;
#5550 = ORIENTED_EDGE ( 'NONE', *, *, #10047, .T. ) ;
#5551 = FACE_OUTER_BOUND ( 'NONE', #8766, .T. ) ;
#5552 = EDGE_LOOP ( 'NONE', ( #4076, #7446, #6537, #6820 ) ) ;
#5553 = EDGE_CURVE ( 'NONE', #5697, #9646, #6825, .T. ) ;
#5554 = FACE_BOUND ( 'NONE', #6896, .T. ) ;
#5555 = ORIENTED_EDGE ( 'NONE', *, *, #9278, .F. ) ;
#5556 = FACE_OUTER_BOUND ( 'NONE', #339, .T. ) ;
#5557 = LINE ( 'NONE', #6396, #10353 ) ;
#5558 = CARTESIAN_POINT ( 'NONE',  ( 9.500000000000000000, 1.599999999999999867, 0.000000000000000000 ) ) ;
#5559 = DIRECTION ( 'NONE',  ( 0.000000000000000000, 0.000000000000000000, 1.000000000000000000 ) ) ;
#5560 = EDGE_CURVE ( 'NONE', #4211, #2608, #9995, .T. ) ;
#5561 = CARTESIAN_POINT ( 'NONE',  ( -6.349999999999999645, 29.71055027400083759, 9.340000000000008740 ) ) ;
#5562 = VERTEX_POINT ( 'NONE', #6054 ) ;
#5563 = CARTESIAN_POINT ( 'NONE',  ( 0.000000000000000000, 1.600000000000000089, 5.550000000000003375 ) ) ;
#5564 = EDGE_LOOP ( 'NONE', ( #4558, #9239, #5411, #4374 ) ) ;
#5565 = ORIENTED_EDGE ( 'NONE', *, *, #673, .F. ) ;
#5566 = DIRECTION ( 'NONE',  ( -0.000000000000000000, 0.000000000000000000, -1.000000000000000000 ) ) ;
#5567 =( GEOMETRIC_REPRESENTATION_CONTEXT ( 3 ) GLOBAL_UNCERTAINTY_ASSIGNED_CONTEXT ( ( #6376 ) ) GLOBAL_UNIT_ASSIGNED_CONTEXT ( ( #6715, #4449, #9928 ) ) REPRESENTATION_CONTEXT ( 'NONE', 'WORKASPACE' ) );
#5568 = DIRECTION ( 'NONE',  ( 1.000000000000000000, -0.000000000000000000, 0.000000000000000000 ) ) ;
#5569 = LINE ( 'NONE', #4874, #4763 ) ;
#5570 = ADVANCED_FACE ( 'NONE', ( #9202 ), #3776, .F. ) ;
#5571 = DIRECTION ( 'NONE',  ( 0.000000000000000000, 1.000000000000000000, -0.000000000000000000 ) ) ;
#5572 = CARTESIAN_POINT ( 'NONE',  ( 1.590000000000000302, 1.600000000000000755, -5.279999999999999361 ) ) ;
#5573 = CARTESIAN_POINT ( 'NONE',  ( -7.620000000000000995, 1.600000000000000089, -8.890000000000000568 ) ) ;
#5574 = CARTESIAN_POINT ( 'NONE',  ( 6.000000000000003553, 2.970000000000000195, 9.390000000000005898 ) ) ;
#5575 = ORIENTED_EDGE ( 'NONE', *, *, #4887, .T. ) ;
#5576 = FACE_OUTER_BOUND ( 'NONE', #760, .T. ) ;
#5577 = ORIENTED_EDGE ( 'NONE', *, *, #6935, .T. ) ;
#5578 = EDGE_LOOP ( 'NONE', ( #7931, #8223, #3142, #8076, #8890, #1836 ) ) ;
#5579 = AXIS2_PLACEMENT_3D ( 'NONE', #2184, #4591, #7777 ) ;
#5580 = DIRECTION ( 'NONE',  ( -0.000000000000000000, -1.000000000000000000, -0.000000000000000000 ) ) ;
#5581 = CARTESIAN_POINT ( 'NONE',  ( 9.500000000000003553, 0.000000000000000000, 5.550000000000002487 ) ) ;
#5582 = AXIS2_PLACEMENT_3D ( 'NONE', #9576, #6273, #6472 ) ;
#5583 = LINE ( 'NONE', #9425, #4317 ) ;
#5584 = ORIENTED_EDGE ( 'NONE', *, *, #9019, .F. ) ;
#5585 = ORIENTED_EDGE ( 'NONE', *, *, #1808, .F. ) ;
#5586 = EDGE_LOOP ( 'NONE', ( #2807, #1674, #3854, #6278 ) ) ;
#5587 = ORIENTED_EDGE ( 'NONE', *, *, #9719, .F. ) ;
#5588 = CARTESIAN_POINT ( 'NONE',  ( -6.349999999999999645, 1.600000000000000089, -9.690000000000001279 ) ) ;
#5589 = CARTESIAN_POINT ( 'NONE',  ( -7.620000000000000107, 1.600000000000000089, -7.150000000000001243 ) ) ;
#5590 = EDGE_CURVE ( 'NONE', #7558, #504, #3682, .T. ) ;
#5591 = EDGE_CURVE ( 'NONE', #4682, #2749, #4142, .T. ) ;
#5592 = FACE_OUTER_BOUND ( 'NONE', #10056, .T. ) ;
#5593 = DIRECTION ( 'NONE',  ( -0.000000000000000000, -1.000000000000000000, -0.000000000000000000 ) ) ;
#5594 = ADVANCED_FACE ( 'NONE', ( #3043 ), #3834, .T. ) ;
#5595 = CARTESIAN_POINT ( 'NONE',  ( 0.000000000000000000, 4.721281787984062284, 2.070000000000002505 ) ) ;
#5596 = CARTESIAN_POINT ( 'NONE',  ( -9.500000000000000000, 0.000000000000000000, -6.857999999999996987 ) ) ;
#5597 = DIRECTION ( 'NONE',  ( -1.000000000000000000, 0.000000000000000000, 0.000000000000000000 ) ) ;
#5598 = VERTEX_POINT ( 'NONE', #5417 ) ;
#5599 = DIRECTION ( 'NONE',  ( 1.000000000000000000, -0.000000000000000000, 0.000000000000000000 ) ) ;
#5600 = VERTEX_POINT ( 'NONE', #8690 ) ;
#5601 = DIRECTION ( 'NONE',  ( -1.000000000000000000, 0.000000000000000000, -1.156482317317871764E-14 ) ) ;
#5602 = EDGE_CURVE ( 'NONE', #1688, #4298, #6499, .T. ) ;
#5603 = EDGE_CURVE ( 'NONE', #6145, #5181, #5327, .T. ) ;
#5604 = CARTESIAN_POINT ( 'NONE',  ( 9.500000000000000000, 4.721281787984062284, -1.270000000000000240 ) ) ;
#5605 = LINE ( 'NONE', #7939, #7082 ) ;
#5606 = FACE_OUTER_BOUND ( 'NONE', #2861, .T. ) ;
#5607 = EDGE_LOOP ( 'NONE', ( #8300, #3551, #4022, #8480 ) ) ;
#5608 = VECTOR ( 'NONE', #1061, 1000.000000000000000 ) ;
#5609 = DIRECTION ( 'NONE',  ( 1.000000000000000000, -0.000000000000000000, 0.000000000000000000 ) ) ;
#5610 = ORIENTED_EDGE ( 'NONE', *, *, #2919, .T. ) ;
#5611 = ORIENTED_EDGE ( 'NONE', *, *, #3542, .T. ) ;
#5612 = ORIENTED_EDGE ( 'NONE', *, *, #3536, .F. ) ;
#5613 = CARTESIAN_POINT ( 'NONE',  ( -7.620000000000000995, 0.000000000000000000, -8.890000000000000568 ) ) ;
#5614 = EDGE_CURVE ( 'NONE', #4201, #1176, #4470, .T. ) ;
#5615 = CIRCLE ( 'NONE', #9260, 0.7999999999999994893 ) ;
#5616 = VECTOR ( 'NONE', #9334, 1000.000000000000000 ) ;
#5617 = DIRECTION ( 'NONE',  ( -0.000000000000000000, -1.000000000000000000, -0.000000000000000000 ) ) ;
#5618 = CARTESIAN_POINT ( 'NONE',  ( 7.620000000000000107, 0.000000000000000000, 2.070000000000002505 ) ) ;
#5619 = DIRECTION ( 'NONE',  ( 0.000000000000000000, 0.000000000000000000, -1.000000000000000000 ) ) ;
#5620 = CYLINDRICAL_SURFACE ( 'NONE', #3790, 0.5080000000000001181 ) ;
#5621 = FACE_OUTER_BOUND ( 'NONE', #8212, .T. ) ;
#5622 = DIRECTION ( 'NONE',  ( 0.000000000000000000, 1.000000000000000000, -0.000000000000000000 ) ) ;
#5623 = CARTESIAN_POINT ( 'NONE',  ( -9.499999999999996447, 1.600000000000000089, 0.000000000000000000 ) ) ;
#5624 = FACE_OUTER_BOUND ( 'NONE', #5578, .T. ) ;
#5625 = EDGE_LOOP ( 'NONE', ( #9818, #10029 ) ) ;
#5626 = CIRCLE ( 'NONE', #1089, 0.8000000000000012657 ) ;
#5627 = DIRECTION ( 'NONE',  ( 0.000000000000000000, 0.000000000000000000, 1.000000000000000000 ) ) ;
#5628 = EDGE_LOOP ( 'NONE', ( #3058, #7219, #2078, #7047 ) ) ;
#5629 = ORIENTED_EDGE ( 'NONE', *, *, #2434, .T. ) ;
#5630 = AXIS2_PLACEMENT_3D ( 'NONE', #2557, #6552, #8295 ) ;
#5631 = EDGE_CURVE ( 'NONE', #2401, #9784, #9801, .T. ) ;
#5632 = DIRECTION ( 'NONE',  ( -0.000000000000000000, -1.000000000000000000, -0.000000000000000000 ) ) ;
#5633 = LINE ( 'NONE', #7135, #6151 ) ;
#5634 = LINE ( 'NONE', #1645, #5347 ) ;
#5635 = ORIENTED_EDGE ( 'NONE', *, *, #3369, .F. ) ;
#5636 = ORIENTED_EDGE ( 'NONE', *, *, #8308, .T. ) ;
#5637 = VERTEX_POINT ( 'NONE', #5618 ) ;
#5638 = CLOSED_SHELL ( 'NONE', ( #1038, #4946, #8080, #739, #5801, #9499 ) ) ;
#5639 = VERTEX_POINT ( 'NONE', #6215 ) ;
#5640 = CARTESIAN_POINT ( 'NONE',  ( -9.500000000000000000, 0.000000000000000000, 0.000000000000000000 ) ) ;
#5641 = AXIS2_PLACEMENT_3D ( 'NONE', #6307, #9614, #7226 ) ;
#5642 = CARTESIAN_POINT ( 'NONE',  ( 7.620000000000000107, 1.599999999999999867, -9.690000000000003055 ) ) ;
#5643 = CIRCLE ( 'NONE', #6480, 0.8000000000000012657 ) ;
#5644 = CARTESIAN_POINT ( 'NONE',  ( -9.500000000000000000, 4.721281787984062284, 0.000000000000000000 ) ) ;
#5645 = VECTOR ( 'NONE', #16, 1000.000000000000000 ) ;
#5646 = CARTESIAN_POINT ( 'NONE',  ( 1.240000000000001545, 2.970000000000000639, -9.690000000000001279 ) ) ;
#5647 = CARTESIAN_POINT ( 'NONE',  ( 7.620000000000000107, 1.599999999999999867, -7.150000000000001243 ) ) ;
#5648 = LINE ( 'NONE', #2337, #10150 ) ;
#5649 = AXIS2_PLACEMENT_3D ( 'NONE', #7113, #1406, #2194 ) ;
#5650 = VECTOR ( 'NONE', #2808, 1000.000000000000000 ) ;
#5651 = EDGE_CURVE ( 'NONE', #7611, #990, #3473, .T. ) ;
#5652 = VERTEX_POINT ( 'NONE', #4715 ) ;
#5653 = LINE ( 'NONE', #2600, #8296 ) ;
#5654 = ORIENTED_EDGE ( 'NONE', *, *, #4062, .F. ) ;
#5655 = AXIS2_PLACEMENT_3D ( 'NONE', #5945, #3575, #4997 ) ;
#5656 = EDGE_CURVE ( 'NONE', #270, #9199, #2204, .T. ) ;
#5657 = FACE_OUTER_BOUND ( 'NONE', #579, .T. ) ;
#5658 = VECTOR ( 'NONE', #3623, 1000.000000000000000 ) ;
#5659 = CIRCLE ( 'NONE', #8970, 0.5079999999999971205 ) ;
#5660 = CARTESIAN_POINT ( 'NONE',  ( 0.000000000000000000, 1.600000000000000089, -7.150000000000001243 ) ) ;
#5661 = FACE_OUTER_BOUND ( 'NONE', #6194, .T. ) ;
#5662 = LINE ( 'NONE', #7452, #4381 ) ;
#5663 = AXIS2_PLACEMENT_3D ( 'NONE', #5410, #3828, #10147 ) ;
#5664 = VECTOR ( 'NONE', #10312, 1000.000000000000000 ) ;
#5665 = DIRECTION ( 'NONE',  ( 0.000000000000000000, 0.000000000000000000, -1.000000000000000000 ) ) ;
#5666 = EDGE_CURVE ( 'NONE', #5911, #2838, #967, .T. ) ;
#5667 = PLANE ( 'NONE',  #1467 ) ;
#5668 = EDGE_CURVE ( 'NONE', #2625, #253, #9514, .T. ) ;
#5669 = VERTEX_POINT ( 'NONE', #2254 ) ;
#5670 = ORIENTED_EDGE ( 'NONE', *, *, #9714, .T. ) ;
#5671 = EDGE_CURVE ( 'NONE', #9738, #7947, #696, .T. ) ;
#5672 = AXIS2_PLACEMENT_3D ( 'NONE', #3624, #1419, #535 ) ;
#5673 = DIRECTION ( 'NONE',  ( 0.000000000000000000, 0.000000000000000000, 1.000000000000000000 ) ) ;
#5674 = CIRCLE ( 'NONE', #8820, 1.000000000000000000 ) ;
#5675 = CARTESIAN_POINT ( 'NONE',  ( -6.049999999999999822, 3.069999999999999840, 9.340000000000008740 ) ) ;
#5676 = DIRECTION ( 'NONE',  ( -0.000000000000000000, -1.000000000000000000, -0.000000000000000000 ) ) ;
#5677 = LINE ( 'NONE', #7801, #617 ) ;
#5678 = DIRECTION ( 'NONE',  ( 0.000000000000000000, 1.000000000000000000, -0.000000000000000000 ) ) ;
#5679 = VECTOR ( 'NONE', #3271, 1000.000000000000000 ) ;
#5680 = DIRECTION ( 'NONE',  ( 0.000000000000000000, 0.000000000000000000, -1.000000000000000000 ) ) ;
#5681 = CARTESIAN_POINT ( 'NONE',  ( 6.000000000000001776, 2.970000000000000195, -4.930000000000001492 ) ) ;
#5682 = LINE ( 'NONE', #1834, #6478 ) ;
#5683 = EDGE_CURVE ( 'NONE', #1127, #2715, #8633, .T. ) ;
#5684 = VECTOR ( 'NONE', #2189, 1000.000000000000000 ) ;
#5685 = PLANE ( 'NONE',  #4966 ) ;
#5686 = ORIENTED_EDGE ( 'NONE', *, *, #2128, .F. ) ;
#5687 = DIRECTION ( 'NONE',  ( -0.000000000000000000, 0.000000000000000000, -1.000000000000000000 ) ) ;
#5688 = ORIENTED_EDGE ( 'NONE', *, *, #1107, .F. ) ;
#5689 = EDGE_LOOP ( 'NONE', ( #2176, #8655, #489, #516 ) ) ;
#5690 = ORIENTED_EDGE ( 'NONE', *, *, #4304, .F. ) ;
#5691 = VECTOR ( 'NONE', #4153, 1000.000000000000000 ) ;
#5692 = DIRECTION ( 'NONE',  ( 1.000000000000000000, -0.000000000000000000, 0.000000000000000000 ) ) ;
#5693 = CARTESIAN_POINT ( 'NONE',  ( -9.499999999999969802, 4.721281787984062284, -6.349999999999999645 ) ) ;
#5694 = DIRECTION ( 'NONE',  ( 0.000000000000000000, 1.000000000000000000, -0.000000000000000000 ) ) ;
#5695 = ADVANCED_FACE ( 'NONE', ( #10259 ), #7120, .F. ) ;
#5696 = EDGE_LOOP ( 'NONE', ( #4422, #2403, #9329, #4391 ) ) ;
#5697 = VERTEX_POINT ( 'NONE', #8782 ) ;
#5698 = VECTOR ( 'NONE', #3983, 1000.000000000000000 ) ;
#5699 = VECTOR ( 'NONE', #295, 1000.000000000000000 ) ;
#5700 = VERTEX_POINT ( 'NONE', #3094 ) ;
#5701 = EDGE_LOOP ( 'NONE', ( #5041, #4681, #8054, #4175, #1212, #5498 ) ) ;
#5702 = CARTESIAN_POINT ( 'NONE',  ( 6.350000000000001421, 1.600000000000007638, 9.490000000000003766 ) ) ;
#5703 = DIRECTION ( 'NONE',  ( 0.000000000000000000, 0.000000000000000000, 1.000000000000000000 ) ) ;
#5704 = AXIS2_PLACEMENT_3D ( 'NONE', #3904, #3803, #6231 ) ;
#5705 = DIRECTION ( 'NONE',  ( -1.000000000000000000, 0.000000000000000000, 0.000000000000000000 ) ) ;
#5706 = DIRECTION ( 'NONE',  ( 1.000000000000000000, -0.000000000000000000, 0.000000000000000000 ) ) ;
#5707 = DIRECTION ( 'NONE',  ( -1.000000000000000000, 0.000000000000000000, 2.768175759537458431E-15 ) ) ;
#5708 = EDGE_CURVE ( 'NONE', #9330, #4583, #4038, .T. ) ;
#5709 = CARTESIAN_POINT ( 'NONE',  ( 5.039999999999999147, 1.600000000000000089, -9.279999999999994031 ) ) ;
#5710 = ORIENTED_EDGE ( 'NONE', *, *, #6304, .F. ) ;
#5712 = LINE ( 'NONE', #1712, #3464 ) ;
#5711 = CIRCLE ( 'NONE', #4859, 0.09999999999999939493 ) ;
#5713 = ORIENTED_EDGE ( 'NONE', *, *, #326, .F. ) ;
#5714 =( LENGTH_UNIT ( ) NAMED_UNIT ( * ) SI_UNIT ( .MILLI., .METRE. ) );
#5715 = DIRECTION ( 'NONE',  ( -0.000000000000000000, -1.000000000000000000, -0.000000000000000000 ) ) ;
#5716 =( LENGTH_UNIT ( ) NAMED_UNIT ( * ) SI_UNIT ( .MILLI., .METRE. ) );
#5717 = EDGE_CURVE ( 'NONE', #9799, #3270, #7476, .T. ) ;
#5718 = CYLINDRICAL_SURFACE ( 'NONE', #802, 0.5079999999999997851 ) ;
#5719 = EDGE_LOOP ( 'NONE', ( #4722, #3124, #9704, #8019 ) ) ;
#5720 = ORIENTED_EDGE ( 'NONE', *, *, #7275, .T. ) ;
#5721 = ORIENTED_EDGE ( 'NONE', *, *, #1302, .T. ) ;
#5722 = EDGE_CURVE ( 'NONE', #9523, #7364, #3149, .T. ) ;
#5723 = EDGE_CURVE ( 'NONE', #1433, #6600, #6359, .T. ) ;
#5724 = DIRECTION ( 'NONE',  ( 0.000000000000000000, 0.000000000000000000, 1.000000000000000000 ) ) ;
#5725 = DIRECTION ( 'NONE',  ( 0.000000000000000000, 0.000000000000000000, 1.000000000000000000 ) ) ;
#5726 = CARTESIAN_POINT ( 'NONE',  ( 0.000000000000000000, 0.000000000000000000, 0.000000000000000000 ) ) ;
#5727 = LINE ( 'NONE', #8204, #4124 ) ;
#5728 = DIRECTION ( 'NONE',  ( 0.000000000000000000, 0.000000000000000000, 1.000000000000000000 ) ) ;
#5729 = EDGE_CURVE ( 'NONE', #1978, #6814, #2972, .T. ) ;
#5730 = CARTESIAN_POINT ( 'NONE',  ( 3.969999999999999751, 2.100000000000000089, -8.209999999999995524 ) ) ;
#5731 = PLANE ( 'NONE',  #6875 ) ;
#5732 = CARTESIAN_POINT ( 'NONE',  ( 9.500000000000000000, 1.599999999999999867, 3.810000000000000941 ) ) ;
#5733 = DIRECTION ( 'NONE',  ( 1.000000000000000000, 0.000000000000000000, -0.000000000000000000 ) ) ;
#5734 = FACE_OUTER_BOUND ( 'NONE', #1356, .T. ) ;
#5735 = ORIENTED_EDGE ( 'NONE', *, *, #1660, .T. ) ;
#5736 = LINE ( 'NONE', #1837, #478 ) ;
#5737 = ORIENTED_EDGE ( 'NONE', *, *, #2650, .T. ) ;
#5738 = VERTEX_POINT ( 'NONE', #4433 ) ;
#5739 = AXIS2_PLACEMENT_3D ( 'NONE', #7690, #9292, #3562 ) ;
#5740 = EDGE_LOOP ( 'NONE', ( #2177, #5286, #7537, #2153 ) ) ;
#5741 = LINE ( 'NONE', #5047, #2166 ) ;
#5742 = EDGE_CURVE ( 'NONE', #7672, #10072, #5774, .T. ) ;
#5743 = CARTESIAN_POINT ( 'NONE',  ( 2.699999999999999289, 1.750000000000000000, -8.009999999999996234 ) ) ;
#5744 = DIRECTION ( 'NONE',  ( -1.000000000000000000, 0.000000000000000000, -9.227252531791528105E-16 ) ) ;
#5745 = EDGE_CURVE ( 'NONE', #5639, #166, #8806, .T. ) ;
#5746 = FILL_AREA_STYLE_COLOUR ( '', #7940 ) ;
#5747 = DIRECTION ( 'NONE',  ( 1.000000000000000000, -0.000000000000000000, 0.000000000000000000 ) ) ;
#5748 =( GEOMETRIC_REPRESENTATION_CONTEXT ( 3 ) GLOBAL_UNCERTAINTY_ASSIGNED_CONTEXT ( ( #4780 ) ) GLOBAL_UNIT_ASSIGNED_CONTEXT ( ( #10089, #2931, #6092 ) ) REPRESENTATION_CONTEXT ( 'NONE', 'WORKASPACE' ) );
#5749 = AXIS2_PLACEMENT_3D ( 'NONE', #9493, #7155, #921 ) ;
#5750 = VERTEX_POINT ( 'NONE', #5675 ) ;
#5751 = ORIENTED_EDGE ( 'NONE', *, *, #9214, .T. ) ;
#5752 = ORIENTED_EDGE ( 'NONE', *, *, #8253, .T. ) ;
#5753 = ORIENTED_EDGE ( 'NONE', *, *, #8724, .T. ) ;
#5754 = PLANE ( 'NONE',  #1482 ) ;
#5755 = ADVANCED_FACE ( 'NONE', ( #2814 ), #9963, .F. ) ;
#5756 = VECTOR ( 'NONE', #4207, 1000.000000000000000 ) ;
#5757 = DIRECTION ( 'NONE',  ( 0.000000000000000000, 0.000000000000000000, -1.000000000000000000 ) ) ;
#5758 = CARTESIAN_POINT ( 'NONE',  ( -9.500000000000000000, 1.599999999999999867, 7.149999999999997691 ) ) ;
#5759 = CARTESIAN_POINT ( 'NONE',  ( -7.619999999999819806, 1.599999999999999867, 8.890000000000004121 ) ) ;
#5760 = DIRECTION ( 'NONE',  ( -1.000000000000000000, 0.000000000000000000, 0.000000000000000000 ) ) ;
#5761 = VECTOR ( 'NONE', #7167, 1000.000000000000000 ) ;
#5762 = ORIENTED_EDGE ( 'NONE', *, *, #5164, .F. ) ;
#5763 = DIRECTION ( 'NONE',  ( 0.000000000000000000, 0.000000000000000000, -1.000000000000000000 ) ) ;
#5764 = ORIENTED_EDGE ( 'NONE', *, *, #244, .F. ) ;
#5765 = ORIENTED_EDGE ( 'NONE', *, *, #8324, .F. ) ;
#5766 = EDGE_CURVE ( 'NONE', #105, #1713, #2026, .T. ) ;
#5767 = LINE ( 'NONE', #9600, #7509 ) ;
#5768 = LINE ( 'NONE', #1194, #6624 ) ;
#5769 = DIRECTION ( 'NONE',  ( -0.000000000000000000, -1.000000000000000000, -0.000000000000000000 ) ) ;
#5770 = ORIENTED_EDGE ( 'NONE', *, *, #9972, .F. ) ;
#5771 = VERTEX_POINT ( 'NONE', #8408 ) ;
#5772 = EDGE_LOOP ( 'NONE', ( #6039, #1691, #6107, #9326 ) ) ;
#5773 = DIRECTION ( 'NONE',  ( 0.000000000000000000, 1.000000000000000000, -0.000000000000000000 ) ) ;
#5774 = LINE ( 'NONE', #393, #6989 ) ;
#5776 = CARTESIAN_POINT ( 'NONE',  ( 7.620000000000188400, 1.599999999999999867, 8.890000000000004121 ) ) ;
#5775 = AXIS2_PLACEMENT_3D ( 'NONE', #2361, #9720, #7278 ) ;
#5777 = FACE_OUTER_BOUND ( 'NONE', #6371, .T. ) ;
#5778 = FACE_OUTER_BOUND ( 'NONE', #1966, .T. ) ;
#5779 = FILL_AREA_STYLE ('',( #4241 ) ) ;
#5780 = CARTESIAN_POINT ( 'NONE',  ( 2.899999999999999467, 2.100000000000000089, -7.139999999999995239 ) ) ;
#5781 = FILL_AREA_STYLE ('',( #8886 ) ) ;
#5782 = LINE ( 'NONE', #2620, #4803 ) ;
#5783 = VERTEX_POINT ( 'NONE', #4980 ) ;
#5784 = LINE ( 'NONE', #5892, #4325 ) ;
#5785 = ORIENTED_EDGE ( 'NONE', *, *, #8456, .F. ) ;
#5786 = EDGE_CURVE ( 'NONE', #8, #3072, #8158, .T. ) ;
#5787 = ORIENTED_EDGE ( 'NONE', *, *, #5882, .F. ) ;
#5788 = AXIS2_PLACEMENT_3D ( 'NONE', #6807, #2672, #9190 ) ;
#5789 = EDGE_LOOP ( 'NONE', ( #605, #10228 ) ) ;
#5790 = VECTOR ( 'NONE', #7582, 1000.000000000000000 ) ;
#5791 = EDGE_CURVE ( 'NONE', #2081, #3877, #8101, .T. ) ;
#5792 = DIRECTION ( 'NONE',  ( -1.000000000000000000, 0.000000000000000000, -0.000000000000000000 ) ) ;
#5793 = DIRECTION ( 'NONE',  ( 0.000000000000000000, 1.000000000000000000, 0.000000000000000000 ) ) ;
#5794 = FACE_OUTER_BOUND ( 'NONE', #3313, .T. ) ;
#5795 = DIRECTION ( 'NONE',  ( 0.000000000000000000, 0.000000000000000000, 1.000000000000000000 ) ) ;
#5796 = CIRCLE ( 'NONE', #5298, 0.5080000000000001181 ) ;
#5797 = VERTEX_POINT ( 'NONE', #8202 ) ;
#5798 = VERTEX_POINT ( 'NONE', #939 ) ;
#5799 = ADVANCED_FACE ( 'NONE', ( #7378 ), #1192, .T. ) ;
#5800 = ORIENTED_EDGE ( 'NONE', *, *, #1808, .T. ) ;
#5801 = ADVANCED_FACE ( 'NONE', ( #7567 ), #3356, .T. ) ;
#5802 = DIRECTION ( 'NONE',  ( 0.000000000000000000, 0.000000000000000000, 1.000000000000000000 ) ) ;
#5803 = FACE_OUTER_BOUND ( 'NONE', #117, .T. ) ;
#5804 = CARTESIAN_POINT ( 'NONE',  ( -9.499999999999996447, 1.600000000000000089, -10.99999999999999645 ) ) ;
#5805 = DIRECTION ( 'NONE',  ( 1.000000000000000000, 0.000000000000000000, -0.000000000000000000 ) ) ;
#5806 = DIRECTION ( 'NONE',  ( 0.000000000000000000, 0.000000000000000000, 1.000000000000000000 ) ) ;
#5807 = ORIENTED_EDGE ( 'NONE', *, *, #5022, .T. ) ;
#5808 = EDGE_CURVE ( 'NONE', #3378, #3816, #5827, .T. ) ;
#5809 = EDGE_LOOP ( 'NONE', ( #4663, #10206, #1553, #7978 ) ) ;
#5810 = LINE ( 'NONE', #31, #6328 ) ;
#5811 = AXIS2_PLACEMENT_3D ( 'NONE', #6336, #127, #1657 ) ;
#5812 = VERTEX_POINT ( 'NONE', #2566 ) ;
#5813 = EDGE_LOOP ( 'NONE', ( #4208, #3545, #1286, #2670 ) ) ;
#5814 = AXIS2_PLACEMENT_3D ( 'NONE', #6311, #2527, #4931 ) ;
#5815 = MECHANICAL_DESIGN_GEOMETRIC_PRESENTATION_REPRESENTATION (  '', ( #2793 ), #7305 ) ;
#5816 = DIRECTION ( 'NONE',  ( 0.000000000000000000, 0.000000000000000000, -1.000000000000000000 ) ) ;
#5817 = CARTESIAN_POINT ( 'NONE',  ( -6.000000000000001776, 3.270000000000000018, -9.340000000000003411 ) ) ;
#5818 = CARTESIAN_POINT ( 'NONE',  ( 0.000000000000000000, 1.600000000000000089, -10.99999999999999645 ) ) ;
#5819 = EDGE_CURVE ( 'NONE', #3378, #8185, #6512, .T. ) ;
#5820 = VECTOR ( 'NONE', #8209, 1000.000000000000000 ) ;
#5821 = VERTEX_POINT ( 'NONE', #9716 ) ;
#5822 = EDGE_LOOP ( 'NONE', ( #9110, #5052, #3590, #6851 ) ) ;
#5823 = AXIS2_PLACEMENT_3D ( 'NONE', #8830, #4079, #7266 ) ;
#5824 = AXIS2_PLACEMENT_3D ( 'NONE', #4348, #8311, #3516 ) ;
#5825 = VECTOR ( 'NONE', #3035, 1000.000000000000000 ) ;
#5826 = AXIS2_PLACEMENT_3D ( 'NONE', #8879, #4922, #938 ) ;
#5827 = LINE ( 'NONE', #153, #1796 ) ;
#5828 = CARTESIAN_POINT ( 'NONE',  ( 3.969999999999999751, 3.000000000000000000, -8.209999999999995524 ) ) ;
#5829 = LINE ( 'NONE', #2467, #2121 ) ;
#5830 = DIRECTION ( 'NONE',  ( -1.365923996832131609E-16, 0.000000000000000000, -1.000000000000000000 ) ) ;
#5831 = VECTOR ( 'NONE', #8560, 1000.000000000000000 ) ;
#5832 = DIRECTION ( 'NONE',  ( -0.000000000000000000, -1.000000000000000000, 0.000000000000000000 ) ) ;
#5833 = FACE_OUTER_BOUND ( 'NONE', #3196, .T. ) ;
#5834 = AXIS2_PLACEMENT_3D ( 'NONE', #2115, #5229, #2066 ) ;
#5835 = CARTESIAN_POINT ( 'NONE',  ( -9.500000000000000000, 4.721281787984062284, 0.000000000000000000 ) ) ;
#5836 = ORIENTED_EDGE ( 'NONE', *, *, #5683, .F. ) ;
#5837 = DIRECTION ( 'NONE',  ( -0.000000000000000000, -1.000000000000000000, -0.000000000000000000 ) ) ;
#5838 = ORIENTED_EDGE ( 'NONE', *, *, #531, .T. ) ;
#5839 = ORIENTED_EDGE ( 'NONE', *, *, #5717, .F. ) ;
#5840 = AXIS2_PLACEMENT_3D ( 'NONE', #374, #4572, #7757 ) ;
#5841 = DIRECTION ( 'NONE',  ( 1.000000000000000000, 0.000000000000000000, -2.768175759537458431E-15 ) ) ;
#5842 = DIRECTION ( 'NONE',  ( 0.000000000000000000, 1.000000000000000000, 0.000000000000000000 ) ) ;
#5843 = LINE ( 'NONE', #262, #9128 ) ;
#5844 = AXIS2_PLACEMENT_3D ( 'NONE', #6576, #9045, #9734 ) ;
#5845 = VECTOR ( 'NONE', #2417, 1000.000000000000000 ) ;
#5846 = CARTESIAN_POINT ( 'NONE',  ( 0.000000000000000000, 0.000000000000000000, 3.010000000000002451 ) ) ;
#5847 = LINE ( 'NONE', #8176, #2558 ) ;
#5848 = VERTEX_POINT ( 'NONE', #3301 ) ;
#5849 = ADVANCED_FACE ( 'NONE', ( #2464 ), #8143, .T. ) ;
#5850 = ORIENTED_EDGE ( 'NONE', *, *, #487, .F. ) ;
#5851 = AXIS2_PLACEMENT_3D ( 'NONE', #4954, #1655, #9640 ) ;
#5852 = ORIENTED_EDGE ( 'NONE', *, *, #3404, .F. ) ;
#5853 = PLANE ( 'NONE',  #9828 ) ;
#5854 = FACE_OUTER_BOUND ( 'NONE', #429, .T. ) ;
#5855 = ADVANCED_FACE ( 'NONE', ( #8837 ), #4189, .F. ) ;
#5856 = EDGE_CURVE ( 'NONE', #4759, #8802, #5338, .T. ) ;
#5857 = DIRECTION ( 'NONE',  ( -0.000000000000000000, -1.000000000000000000, -0.000000000000000000 ) ) ;
#5858 = AXIS2_PLACEMENT_3D ( 'NONE', #1842, #5842, #9573 ) ;
#5859 = DIRECTION ( 'NONE',  ( 0.000000000000000000, -1.000000000000000000, 0.000000000000000000 ) ) ;
#5860 = DIRECTION ( 'NONE',  ( 1.000000000000000000, 0.000000000000000000, 0.000000000000000000 ) ) ;
#5861 = LINE ( 'NONE', #3490, #5496 ) ;
#5862 = ORIENTED_EDGE ( 'NONE', *, *, #1135, .T. ) ;
#5863 = ORIENTED_EDGE ( 'NONE', *, *, #7945, .T. ) ;
#5864 = EDGE_CURVE ( 'NONE', #9028, #3283, #9763, .T. ) ;
#5865 = EDGE_LOOP ( 'NONE', ( #7489, #3352, #4785, #6636 ) ) ;
#5866 = FACE_OUTER_BOUND ( 'NONE', #2822, .T. ) ;
#5867 = ORIENTED_EDGE ( 'NONE', *, *, #9350, .F. ) ;
#5868 = VECTOR ( 'NONE', #23, 1000.000000000000000 ) ;
#5869 =( NAMED_UNIT ( * ) SI_UNIT ( $, .STERADIAN. ) SOLID_ANGLE_UNIT ( ) );
#5870 = CARTESIAN_POINT ( 'NONE',  ( 7.620000000000000107, 4.721281787984062284, -2.069999999999998508 ) ) ;
#5871 = EDGE_CURVE ( 'NONE', #9025, #913, #93, .T. ) ;
#5872 = DIRECTION ( 'NONE',  ( 0.000000000000000000, 0.000000000000000000, 1.000000000000000000 ) ) ;
#5873 = PRESENTATION_STYLE_ASSIGNMENT (( #9814 ) ) ;
#5874 = VERTEX_POINT ( 'NONE', #561 ) ;
#5875 = EDGE_CURVE ( 'NONE', #5282, #4058, #9231, .T. ) ;
#5876 = AXIS2_PLACEMENT_3D ( 'NONE', #4599, #6040, #7735 ) ;
#5877 = CARTESIAN_POINT ( 'NONE',  ( -6.150000000000000355, 2.970000000000000639, 9.340000000000008740 ) ) ;
#5878 = ORIENTED_EDGE ( 'NONE', *, *, #9660, .F. ) ;
#5879 = EDGE_LOOP ( 'NONE', ( #1690, #8581, #8506, #163 ) ) ;
#5880 = ORIENTED_EDGE ( 'NONE', *, *, #5314, .T. ) ;
#5881 = CARTESIAN_POINT ( 'NONE',  ( -9.500000000000000000, 1.599999999999999867, 5.841999999999999638 ) ) ;
#5882 = EDGE_CURVE ( 'NONE', #6790, #462, #7652, .T. ) ;
#5883 = DIRECTION ( 'NONE',  ( -1.000000000000000000, 0.000000000000000000, -0.000000000000000000 ) ) ;
#5884 =( NAMED_UNIT ( * ) PLANE_ANGLE_UNIT ( ) SI_UNIT ( $, .RADIAN. ) );
#5885 = CARTESIAN_POINT ( 'NONE',  ( 7.620000000000000107, 1.600000000000000089, 9.690000000000004832 ) ) ;
#5886 = CARTESIAN_POINT ( 'NONE',  ( 0.000000000000000000, 1.600000000000000089, -7.150000000000001243 ) ) ;
#5887 = CARTESIAN_POINT ( 'NONE',  ( 9.500000000000000000, 1.599999999999999867, 0.000000000000000000 ) ) ;
#5888 = CARTESIAN_POINT ( 'NONE',  ( 1.910041274080840512E-15, 4.721281787984062284, 2.069999999999993623 ) ) ;
#5889 =( NAMED_UNIT ( * ) SI_UNIT ( $, .STERADIAN. ) SOLID_ANGLE_UNIT ( ) );
#5890 = DIRECTION ( 'NONE',  ( -0.000000000000000000, -1.000000000000000000, -0.000000000000000000 ) ) ;
#5891 = VERTEX_POINT ( 'NONE', #3067 ) ;
#5892 = CARTESIAN_POINT ( 'NONE',  ( -7.619999999999948592, 4.721281787984062284, -3.301999999999996938 ) ) ;
#5893 = ORIENTED_EDGE ( 'NONE', *, *, #9584, .T. ) ;
#5894 = ORIENTED_EDGE ( 'NONE', *, *, #740, .T. ) ;
#5895 = DIRECTION ( 'NONE',  ( -1.000000000000000000, 0.000000000000000000, 1.366641393889291440E-16 ) ) ;
#5896 = CARTESIAN_POINT ( 'NONE',  ( 0.000000000000000000, 0.000000000000000000, 0.000000000000000000 ) ) ;
#5897 = PLANE ( 'NONE',  #6822 ) ;
#5898 = FACE_OUTER_BOUND ( 'NONE', #7473, .T. ) ;
#5899 = CYLINDRICAL_SURFACE ( 'NONE', #8595, 0.5080000000000063354 ) ;
#5900 = CARTESIAN_POINT ( 'NONE',  ( 3.969999999999999751, 2.682500000000000107, -8.209999999999995524 ) ) ;
#5901 = ORIENTED_EDGE ( 'NONE', *, *, #43, .T. ) ;
#5902 = ORIENTED_EDGE ( 'NONE', *, *, #1354, .T. ) ;
#5903 = DIRECTION ( 'NONE',  ( -0.000000000000000000, -1.000000000000000000, -0.000000000000000000 ) ) ;
#5904 = DIRECTION ( 'NONE',  ( -1.000000000000000000, 0.000000000000000000, 0.000000000000000000 ) ) ;
#5905 = VECTOR ( 'NONE', #1004, 1000.000000000000000 ) ;
#5906 = VECTOR ( 'NONE', #2916, 1000.000000000000000 ) ;
#5907 = DIRECTION ( 'NONE',  ( 0.000000000000000000, 0.000000000000000000, 1.000000000000000000 ) ) ;
#5908 = LINE ( 'NONE', #1852, #4724 ) ;
#5909 = CARTESIAN_POINT ( 'NONE',  ( 3.969999999999999751, 3.000000000000000000, -9.159999999999994813 ) ) ;
#5910 = CARTESIAN_POINT ( 'NONE',  ( 9.500000000000003553, 0.000000000000000000, 0.4700000000000016387 ) ) ;
#5911 = VERTEX_POINT ( 'NONE', #1349 ) ;
#5912 = VERTEX_POINT ( 'NONE', #9439 ) ;
#5913 = ORIENTED_EDGE ( 'NONE', *, *, #10062, .F. ) ;
#5914 = CARTESIAN_POINT ( 'NONE',  ( -9.499999999999996447, 0.000000000000000000, -0.000000000000000000 ) ) ;
#5915 = ADVANCED_FACE ( 'NONE', ( #10234 ), #7622, .F. ) ;
#5916 = VERTEX_POINT ( 'NONE', #6856 ) ;
#5917 = ORIENTED_EDGE ( 'NONE', *, *, #6621, .T. ) ;
#5918 = EDGE_CURVE ( 'NONE', #361, #1758, #2277, .T. ) ;
#5919 = AXIS2_PLACEMENT_3D ( 'NONE', #6379, #4843, #4729 ) ;
#5920 = PRESENTATION_STYLE_ASSIGNMENT (( #3500 ) ) ;
#5921 = LINE ( 'NONE', #5870, #1425 ) ;
#5922 = ADVANCED_FACE ( 'NONE', ( #6078 ), #450, .F. ) ;
#5923 = LINE ( 'NONE', #1817, #2507 ) ;
#5924 = CIRCLE ( 'NONE', #3882, 0.2000000000000005107 ) ;
#5925 = ORIENTED_EDGE ( 'NONE', *, *, #4469, .T. ) ;
#5926 = FACE_OUTER_BOUND ( 'NONE', #6477, .T. ) ;
#5927 = VERTEX_POINT ( 'NONE', #5395 ) ;
#5928 = EDGE_LOOP ( 'NONE', ( #10299, #2531 ) ) ;
#5929 = VERTEX_POINT ( 'NONE', #9388 ) ;
#5930 = EDGE_CURVE ( 'NONE', #5927, #5171, #6127, .T. ) ;
#5931 = CARTESIAN_POINT ( 'NONE',  ( -6.049999999999999822, 2.970000000000000195, 9.340000000000008740 ) ) ;
#5932 = EDGE_CURVE ( 'NONE', #1994, #4198, #5493, .T. ) ;
#5933 = LINE ( 'NONE', #2827, #583 ) ;
#5934 =( NAMED_UNIT ( * ) SI_UNIT ( $, .STERADIAN. ) SOLID_ANGLE_UNIT ( ) );
#5935 = CARTESIAN_POINT ( 'NONE',  ( -9.499999999999996447, 0.000000000000000000, -0.000000000000000000 ) ) ;
#5936 = DIRECTION ( 'NONE',  ( -0.000000000000000000, -1.000000000000000000, -0.000000000000000000 ) ) ;
#5937 = DIRECTION ( 'NONE',  ( -0.000000000000000000, -1.000000000000000000, -0.000000000000000000 ) ) ;
#5938 = DIRECTION ( 'NONE',  ( 1.000000000000000000, 0.000000000000000000, 0.000000000000000000 ) ) ;
#5939 = VERTEX_POINT ( 'NONE', #3753 ) ;
#5940 = ORIENTED_EDGE ( 'NONE', *, *, #8893, .T. ) ;
#5941 = ORIENTED_EDGE ( 'NONE', *, *, #432, .F. ) ;
#5942 = EDGE_CURVE ( 'NONE', #3261, #6475, #4590, .T. ) ;
#5943 = CARTESIAN_POINT ( 'NONE',  ( 0.000000000000000000, 1.750000000000000000, 0.000000000000000000 ) ) ;
#5944 = AXIS2_PLACEMENT_3D ( 'NONE', #7351, #4943, #9736 ) ;
#5945 = CARTESIAN_POINT ( 'NONE',  ( 6.050000000000001599, 2.970000000000000195, 9.340000000000006963 ) ) ;
#5946 = CARTESIAN_POINT ( 'NONE',  ( 7.620000000000007212, 0.000000000000000000, -8.890000000000000568 ) ) ;
#5947 = DIRECTION ( 'NONE',  ( 0.000000000000000000, 1.000000000000000000, -0.000000000000000000 ) ) ;
#5948 = DIRECTION ( 'NONE',  ( -0.000000000000000000, -1.000000000000000000, -0.000000000000000000 ) ) ;
#5949 = LINE ( 'NONE', #9845, #6088 ) ;
#5950 = EDGE_LOOP ( 'NONE', ( #363, #8426, #416, #2703, #8284, #3441 ) ) ;
#5951 = AXIS2_PLACEMENT_3D ( 'NONE', #5251, #3823, #2238 ) ;
#5952 = DIRECTION ( 'NONE',  ( 0.000000000000000000, 0.000000000000000000, 1.000000000000000000 ) ) ;
#5953 = ORIENTED_EDGE ( 'NONE', *, *, #3859, .F. ) ;
#5954 = EDGE_CURVE ( 'NONE', #5118, #3261, #2075, .T. ) ;
#5955 = DIRECTION ( 'NONE',  ( 0.000000000000000000, 0.000000000000000000, 1.000000000000000000 ) ) ;
#5956 = UNCERTAINTY_MEASURE_WITH_UNIT (LENGTH_MEASURE( 1.000000000000000082E-05 ), #4238, 'distance_accuracy_value', 'NONE');
#5957 = AXIS2_PLACEMENT_3D ( 'NONE', #9230, #6077, #9962 ) ;
#5958 = CARTESIAN_POINT ( 'NONE',  ( -7.620000000000000107, 1.599999999999999867, 2.070000000000000728 ) ) ;
#5959 = CARTESIAN_POINT ( 'NONE',  ( 6.380645125733860089E-15, 1.599999999999999867, 4.610000000000013642 ) ) ;
#5960 = DIRECTION ( 'NONE',  ( 1.000000000000000000, 0.000000000000000000, 0.000000000000000000 ) ) ;
#5961 = CARTESIAN_POINT ( 'NONE',  ( 2.899999999999999467, 2.100000000000000089, -9.279999999999994031 ) ) ;
#5962 = ORIENTED_EDGE ( 'NONE', *, *, #2826, .F. ) ;
#5963 = EDGE_LOOP ( 'NONE', ( #6610, #9727, #4951, #2067 ) ) ;
#5964 = ORIENTED_EDGE ( 'NONE', *, *, #1605, .T. ) ;
#5965 = CARTESIAN_POINT ( 'NONE',  ( 9.500000000000000000, 0.000000000000000000, 5.550000000000002487 ) ) ;
#5966 = ORIENTED_EDGE ( 'NONE', *, *, #2250, .T. ) ;
#5967 = VERTEX_POINT ( 'NONE', #7679 ) ;
#5968 = COLOUR_RGB ( '',1.000000000000000000, 0.8117647058823529438, 0.5019607843137254832 ) ;
#5969 = CARTESIAN_POINT ( 'NONE',  ( -7.619999999999975238, 1.600000000000000089, -6.349999999999999645 ) ) ;
#5970 = DIRECTION ( 'NONE',  ( 0.000000000000000000, 0.000000000000000000, -1.000000000000000000 ) ) ;
#5971 = DIRECTION ( 'NONE',  ( 0.000000000000000000, 1.000000000000000000, 0.000000000000000000 ) ) ;
#5972 = DIRECTION ( 'NONE',  ( -1.000000000000000000, 0.000000000000000000, 4.613626265895764052E-16 ) ) ;
#5973 = EDGE_LOOP ( 'NONE', ( #2271, #4465, #9916, #1342 ) ) ;
#5974 = DIRECTION ( 'NONE',  ( -1.000000000000000000, -0.000000000000000000, -0.000000000000000000 ) ) ;
#5975 = EDGE_LOOP ( 'NONE', ( #505, #5867, #9874 ) ) ;
#5976 = ADVANCED_FACE ( 'NONE', ( #510 ), #10077, .F. ) ;
#5977 = EDGE_LOOP ( 'NONE', ( #8261, #6535, #1886, #7068 ) ) ;
#5978 = VECTOR ( 'NONE', #7230, 1000.000000000000000 ) ;
#5979 = CARTESIAN_POINT ( 'NONE',  ( -9.500000000000000000, 4.721281787984062284, 0.7620000000000002327 ) ) ;
#5980 =( GEOMETRIC_REPRESENTATION_CONTEXT ( 3 ) GLOBAL_UNCERTAINTY_ASSIGNED_CONTEXT ( ( #6779 ) ) GLOBAL_UNIT_ASSIGNED_CONTEXT ( ( #1314, #2679, #5889 ) ) REPRESENTATION_CONTEXT ( 'NONE', 'WORKASPACE' ) );
#5981 = AXIS2_PLACEMENT_3D ( 'NONE', #9268, #2111, #9322 ) ;
#5982 = EDGE_CURVE ( 'NONE', #9510, #3816, #10125, .T. ) ;
#5983 = DIRECTION ( 'NONE',  ( 1.000000000000000000, 0.000000000000000000, -1.384087879768729216E-15 ) ) ;
#5984 = DIRECTION ( 'NONE',  ( 0.000000000000000000, 0.000000000000000000, -1.000000000000000000 ) ) ;
#5985 = ADVANCED_FACE ( 'NONE', ( #6187 ), #1396, .F. ) ;
#5986 = AXIS2_PLACEMENT_3D ( 'NONE', #8016, #850, #4045 ) ;
#5987 = LINE ( 'NONE', #8365, #443 ) ;
#5988 = DIRECTION ( 'NONE',  ( -0.000000000000000000, -1.000000000000000000, -0.000000000000000000 ) ) ;
#5989 = CARTESIAN_POINT ( 'NONE',  ( 0.000000000000000000, 1.600000000000000089, 0.000000000000000000 ) ) ;
#5990 =( NAMED_UNIT ( * ) PLANE_ANGLE_UNIT ( ) SI_UNIT ( $, .RADIAN. ) );
#5991 = PLANE ( 'NONE',  #1607 ) ;
#5992 = LINE ( 'NONE', #2725, #6483 ) ;
#5993 = ORIENTED_EDGE ( 'NONE', *, *, #8078, .F. ) ;
#5994 = EDGE_CURVE ( 'NONE', #5006, #865, #10186, .T. ) ;
#5995 = VECTOR ( 'NONE', #4963, 1000.000000000000000 ) ;
#5996 = ORIENTED_EDGE ( 'NONE', *, *, #9412, .T. ) ;
#5997 = EDGE_LOOP ( 'NONE', ( #4845, #887, #8415, #10338 ) ) ;
#5998 = LINE ( 'NONE', #6672, #7685 ) ;
#5999 = AXIS2_PLACEMENT_3D ( 'NONE', #7983, #4111, #819 ) ;
#6000 = DIRECTION ( 'NONE',  ( -0.000000000000000000, 1.000000000000000000, 0.000000000000000000 ) ) ;
#6001 = AXIS2_PLACEMENT_3D ( 'NONE', #9449, #1515, #4708 ) ;
#6002 = CARTESIAN_POINT ( 'NONE',  ( -9.499999999999996447, 0.000000000000000000, 8.090000000000003411 ) ) ;
#6003 = VECTOR ( 'NONE', #976, 1000.000000000000000 ) ;
#6004 = PLANE ( 'NONE',  #1999 ) ;
#6005 = EDGE_CURVE ( 'NONE', #1461, #6035, #4646, .T. ) ;
#6006 = CARTESIAN_POINT ( 'NONE',  ( 7.620000000000000107, 4.721281787984062284, 0.4700000000000016387 ) ) ;
#6007 = LINE ( 'NONE', #4362, #2586 ) ;
#6008 = CARTESIAN_POINT ( 'NONE',  ( 0.000000000000000000, 1.600000000000000089, 0.000000000000000000 ) ) ;
#6009 = VECTOR ( 'NONE', #7944, 1000.000000000000000 ) ;
#6010 = ORIENTED_EDGE ( 'NONE', *, *, #7265, .T. ) ;
#6011 = PLANE ( 'NONE',  #4820 ) ;
#6012 = EDGE_LOOP ( 'NONE', ( #2404, #5550, #3256, #1650 ) ) ;
#6013 = AXIS2_PLACEMENT_3D ( 'NONE', #9229, #8509, #1347 ) ;
#6014 = CARTESIAN_POINT ( 'NONE',  ( 7.620000000000000107, 4.721281787984062284, 7.150000000000003020 ) ) ;
#6015 = VECTOR ( 'NONE', #2530, 1000.000000000000000 ) ;
#6016 = DIRECTION ( 'NONE',  ( -1.000000000000000000, 0.000000000000000000, 9.227252531791528105E-16 ) ) ;
#6017 = EDGE_CURVE ( 'NONE', #1519, #5562, #5545, .T. ) ;
#6018 = DIRECTION ( 'NONE',  ( -0.000000000000000000, -1.000000000000000000, -0.000000000000000000 ) ) ;
#6019 = PLANE ( 'NONE',  #8386 ) ;
#6020 = CARTESIAN_POINT ( 'NONE',  ( 1.108229635131558462E-15, 3.270000000000000018, 9.340000000000006963 ) ) ;
#6021 = ORIENTED_EDGE ( 'NONE', *, *, #1071, .F. ) ;
#6022 = VECTOR ( 'NONE', #7150, 1000.000000000000000 ) ;
#6023 = CIRCLE ( 'NONE', #141, 0.8000000000000003775 ) ;
#6024 = ORIENTED_EDGE ( 'NONE', *, *, #10047, .F. ) ;
#6025 = ORIENTED_EDGE ( 'NONE', *, *, #8322, .T. ) ;
#6026 = ORIENTED_EDGE ( 'NONE', *, *, #4049, .T. ) ;
#6027 = DIRECTION ( 'NONE',  ( 0.000000000000000000, 1.000000000000000000, -0.000000000000000000 ) ) ;
#6028 = LINE ( 'NONE', #7565, #759 ) ;
#6029 = AXIS2_PLACEMENT_3D ( 'NONE', #8996, #3418, #5792 ) ;
#6030 = MECHANICAL_DESIGN_GEOMETRIC_PRESENTATION_REPRESENTATION (  '', ( #6534 ), #2834 ) ;
#6031 = EDGE_CURVE ( 'NONE', #6934, #4870, #9588, .T. ) ;
#6032 = CARTESIAN_POINT ( 'NONE',  ( 9.500000000000003553, 0.000000000000000000, 0.000000000000000000 ) ) ;
#6033 = DIRECTION ( 'NONE',  ( 0.000000000000000000, 1.000000000000000000, -0.000000000000000000 ) ) ;
#6034 = DIRECTION ( 'NONE',  ( 0.000000000000000000, 0.000000000000000000, -1.000000000000000000 ) ) ;
#6035 = VERTEX_POINT ( 'NONE', #10284 ) ;
#6036 = DIRECTION ( 'NONE',  ( -0.000000000000000000, -1.000000000000000000, 0.000000000000000000 ) ) ;
#6037 = VERTEX_POINT ( 'NONE', #2435 ) ;
#6038 = VECTOR ( 'NONE', #5438, 1000.000000000000000 ) ;
#6039 = ORIENTED_EDGE ( 'NONE', *, *, #1704, .T. ) ;
#6040 = DIRECTION ( 'NONE',  ( -0.000000000000000000, -1.000000000000000000, -0.000000000000000000 ) ) ;
#6041 = AXIS2_PLACEMENT_3D ( 'NONE', #8207, #8845, #99 ) ;
#6042 = LINE ( 'NONE', #9922, #5102 ) ;
#6043 = FACE_BOUND ( 'NONE', #9208, .T. ) ;
#6044 = CARTESIAN_POINT ( 'NONE',  ( 3.969999999999999751, 3.000000000000000000, -9.159999999999994813 ) ) ;
#6045 = CARTESIAN_POINT ( 'NONE',  ( 4.719999999999999751, 1.600000000000000089, -9.979999999999996874 ) ) ;
#6046 = CARTESIAN_POINT ( 'NONE',  ( 9.500000000000000000, 4.721281787984062284, -1.778000000000000469 ) ) ;
#6047 = VERTEX_POINT ( 'NONE', #5758 ) ;
#6048 = VERTEX_POINT ( 'NONE', #5646 ) ;
#6049 = PRESENTATION_LAYER_ASSIGNMENT (  '', '', ( #2346 ) ) ;
#6050 = ORIENTED_EDGE ( 'NONE', *, *, #6051, .F. ) ;
#6051 = EDGE_CURVE ( 'NONE', #6505, #8096, #6806, .T. ) ;
#6052 = DIRECTION ( 'NONE',  ( 0.000000000000000000, 1.000000000000000000, -0.000000000000000000 ) ) ;
#6053 = ADVANCED_FACE ( 'NONE', ( #7925 ), #4905, .T. ) ;
#6054 = CARTESIAN_POINT ( 'NONE',  ( 7.620000000000000107, 0.000000000000000000, 9.690000000000004832 ) ) ;
#6055 = LINE ( 'NONE', #731, #4509 ) ;
#6056 = DIRECTION ( 'NONE',  ( 0.000000000000000000, 0.000000000000000000, 1.000000000000000000 ) ) ;
#6057 = CARTESIAN_POINT ( 'NONE',  ( 7.620000000000188400, 4.721281787984062284, 8.890000000000004121 ) ) ;
#6058 = DIRECTION ( 'NONE',  ( -1.000000000000000000, 0.000000000000000000, -0.000000000000000000 ) ) ;
#6059 = ORIENTED_EDGE ( 'NONE', *, *, #5223, .T. ) ;
#6060 = VERTEX_POINT ( 'NONE', #8815 ) ;
#6061 = DIRECTION ( 'NONE',  ( 0.000000000000000000, 0.000000000000000000, -1.000000000000000000 ) ) ;
#6062 = ORIENTED_EDGE ( 'NONE', *, *, #3521, .F. ) ;
#6063 = EDGE_CURVE ( 'NONE', #1795, #6135, #4855, .T. ) ;
#6064 = CARTESIAN_POINT ( 'NONE',  ( 9.500000000000000000, 1.599999999999999867, 0.000000000000000000 ) ) ;
#6065 = CARTESIAN_POINT ( 'NONE',  ( 0.000000000000000000, 0.000000000000000000, 0.4700000000000016387 ) ) ;
#6066 = EDGE_CURVE ( 'NONE', #2948, #1224, #8910, .T. ) ;
#6067 = DIRECTION ( 'NONE',  ( 0.000000000000000000, 1.000000000000000000, -0.000000000000000000 ) ) ;
#6068 = CARTESIAN_POINT ( 'NONE',  ( 7.620000000000000107, 0.000000000000000000, -9.690000000000003055 ) ) ;
#6069 = DIRECTION ( 'NONE',  ( -0.000000000000000000, -1.000000000000000000, -0.000000000000000000 ) ) ;
#6070 = ORIENTED_EDGE ( 'NONE', *, *, #996, .F. ) ;
#6071 = ORIENTED_EDGE ( 'NONE', *, *, #9412, .F. ) ;
#6072 = CARTESIAN_POINT ( 'NONE',  ( 6.000000000000003553, 2.970000000000000195, 9.390000000000005898 ) ) ;
#6073 = VERTEX_POINT ( 'NONE', #2386 ) ;
#6074 = ORIENTED_EDGE ( 'NONE', *, *, #7945, .F. ) ;
#6075 = EDGE_CURVE ( 'NONE', #1026, #8139, #5313, .T. ) ;
#6076 = LINE ( 'NONE', #5393, #656 ) ;
#6077 = DIRECTION ( 'NONE',  ( 0.000000000000000000, 1.000000000000000000, -0.000000000000000000 ) ) ;
#6078 = FACE_OUTER_BOUND ( 'NONE', #8136, .T. ) ;
#6079 = DIRECTION ( 'NONE',  ( -0.000000000000000000, -1.000000000000000000, -0.000000000000000000 ) ) ;
#6080 = CARTESIAN_POINT ( 'NONE',  ( 1.589999999999999636, 29.71055027400083759, -9.690000000000001279 ) ) ;
#6081 = EDGE_LOOP ( 'NONE', ( #4248, #751, #9074, #9958 ) ) ;
#6082 = CARTESIAN_POINT ( 'NONE',  ( 2.900000000000000799, 1.600000000000000089, -9.479999999999995097 ) ) ;
#6083 = VECTOR ( 'NONE', #3433, 1000.000000000000000 ) ;
#6084 = ORIENTED_EDGE ( 'NONE', *, *, #5819, .F. ) ;
#6085 = ORIENTED_EDGE ( 'NONE', *, *, #8351, .F. ) ;
#6086 = EDGE_CURVE ( 'NONE', #6490, #5600, #952, .T. ) ;
#6087 = CARTESIAN_POINT ( 'NONE',  ( 9.500000000000000000, 0.000000000000000000, 0.000000000000000000 ) ) ;
#6088 = VECTOR ( 'NONE', #267, 1000.000000000000000 ) ;
#6089 = PLANE ( 'NONE',  #7932 ) ;
#6090 = LINE ( 'NONE', #470, #3295 ) ;
#6091 = LINE ( 'NONE', #6869, #1751 ) ;
#6092 =( NAMED_UNIT ( * ) SI_UNIT ( $, .STERADIAN. ) SOLID_ANGLE_UNIT ( ) );
#6093 = FILL_AREA_STYLE ('',( #9881 ) ) ;
#6094 = ORIENTED_EDGE ( 'NONE', *, *, #9912, .T. ) ;
#6095 = ORIENTED_EDGE ( 'NONE', *, *, #3483, .T. ) ;
#6096 = ORIENTED_EDGE ( 'NONE', *, *, #8000, .F. ) ;
#6097 = DIRECTION ( 'NONE',  ( 0.000000000000000000, 0.000000000000000000, -1.000000000000000000 ) ) ;
#6098 = LINE ( 'NONE', #7651, #4644 ) ;
#6099 = FACE_OUTER_BOUND ( 'NONE', #6250, .T. ) ;
#6100 = LINE ( 'NONE', #587, #1809 ) ;
#6101 = DIRECTION ( 'NONE',  ( -0.000000000000000000, -1.000000000000000000, -0.000000000000000000 ) ) ;
#6102 = DIRECTION ( 'NONE',  ( 0.000000000000000000, 0.000000000000000000, 1.000000000000000000 ) ) ;
#6103 = EDGE_CURVE ( 'NONE', #3915, #6073, #8712, .T. ) ;
#6104 = ORIENTED_EDGE ( 'NONE', *, *, #2565, .F. ) ;
#6105 = VERTEX_POINT ( 'NONE', #2334 ) ;
#6106 = DIRECTION ( 'NONE',  ( -0.000000000000000000, -1.000000000000000000, -0.000000000000000000 ) ) ;
#6107 = ORIENTED_EDGE ( 'NONE', *, *, #6730, .T. ) ;
#6108 = EDGE_CURVE ( 'NONE', #3949, #3889, #777, .T. ) ;
#6109 = DIRECTION ( 'NONE',  ( -1.000000000000000000, 0.000000000000000000, 0.000000000000000000 ) ) ;
#6110 = CARTESIAN_POINT ( 'NONE',  ( 6.049999999999999822, 2.970000000000000195, -4.580000000000003624 ) ) ;
#6111 = CARTESIAN_POINT ( 'NONE',  ( 9.500000000000003553, 1.600000000000000089, -7.150000000000001243 ) ) ;
#6112 = CARTESIAN_POINT ( 'NONE',  ( -9.500000000000000000, 1.599999999999999867, 0.000000000000000000 ) ) ;
#6113 = DIRECTION ( 'NONE',  ( -0.000000000000000000, -1.000000000000000000, -0.000000000000000000 ) ) ;
#6114 = EDGE_CURVE ( 'NONE', #313, #4848, #4069, .T. ) ;
#6115 = VECTOR ( 'NONE', #10160, 1000.000000000000000 ) ;
#6116 = ADVANCED_FACE ( 'NONE', ( #7253 ), #10344, .F. ) ;
#6117 = DIRECTION ( 'NONE',  ( 0.000000000000000000, 0.000000000000000000, -1.000000000000000000 ) ) ;
#6118 = ORIENTED_EDGE ( 'NONE', *, *, #2125, .F. ) ;
#6119 = ORIENTED_EDGE ( 'NONE', *, *, #8685, .F. ) ;
#6120 = VERTEX_POINT ( 'NONE', #5958 ) ;
#6121 = EDGE_CURVE ( 'NONE', #3783, #5821, #1752, .T. ) ;
#6122 = ORIENTED_EDGE ( 'NONE', *, *, #10115, .T. ) ;
#6123 = ORIENTED_EDGE ( 'NONE', *, *, #4235, .F. ) ;
#6124 = FACE_OUTER_BOUND ( 'NONE', #10336, .T. ) ;
#6125 = CIRCLE ( 'NONE', #4431, 0.5079999999999963434 ) ;
#6126 = DIRECTION ( 'NONE',  ( -1.365923996832131609E-16, 0.000000000000000000, -1.000000000000000000 ) ) ;
#6127 = LINE ( 'NONE', #4489, #5831 ) ;
#6128 = LINE ( 'NONE', #2130, #9267 ) ;
#6129 = EDGE_CURVE ( 'NONE', #7117, #7375, #7405, .T. ) ;
#6130 = ORIENTED_EDGE ( 'NONE', *, *, #3285, .F. ) ;
#6131 =( GEOMETRIC_REPRESENTATION_CONTEXT ( 3 ) GLOBAL_UNCERTAINTY_ASSIGNED_CONTEXT ( ( #1122 ) ) GLOBAL_UNIT_ASSIGNED_CONTEXT ( ( #9503, #4864, #2291 ) ) REPRESENTATION_CONTEXT ( 'NONE', 'WORKASPACE' ) );
#6132 = MECHANICAL_DESIGN_GEOMETRIC_PRESENTATION_REPRESENTATION (  '', ( #3442 ), #9918 ) ;
#6133 = ORIENTED_EDGE ( 'NONE', *, *, #8213, .F. ) ;
#6134 = CARTESIAN_POINT ( 'NONE',  ( -6.349999999999999645, 2.970000000000000639, -9.490000000000000213 ) ) ;
#6135 = VERTEX_POINT ( 'NONE', #2799 ) ;
#6136 = LINE ( 'NONE', #8417, #5533 ) ;
#6137 = DIRECTION ( 'NONE',  ( 0.000000000000000000, 0.000000000000000000, -1.000000000000000000 ) ) ;
#6138 = DIRECTION ( 'NONE',  ( 0.000000000000000000, 0.000000000000000000, -1.000000000000000000 ) ) ;
#6139 = EDGE_CURVE ( 'NONE', #8871, #1198, #225, .T. ) ;
#6140 = CARTESIAN_POINT ( 'NONE',  ( -9.499999999999868550, 1.599999999999999867, 3.810000000000000941 ) ) ;
#6141 = CYLINDRICAL_SURFACE ( 'NONE', #596, 0.8000000000000003775 ) ;
#6142 = FILL_AREA_STYLE_COLOUR ( '', #8215 ) ;
#6143 = PLANE ( 'NONE',  #5331 ) ;
#6144 = CLOSED_SHELL ( 'NONE', ( #9346, #8225, #9529, #224, #2831, #8662, #7392, #8780, #2318, #167 ) ) ;
#6145 = VERTEX_POINT ( 'NONE', #5177 ) ;
#6146 = VERTEX_POINT ( 'NONE', #6781 ) ;
#6147 = AXIS2_PLACEMENT_3D ( 'NONE', #4730, #9618, #1776 ) ;
#6148 = ORIENTED_EDGE ( 'NONE', *, *, #10115, .F. ) ;
#6149 = LINE ( 'NONE', #3679, #1998 ) ;
#6150 = AXIS2_PLACEMENT_3D ( 'NONE', #6953, #2915, #9279 ) ;
#6151 = VECTOR ( 'NONE', #2369, 1000.000000000000000 ) ;
#6152 = DIRECTION ( 'NONE',  ( 1.000000000000000000, 0.000000000000000000, -1.365923996832131856E-16 ) ) ;
#6153 = CARTESIAN_POINT ( 'NONE',  ( -9.500000000000000000, 4.721281787984062284, -9.690000000000001279 ) ) ;
#6154 = CARTESIAN_POINT ( 'NONE',  ( -7.620000000000000107, 0.000000000000000000, 7.149999999999999467 ) ) ;
#6155 = ADVANCED_FACE ( 'NONE', ( #182 ), #6632, .F. ) ;
#6156 = PLANE ( 'NONE',  #9989 ) ;
#6157 = CARTESIAN_POINT ( 'NONE',  ( 0.000000000000000000, 0.000000000000000000, 8.090000000000003411 ) ) ;
#6158 = STYLED_ITEM ( 'NONE', ( #8103 ), #5107 ) ;
#6159 = DIRECTION ( 'NONE',  ( 0.000000000000000000, 1.000000000000000000, 0.000000000000000000 ) ) ;
#6160 = VECTOR ( 'NONE', #1257, 1000.000000000000000 ) ;
#6161 = DIRECTION ( 'NONE',  ( 0.000000000000000000, 1.000000000000000000, -0.000000000000000000 ) ) ;
#6162 = ORIENTED_EDGE ( 'NONE', *, *, #5614, .T. ) ;
#6163 = LINE ( 'NONE', #8385, #10340 ) ;
#6164 = VERTEX_POINT ( 'NONE', #4370 ) ;
#6165 = VECTOR ( 'NONE', #5568, 1000.000000000000000 ) ;
#6166 = FACE_OUTER_BOUND ( 'NONE', #8493, .T. ) ;
#6167 = VECTOR ( 'NONE', #1340, 1000.000000000000000 ) ;
#6168 = UNCERTAINTY_MEASURE_WITH_UNIT (LENGTH_MEASURE( 1.000000000000000082E-05 ), #2049, 'distance_accuracy_value', 'NONE');
#6169 = AXIS2_PLACEMENT_3D ( 'NONE', #8182, #2497, #5703 ) ;
#6170 = VECTOR ( 'NONE', #3263, 1000.000000000000000 ) ;
#6171 = PLANE ( 'NONE',  #5981 ) ;
#6172 = EDGE_CURVE ( 'NONE', #4802, #6197, #8463, .T. ) ;
#6173 = LINE ( 'NONE', #7817, #6417 ) ;
#6174 = CARTESIAN_POINT ( 'NONE',  ( 1.939999999999998170, 3.270000000000000018, -4.580000000000003624 ) ) ;
#6175 = FACE_OUTER_BOUND ( 'NONE', #7934, .T. ) ;
#6176 = ORIENTED_EDGE ( 'NONE', *, *, #9223, .T. ) ;
#6177 = ORIENTED_EDGE ( 'NONE', *, *, #10025, .F. ) ;
#6178 =( GEOMETRIC_REPRESENTATION_CONTEXT ( 3 ) GLOBAL_UNCERTAINTY_ASSIGNED_CONTEXT ( ( #6168 ) ) GLOBAL_UNIT_ASSIGNED_CONTEXT ( ( #2049, #4659, #1608 ) ) REPRESENTATION_CONTEXT ( 'NONE', 'WORKASPACE' ) );
#6179 = VERTEX_POINT ( 'NONE', #2648 ) ;
#6180 = ORIENTED_EDGE ( 'NONE', *, *, #337, .F. ) ;
#6181 = DIRECTION ( 'NONE',  ( -0.000000000000000000, -1.000000000000000000, -0.000000000000000000 ) ) ;
#6182 = VECTOR ( 'NONE', #874, 1000.000000000000000 ) ;
#6183 = CARTESIAN_POINT ( 'NONE',  ( 1.240000000000001545, 3.069999999999999840, -9.340000000000003411 ) ) ;
#6184 = EDGE_CURVE ( 'NONE', #6598, #7821, #7450, .T. ) ;
#6185 = ADVANCED_FACE ( 'NONE', ( #1804 ), #1067, .F. ) ;
#6186 = PLANE ( 'NONE',  #1637 ) ;
#6187 = FACE_OUTER_BOUND ( 'NONE', #1327, .T. ) ;
#6188 = ADVANCED_FACE ( 'NONE', ( #9056 ), #1900, .F. ) ;
#6189 = AXIS2_PLACEMENT_3D ( 'NONE', #9155, #5374, #9311 ) ;
#6190 = LINE ( 'NONE', #8611, #4223 ) ;
#6191 = CARTESIAN_POINT ( 'NONE',  ( 7.620000000000084484, 0.000000000000000000, -0.7619999999999939044 ) ) ;
#6192 = VECTOR ( 'NONE', #7039, 1000.000000000000000 ) ;
#6193 = ORIENTED_EDGE ( 'NONE', *, *, #7254, .F. ) ;
#6194 = EDGE_LOOP ( 'NONE', ( #2791, #9946, #5354, #455 ) ) ;
#6195 = VERTEX_POINT ( 'NONE', #602 ) ;
#6196 = FACE_OUTER_BOUND ( 'NONE', #4365, .T. ) ;
#6197 = VERTEX_POINT ( 'NONE', #6994 ) ;
#6198 = CIRCLE ( 'NONE', #4838, 0.5080000000000006732 ) ;
#6199 = DIRECTION ( 'NONE',  ( 0.000000000000000000, -0.000000000000000000, 1.000000000000000000 ) ) ;
#6200 = EDGE_CURVE ( 'NONE', #45, #186, #3847, .T. ) ;
#6201 = EDGE_CURVE ( 'NONE', #1758, #1856, #1277, .T. ) ;
#6202 = DIRECTION ( 'NONE',  ( -1.000000000000000000, 0.000000000000000000, -0.000000000000000000 ) ) ;
#6203 = CARTESIAN_POINT ( 'NONE',  ( 9.500000000000003553, 1.600000000000000089, 7.150000000000003908 ) ) ;
#6204 = DIRECTION ( 'NONE',  ( 0.000000000000000000, 1.000000000000000000, -0.000000000000000000 ) ) ;
#6205 = CARTESIAN_POINT ( 'NONE',  ( -7.620000000000000995, 4.721281787984062284, -8.890000000000000568 ) ) ;
#6206 = VECTOR ( 'NONE', #7938, 1000.000000000000000 ) ;
#6207 = DIRECTION ( 'NONE',  ( -0.000000000000000000, -1.000000000000000000, -0.000000000000000000 ) ) ;
#6208 = ORIENTED_EDGE ( 'NONE', *, *, #8582, .F. ) ;
#6209 = ORIENTED_EDGE ( 'NONE', *, *, #8521, .T. ) ;
#6210 = ORIENTED_EDGE ( 'NONE', *, *, #3317, .F. ) ;
#6211 = LINE ( 'NONE', #5370, #6861 ) ;
#6212 = ADVANCED_FACE ( 'NONE', ( #3056 ), #3792, .T. ) ;
#6213 = CIRCLE ( 'NONE', #4853, 0.8000000000000020428 ) ;
#6214 = DIRECTION ( 'NONE',  ( 0.000000000000000000, 1.000000000000000000, -0.000000000000000000 ) ) ;
#6215 = CARTESIAN_POINT ( 'NONE',  ( 6.000000000000001776, 3.069999999999999840, -4.630000000000001670 ) ) ;
#6216 = CARTESIAN_POINT ( 'NONE',  ( -9.499999999999996447, 1.600000000000000089, -10.99999999999999645 ) ) ;
#6217 = CARTESIAN_POINT ( 'NONE',  ( -7.619999999999922835, 0.000000000000000000, -1.777999999999998693 ) ) ;
#6218 = CARTESIAN_POINT ( 'NONE',  ( -2.083052259051942017E-15, 0.000000000000000000, -3.010000000000006004 ) ) ;
#6219 = FACE_OUTER_BOUND ( 'NONE', #1172, .T. ) ;
#6220 = ORIENTED_EDGE ( 'NONE', *, *, #3761, .F. ) ;
#6221 = AXIS2_PLACEMENT_3D ( 'NONE', #7883, #10244, #2444 ) ;
#6222 = PLANE ( 'NONE',  #4658 ) ;
#6223 = ORIENTED_EDGE ( 'NONE', *, *, #10307, .T. ) ;
#6224 = EDGE_CURVE ( 'NONE', #6035, #8398, #7763, .T. ) ;
#6225 = LINE ( 'NONE', #8596, #8337 ) ;
#6226 = CARTESIAN_POINT ( 'NONE',  ( 1.939999999999998170, 3.270000000000000018, -4.630000000000001670 ) ) ;
#6227 = DIRECTION ( 'NONE',  ( -0.000000000000000000, -1.000000000000000000, -0.000000000000000000 ) ) ;
#6228 = SURFACE_STYLE_USAGE ( .BOTH. , #7141 ) ;
#6229 = VERTEX_POINT ( 'NONE', #6111 ) ;
#6230 = VERTEX_POINT ( 'NONE', #8501 ) ;
#6231 = DIRECTION ( 'NONE',  ( 0.000000000000000000, 0.000000000000000000, 1.000000000000000000 ) ) ;
#6232 = LINE ( 'NONE', #4586, #6022 ) ;
#6233 = CYLINDRICAL_SURFACE ( 'NONE', #962, 0.8000000000000003775 ) ;
#6234 = DIRECTION ( 'NONE',  ( 0.000000000000000000, 1.000000000000000000, -0.000000000000000000 ) ) ;
#6235 = CARTESIAN_POINT ( 'NONE',  ( -7.619999999999845564, 1.599999999999999867, 6.858000000000004981 ) ) ;
#6236 = SURFACE_STYLE_USAGE ( .BOTH. , #3023 ) ;
#6237 = LINE ( 'NONE', #4856, #8305 ) ;
#6238 = ORIENTED_EDGE ( 'NONE', *, *, #3871, .T. ) ;
#6239 = ORIENTED_EDGE ( 'NONE', *, *, #7202, .F. ) ;
#6240 = CARTESIAN_POINT ( 'NONE',  ( 7.620000000000060503, 1.599999999999999867, -3.810000000000000053 ) ) ;
#6241 = AXIS2_PLACEMENT_3D ( 'NONE', #9902, #1231, #4419 ) ;
#6242 = ORIENTED_EDGE ( 'NONE', *, *, #6628, .F. ) ;
#6243 = EDGE_CURVE ( 'NONE', #6105, #5600, #4475, .T. ) ;
#6244 = LINE ( 'NONE', #4026, #10198 ) ;
#6245 = FILL_AREA_STYLE ('',( #3665 ) ) ;
#6246 = VECTOR ( 'NONE', #3057, 1000.000000000000000 ) ;
#6247 = DIRECTION ( 'NONE',  ( 1.000000000000000000, 0.000000000000000000, -0.000000000000000000 ) ) ;
#6248 = VECTOR ( 'NONE', #3385, 1000.000000000000000 ) ;
#6249 = DIRECTION ( 'NONE',  ( 0.000000000000000000, 0.000000000000000000, -1.000000000000000000 ) ) ;
#6250 = EDGE_LOOP ( 'NONE', ( #2853, #6122, #6709, #1992 ) ) ;
#6251 = DIRECTION ( 'NONE',  ( 0.000000000000000000, 0.000000000000000000, 1.000000000000000000 ) ) ;
#6252 = ADVANCED_FACE ( 'NONE', ( #3011 ), #1430, .T. ) ;
#6253 = ORIENTED_EDGE ( 'NONE', *, *, #1922, .T. ) ;
#6254 = VERTEX_POINT ( 'NONE', #4631 ) ;
#6255 = EDGE_CURVE ( 'NONE', #1822, #1341, #8288, .T. ) ;
#6256 = CARTESIAN_POINT ( 'NONE',  ( -9.499999999999996447, 1.600000000000000089, 0.4700000000000016387 ) ) ;
#6257 = AXIS2_PLACEMENT_3D ( 'NONE', #5479, #8654, #1485 ) ;
#6258 = CARTESIAN_POINT ( 'NONE',  ( 9.500000000000000000, 0.000000000000000000, 3.810000000000000941 ) ) ;
#6259 = CARTESIAN_POINT ( 'NONE',  ( 9.500000000000000000, 0.000000000000000000, -3.810000000000000053 ) ) ;
#6260 = DIRECTION ( 'NONE',  ( -0.000000000000000000, -1.000000000000000000, -0.000000000000000000 ) ) ;
#6261 = CARTESIAN_POINT ( 'NONE',  ( 7.620000000000188400, 0.000000000000000000, 8.890000000000004121 ) ) ;
#6262 = DIRECTION ( 'NONE',  ( -0.000000000000000000, -1.000000000000000000, -0.000000000000000000 ) ) ;
#6263 = ADVANCED_FACE ( 'NONE', ( #9167 ), #7816, .T. ) ;
#6264 = CIRCLE ( 'NONE', #7736, 0.5080000000000001181 ) ;
#6265 = CARTESIAN_POINT ( 'NONE',  ( 7.620000000000192841, 0.000000000000000000, 8.890000000000000568 ) ) ;
#6266 = ORIENTED_EDGE ( 'NONE', *, *, #7716, .F. ) ;
#6267 = CARTESIAN_POINT ( 'NONE',  ( -9.500000000000000000, 1.599999999999999867, -8.382000000000001450 ) ) ;
#6268 = VERTEX_POINT ( 'NONE', #7043 ) ;
#6269 = DIRECTION ( 'NONE',  ( 0.000000000000000000, 0.000000000000000000, -1.000000000000000000 ) ) ;
#6270 = CARTESIAN_POINT ( 'NONE',  ( -7.619999999999897078, 0.000000000000000000, 0.7620000000000018980 ) ) ;
#6271 = UNCERTAINTY_MEASURE_WITH_UNIT (LENGTH_MEASURE( 1.000000000000000082E-05 ), #2237, 'distance_accuracy_value', 'NONE');
#6272 = LINE ( 'NONE', #3166, #1115 ) ;
#6273 = DIRECTION ( 'NONE',  ( 0.000000000000000000, 1.000000000000000000, -0.000000000000000000 ) ) ;
#6274 = LINE ( 'NONE', #6174, #46 ) ;
#6275 = EDGE_CURVE ( 'NONE', #2639, #1301, #2014, .T. ) ;
#6276 = ORIENTED_EDGE ( 'NONE', *, *, #6744, .T. ) ;
#6277 = ORIENTED_EDGE ( 'NONE', *, *, #1670, .T. ) ;
#6278 = ORIENTED_EDGE ( 'NONE', *, *, #6948, .T. ) ;
#6279 = DIRECTION ( 'NONE',  ( -0.000000000000000000, -1.000000000000000000, -0.000000000000000000 ) ) ;
#6280 = DIRECTION ( 'NONE',  ( 2.368845082741437116E-16, 1.000000000000000000, 0.000000000000000000 ) ) ;
#6281 = CARTESIAN_POINT ( 'NONE',  ( -6.000000000000003553, 3.270000000000000018, 8.195543980992794586E-16 ) ) ;
#6282 = CIRCLE ( 'NONE', #7591, 0.8000000000000003775 ) ;
#6283 = DIRECTION ( 'NONE',  ( 0.000000000000000000, 1.000000000000000000, 0.000000000000000000 ) ) ;
#6284 = CARTESIAN_POINT ( 'NONE',  ( 9.500000000000003553, 0.000000000000000000, 0.000000000000000000 ) ) ;
#6285 = DIRECTION ( 'NONE',  ( -0.000000000000000000, -1.000000000000000000, -0.000000000000000000 ) ) ;
#6286 = ORIENTED_EDGE ( 'NONE', *, *, #10060, .T. ) ;
#6287 = ORIENTED_EDGE ( 'NONE', *, *, #7500, .F. ) ;
#6288 = DIRECTION ( 'NONE',  ( 1.000000000000000000, 0.000000000000000000, -0.000000000000000000 ) ) ;
#6289 = ORIENTED_EDGE ( 'NONE', *, *, #6063, .F. ) ;
#6290 = VECTOR ( 'NONE', #2813, 1000.000000000000000 ) ;
#6291 = CARTESIAN_POINT ( 'NONE',  ( 7.620000000000000107, 0.000000000000000000, -0.4699999999999986411 ) ) ;
#6292 = CARTESIAN_POINT ( 'NONE',  ( -6.150000000000000355, 29.71055027400083759, 9.340000000000008740 ) ) ;
#6293 = CYLINDRICAL_SURFACE ( 'NONE', #5261, 0.5080000000000001181 ) ;
#6294 = AXIS2_PLACEMENT_3D ( 'NONE', #8919, #9707, #5127 ) ;
#6295 = DIRECTION ( 'NONE',  ( 1.186541365237213826E-16, -0.000000000000000000, 1.000000000000000000 ) ) ;
#6296 = EDGE_CURVE ( 'NONE', #6197, #10131, #10221, .T. ) ;
#6297 = ORIENTED_EDGE ( 'NONE', *, *, #3161, .T. ) ;
#6298 = FACE_BOUND ( 'NONE', #3246, .T. ) ;
#6299 = ORIENTED_EDGE ( 'NONE', *, *, #1042, .F. ) ;
#6300 = ORIENTED_EDGE ( 'NONE', *, *, #6492, .T. ) ;
#6301 = CARTESIAN_POINT ( 'NONE',  ( 7.620000000000000107, 1.600000000000000089, 7.150000000000003020 ) ) ;
#6302 = VECTOR ( 'NONE', #1324, 1000.000000000000000 ) ;
#6303 = EDGE_CURVE ( 'NONE', #6797, #9701, #5643, .T. ) ;
#6304 = EDGE_CURVE ( 'NONE', #2864, #2324, #549, .T. ) ;
#6305 = PLANE ( 'NONE',  #8967 ) ;
#6306 = DIRECTION ( 'NONE',  ( 0.000000000000000000, 0.000000000000000000, 1.000000000000000000 ) ) ;
#6307 = CARTESIAN_POINT ( 'NONE',  ( -7.619999999999814477, 1.600000000000000089, 8.890000000000000568 ) ) ;
#6308 = EDGE_CURVE ( 'NONE', #4058, #9507, #6939, .T. ) ;
#6309 = DIRECTION ( 'NONE',  ( 0.000000000000000000, 0.000000000000000000, -1.000000000000000000 ) ) ;
#6310 = CARTESIAN_POINT ( 'NONE',  ( -6.000000000000002665, 3.270000000000000018, 9.390000000000007674 ) ) ;
#6311 = CARTESIAN_POINT ( 'NONE',  ( 6.380645125733860089E-15, 4.721281787984062284, 4.610000000000013642 ) ) ;
#6312 = ORIENTED_EDGE ( 'NONE', *, *, #8467, .F. ) ;
#6313 = CARTESIAN_POINT ( 'NONE',  ( 7.620000000000057838, 0.000000000000000000, -3.809999999999999165 ) ) ;
#6314 = ORIENTED_EDGE ( 'NONE', *, *, #1330, .F. ) ;
#6315 = ORIENTED_EDGE ( 'NONE', *, *, #3664, .T. ) ;
#6316 = AXIS2_PLACEMENT_3D ( 'NONE', #2311, #1731, #8062 ) ;
#6317 = CYLINDRICAL_SURFACE ( 'NONE', #4332, 0.8000000000000012657 ) ;
#6318 = EDGE_CURVE ( 'NONE', #8277, #2966, #3639, .T. ) ;
#6319 = AXIS2_PLACEMENT_3D ( 'NONE', #10143, #5253, #1203 ) ;
#6320 = VECTOR ( 'NONE', #4540, 1000.000000000000000 ) ;
#6321 = FACE_OUTER_BOUND ( 'NONE', #4814, .T. ) ;
#6322 = ADVANCED_FACE ( 'NONE', ( #6892, #2902 ), #6171, .F. ) ;
#6323 = CARTESIAN_POINT ( 'NONE',  ( 6.050000000000001599, 3.069999999999999840, 9.340000000000006963 ) ) ;
#6324 = PLANE ( 'NONE',  #6147 ) ;
#6325 = VERTEX_POINT ( 'NONE', #5384 ) ;
#6326 = ORIENTED_EDGE ( 'NONE', *, *, #3470, .F. ) ;
#6327 = AXIS2_PLACEMENT_3D ( 'NONE', #843, #1680, #5725 ) ;
#6328 = VECTOR ( 'NONE', #5599, 1000.000000000000000 ) ;
#6329 = EDGE_LOOP ( 'NONE', ( #10080, #3700, #5483, #6180 ) ) ;
#6330 = DIRECTION ( 'NONE',  ( 0.000000000000000000, 0.000000000000000000, -1.000000000000000000 ) ) ;
#6331 = DIRECTION ( 'NONE',  ( 0.000000000000000000, 0.000000000000000000, 1.000000000000000000 ) ) ;
#6332 = ADVANCED_FACE ( 'NONE', ( #1385 ), #268, .F. ) ;
#6333 = AXIS2_PLACEMENT_3D ( 'NONE', #1022, #6539, #4956 ) ;
#6334 = VECTOR ( 'NONE', #2940, 1000.000000000000000 ) ;
#6335 = DIRECTION ( 'NONE',  ( 1.186541365237213826E-16, 0.000000000000000000, 1.000000000000000000 ) ) ;
#6336 = CARTESIAN_POINT ( 'NONE',  ( 1.240000000000001545, 2.970000000000000195, -9.390000000000000568 ) ) ;
#6337 = VECTOR ( 'NONE', #6283, 1000.000000000000000 ) ;
#6338 = PLANE ( 'NONE',  #2046 ) ;
#6339 = CARTESIAN_POINT ( 'NONE',  ( -6.000000000000001776, 3.270000000000000018, -9.390000000000000568 ) ) ;
#6340 = VECTOR ( 'NONE', #7556, 1000.000000000000000 ) ;
#6341 = DIRECTION ( 'NONE',  ( 0.000000000000000000, 0.000000000000000000, 1.000000000000000000 ) ) ;
#6342 = ORIENTED_EDGE ( 'NONE', *, *, #1302, .F. ) ;
#6343 = ORIENTED_EDGE ( 'NONE', *, *, #762, .T. ) ;
#6344 = CARTESIAN_POINT ( 'NONE',  ( 6.000000000000002665, 3.270000000000000018, -7.119248191423285917E-16 ) ) ;
#6345 = ORIENTED_EDGE ( 'NONE', *, *, #7535, .F. ) ;
#6346 = CARTESIAN_POINT ( 'NONE',  ( 0.000000000000000000, 1.600000000000000089, -8.089999999999998082 ) ) ;
#6347 = ADVANCED_FACE ( 'NONE', ( #7241 ), #3264, .F. ) ;
#6348 = VECTOR ( 'NONE', #2582, 1000.000000000000000 ) ;
#6349 = CARTESIAN_POINT ( 'NONE',  ( -7.620000000000000107, 1.600000000000000089, -5.549999999999998934 ) ) ;
#6350 = DIRECTION ( 'NONE',  ( 0.000000000000000000, 0.000000000000000000, 1.000000000000000000 ) ) ;
#6351 = CARTESIAN_POINT ( 'NONE',  ( -9.500000000000000000, 1.599999999999999867, 4.610000000000002984 ) ) ;
#6352 = LINE ( 'NONE', #3874, #4975 ) ;
#6353 = VERTEX_POINT ( 'NONE', #4688 ) ;
#6354 = DIRECTION ( 'NONE',  ( 0.000000000000000000, 0.000000000000000000, -1.000000000000000000 ) ) ;
#6355 = EDGE_LOOP ( 'NONE', ( #3941, #3207 ) ) ;
#6356 = ORIENTED_EDGE ( 'NONE', *, *, #7152, .T. ) ;
#6357 = VECTOR ( 'NONE', #6109, 1000.000000000000000 ) ;
#6358 = DIRECTION ( 'NONE',  ( 0.000000000000000000, 1.000000000000000000, -0.000000000000000000 ) ) ;
#6359 = LINE ( 'NONE', #8009, #6165 ) ;
#6360 = VECTOR ( 'NONE', #7041, 1000.000000000000000 ) ;
#6361 = DIRECTION ( 'NONE',  ( 0.000000000000000000, 0.000000000000000000, 1.000000000000000000 ) ) ;
#6362 = DIRECTION ( 'NONE',  ( -1.366641393889291440E-16, 0.000000000000000000, -1.000000000000000000 ) ) ;
#6363 = CARTESIAN_POINT ( 'NONE',  ( -9.500000000000000000, 4.721281787984062284, 5.841999999999999638 ) ) ;
#6364 = LINE ( 'NONE', #2258, #3560 ) ;
#6365 = CARTESIAN_POINT ( 'NONE',  ( 7.620000000000000107, 1.600000000000000089, -3.009999999999998010 ) ) ;
#6366 = ORIENTED_EDGE ( 'NONE', *, *, #6275, .T. ) ;
#6367 = DIRECTION ( 'NONE',  ( -0.000000000000000000, -1.000000000000000000, -0.000000000000000000 ) ) ;
#6368 = EDGE_CURVE ( 'NONE', #7246, #3072, #10130, .T. ) ;
#6369 = ORIENTED_EDGE ( 'NONE', *, *, #521, .T. ) ;
#6370 = EDGE_CURVE ( 'NONE', #2937, #8170, #4101, .T. ) ;
#6371 = EDGE_LOOP ( 'NONE', ( #3398, #1569, #8119, #4046 ) ) ;
#6372 = AXIS2_PLACEMENT_3D ( 'NONE', #3417, #1841, #6616 ) ;
#6373 = EDGE_CURVE ( 'NONE', #1736, #5697, #8027, .T. ) ;
#6374 = DIRECTION ( 'NONE',  ( 0.000000000000000000, 0.000000000000000000, -1.000000000000000000 ) ) ;
#6375 = LINE ( 'NONE', #755, #5139 ) ;
#6376 = UNCERTAINTY_MEASURE_WITH_UNIT (LENGTH_MEASURE( 1.000000000000000082E-05 ), #6715, 'distance_accuracy_value', 'NONE');
#6377 = CYLINDRICAL_SURFACE ( 'NONE', #7796, 0.8000000000000003775 ) ;
#6378 = VECTOR ( 'NONE', #7313, 1000.000000000000000 ) ;
#6379 = CARTESIAN_POINT ( 'NONE',  ( 0.000000000000000000, 1.600000000000000089, -9.690000000000003055 ) ) ;
#6380 = ORIENTED_EDGE ( 'NONE', *, *, #4246, .F. ) ;
#6381 = ORIENTED_EDGE ( 'NONE', *, *, #5382, .F. ) ;
#6382 = EDGE_LOOP ( 'NONE', ( #1054, #2601, #3129, #146 ) ) ;
#6383 = EDGE_CURVE ( 'NONE', #4622, #6708, #6272, .T. ) ;
#6384 = ORIENTED_EDGE ( 'NONE', *, *, #2208, .F. ) ;
#6385 = LINE ( 'NONE', #7149, #9500 ) ;
#6386 = ADVANCED_FACE ( 'NONE', ( #6321 ), #6377, .F. ) ;
#6387 = DIRECTION ( 'NONE',  ( -0.000000000000000000, -1.000000000000000000, -0.000000000000000000 ) ) ;
#6388 = CARTESIAN_POINT ( 'NONE',  ( -7.619999999999894413, 1.599999999999999867, 1.270000000000000240 ) ) ;
#6389 = CARTESIAN_POINT ( 'NONE',  ( 7.620000000000000107, 1.600000000000000089, 3.010000000000002451 ) ) ;
#6390 = DIRECTION ( 'NONE',  ( -0.000000000000000000, -1.000000000000000000, -0.000000000000000000 ) ) ;
#6391 = LINE ( 'NONE', #1554, #1968 ) ;
#6392 = EDGE_CURVE ( 'NONE', #3156, #6195, #7288, .T. ) ;
#6393 = VERTEX_POINT ( 'NONE', #17 ) ;
#6394 = DIRECTION ( 'NONE',  ( -0.000000000000000000, -1.000000000000000000, -0.000000000000000000 ) ) ;
#6395 = VERTEX_POINT ( 'NONE', #861 ) ;
#6396 = CARTESIAN_POINT ( 'NONE',  ( -7.620000000000000107, 4.721281787984062284, -2.069999999999998508 ) ) ;
#6397 = FILL_AREA_STYLE_COLOUR ( '', #2707 ) ;
#6398 = CARTESIAN_POINT ( 'NONE',  ( -7.620000000000000107, 0.000000000000000000, -3.010000000000001119 ) ) ;
#6399 = CARTESIAN_POINT ( 'NONE',  ( 4.719999999999999751, 1.750000000000000000, -9.979999999999996874 ) ) ;
#6400 = ORIENTED_EDGE ( 'NONE', *, *, #4495, .F. ) ;
#6401 = CARTESIAN_POINT ( 'NONE',  ( -6.349999999999999645, 29.71055027400083759, 9.690000000000006608 ) ) ;
#6402 = EDGE_CURVE ( 'NONE', #638, #301, #8857, .T. ) ;
#6403 = ORIENTED_EDGE ( 'NONE', *, *, #971, .F. ) ;
#6404 = ORIENTED_EDGE ( 'NONE', *, *, #1107, .T. ) ;
#6405 = AXIS2_PLACEMENT_3D ( 'NONE', #3809, #7011, #511 ) ;
#6406 = DIRECTION ( 'NONE',  ( 0.000000000000000000, 1.000000000000000000, -0.000000000000000000 ) ) ;
#6407 = DIRECTION ( 'NONE',  ( 0.000000000000000000, -1.000000000000000000, 0.000000000000000000 ) ) ;
#6408 = FILL_AREA_STYLE ('',( #3886 ) ) ;
#6409 = LINE ( 'NONE', #2568, #7967 ) ;
#6410 = DIRECTION ( 'NONE',  ( 0.000000000000000000, 0.000000000000000000, 1.000000000000000000 ) ) ;
#6411 = DIRECTION ( 'NONE',  ( -1.000000000000000000, 0.000000000000000000, 0.000000000000000000 ) ) ;
#6412 = FILL_AREA_STYLE ('',( #4989 ) ) ;
#6413 = VERTEX_POINT ( 'NONE', #1537 ) ;
#6414 = CARTESIAN_POINT ( 'NONE',  ( -7.620000000000000995, 4.721281787984062284, -9.397999999999999687 ) ) ;
#6415 = ORIENTED_EDGE ( 'NONE', *, *, #1887, .T. ) ;
#6416 = ORIENTED_EDGE ( 'NONE', *, *, #4016, .T. ) ;
#6417 = VECTOR ( 'NONE', #7608, 1000.000000000000000 ) ;
#6418 = CARTESIAN_POINT ( 'NONE',  ( 7.620000000000000107, 0.000000000000000000, -8.089999999999998082 ) ) ;
#6419 = DIRECTION ( 'NONE',  ( 0.000000000000000000, 0.000000000000000000, 1.000000000000000000 ) ) ;
#6420 = ADVANCED_FACE ( 'NONE', ( #9481 ), #6471, .F. ) ;
#6421 = VECTOR ( 'NONE', #1902, 1000.000000000000000 ) ;
#6422 = CARTESIAN_POINT ( 'NONE',  ( -7.464847298219355056E-15, 1.600000000000000089, -8.090000000000008740 ) ) ;
#6423 = VERTEX_POINT ( 'NONE', #3110 ) ;
#6424 = VERTEX_POINT ( 'NONE', #8653 ) ;
#6425 = EDGE_CURVE ( 'NONE', #5366, #2221, #9528, .T. ) ;
#6426 = EDGE_LOOP ( 'NONE', ( #8804, #8937, #1711, #9820 ) ) ;
#6427 = EDGE_LOOP ( 'NONE', ( #8289, #187, #5235, #6584 ) ) ;
#6428 = DIRECTION ( 'NONE',  ( 0.000000000000000000, 1.000000000000000000, -0.000000000000000000 ) ) ;
#6429 = CARTESIAN_POINT ( 'NONE',  ( 9.500000000000000000, 4.721281787984062284, 1.778000000000000469 ) ) ;
#6430 = CARTESIAN_POINT ( 'NONE',  ( 6.000000000000001776, 1.600000000000000755, -4.930000000000001492 ) ) ;
#6431 = EDGE_CURVE ( 'NONE', #10240, #4950, #810, .T. ) ;
#6432 = ADVANCED_FACE ( 'NONE', ( #2488, #8702 ), #2371, .T. ) ;
#6433 = DIRECTION ( 'NONE',  ( -0.000000000000000000, -1.000000000000000000, -0.000000000000000000 ) ) ;
#6434 = DIRECTION ( 'NONE',  ( 0.000000000000000000, 0.000000000000000000, 1.000000000000000000 ) ) ;
#6435 = CARTESIAN_POINT ( 'NONE',  ( 3.219999999999999751, 1.750000000000000000, -9.979999999999996874 ) ) ;
#6436 = EDGE_CURVE ( 'NONE', #5939, #45, #5583, .T. ) ;
#6437 = CARTESIAN_POINT ( 'NONE',  ( -9.499999999999841904, 1.599999999999999867, 6.349999999999999645 ) ) ;
#6438 = ORIENTED_EDGE ( 'NONE', *, *, #7441, .F. ) ;
#6439 = CARTESIAN_POINT ( 'NONE',  ( 6.150000000000002132, 2.970000000000000195, 9.340000000000008740 ) ) ;
#6440 = ORIENTED_EDGE ( 'NONE', *, *, #2896, .T. ) ;
#6441 = CARTESIAN_POINT ( 'NONE',  ( 0.000000000000000000, 1.600000000000000089, 4.610000000000002984 ) ) ;
#6442 = ADVANCED_FACE ( 'NONE', ( #8749 ), #1586, .F. ) ;
#6443 = DIRECTION ( 'NONE',  ( 0.000000000000000000, 0.000000000000000000, -1.000000000000000000 ) ) ;
#6444 = DIRECTION ( 'NONE',  ( 0.000000000000000000, 0.000000000000000000, 1.000000000000000000 ) ) ;
#6445 = PLANE ( 'NONE',  #5823 ) ;
#6446 = MECHANICAL_DESIGN_GEOMETRIC_PRESENTATION_REPRESENTATION (  '', ( #3091 ), #2593 ) ;
#6447 = ORIENTED_EDGE ( 'NONE', *, *, #922, .T. ) ;
#6448 = VECTOR ( 'NONE', #2569, 1000.000000000000000 ) ;
#6449 = CARTESIAN_POINT ( 'NONE',  ( 4.719999999999999751, 1.600000000000000089, -6.439999999999992397 ) ) ;
#6450 = VERTEX_POINT ( 'NONE', #7195 ) ;
#6451 = ORIENTED_EDGE ( 'NONE', *, *, #8149, .T. ) ;
#6452 = EDGE_LOOP ( 'NONE', ( #9608, #1375, #1402, #4690, #6874, #8437 ) ) ;
#6453 = EDGE_CURVE ( 'NONE', #5669, #4524, #5634, .T. ) ;
#6454 = AXIS2_PLACEMENT_3D ( 'NONE', #8883, #51, #8844 ) ;
#6455 = CARTESIAN_POINT ( 'NONE',  ( -2.083052259051942017E-15, 1.599999999999999867, -3.010000000000006004 ) ) ;
#6456 = CARTESIAN_POINT ( 'NONE',  ( 6.000000000000001776, 2.970000000000000639, -4.930000000000001492 ) ) ;
#6457 = FACE_OUTER_BOUND ( 'NONE', #7071, .T. ) ;
#6458 = DIRECTION ( 'NONE',  ( 0.000000000000000000, 0.000000000000000000, -1.000000000000000000 ) ) ;
#6459 = CARTESIAN_POINT ( 'NONE',  ( 7.620000000000164420, 1.599999999999999867, 6.349999999999999645 ) ) ;
#6460 = CARTESIAN_POINT ( 'NONE',  ( 9.500000000000003553, 1.600000000000000089, 0.000000000000000000 ) ) ;
#6461 =( LENGTH_UNIT ( ) NAMED_UNIT ( * ) SI_UNIT ( .MILLI., .METRE. ) );
#6462 = DIRECTION ( 'NONE',  ( 0.000000000000000000, 1.000000000000000000, -0.000000000000000000 ) ) ;
#6463 = EDGE_LOOP ( 'NONE', ( #7171, #7860, #1961, #3802 ) ) ;
#6464 = DIRECTION ( 'NONE',  ( 0.000000000000000000, 1.000000000000000000, 0.000000000000000000 ) ) ;
#6465 = ORIENTED_EDGE ( 'NONE', *, *, #4496, .T. ) ;
#6466 = ORIENTED_EDGE ( 'NONE', *, *, #134, .T. ) ;
#6467 = EDGE_LOOP ( 'NONE', ( #1662, #1508, #5074, #2560 ) ) ;
#6468 = LINE ( 'NONE', #903, #10176 ) ;
#6469 = EDGE_CURVE ( 'NONE', #5181, #1795, #3529, .T. ) ;
#6470 = FACE_OUTER_BOUND ( 'NONE', #10269, .T. ) ;
#6471 = PLANE ( 'NONE',  #8658 ) ;
#6472 = DIRECTION ( 'NONE',  ( 0.000000000000000000, 0.000000000000000000, 1.000000000000000000 ) ) ;
#6473 = EDGE_LOOP ( 'NONE', ( #4610, #1633, #2235, #5925 ) ) ;
#6474 = EDGE_LOOP ( 'NONE', ( #1757, #2609, #4354, #7293 ) ) ;
#6475 = VERTEX_POINT ( 'NONE', #6722 ) ;
#6476 = CLOSED_SHELL ( 'NONE', ( #7386, #7711, #5403, #8201, #5922, #582, #5157, #12, #6557, #6510 ) ) ;
#6477 = EDGE_LOOP ( 'NONE', ( #811, #7990, #6356, #9470 ) ) ;
#6478 = VECTOR ( 'NONE', #5733, 1000.000000000000000 ) ;
#6479 = DIRECTION ( 'NONE',  ( 0.000000000000000000, 0.000000000000000000, 1.000000000000000000 ) ) ;
#6480 = AXIS2_PLACEMENT_3D ( 'NONE', #496, #6067, #8445 ) ;
#6481 = DIRECTION ( 'NONE',  ( -0.000000000000000000, -1.000000000000000000, -0.000000000000000000 ) ) ;
#6482 = EDGE_CURVE ( 'NONE', #6555, #865, #4205, .T. ) ;
#6483 = VECTOR ( 'NONE', #1991, 1000.000000000000000 ) ;
#6484 = CARTESIAN_POINT ( 'NONE',  ( -9.500000000000000000, 1.599999999999999867, 0.000000000000000000 ) ) ;
#6485 = CARTESIAN_POINT ( 'NONE',  ( 6.049999999999999822, 3.270000000000000018, -4.580000000000003624 ) ) ;
#6486 = LINE ( 'NONE', #7304, #9302 ) ;
#6487 = VECTOR ( 'NONE', #3989, 1000.000000000000000 ) ;
#6488 = VECTOR ( 'NONE', #1907, 1000.000000000000000 ) ;
#6489 = CARTESIAN_POINT ( 'NONE',  ( -6.000000000000002665, 1.600000000000000755, 9.690000000000004832 ) ) ;
#6490 = VERTEX_POINT ( 'NONE', #9892 ) ;
#6491 = LINE ( 'NONE', #4024, #7645 ) ;
#6492 = EDGE_CURVE ( 'NONE', #878, #3141, #8116, .T. ) ;
#6493 = ORIENTED_EDGE ( 'NONE', *, *, #7236, .F. ) ;
#6494 = ADVANCED_FACE ( 'NONE', ( #1110 ), #959, .F. ) ;
#6495 = AXIS2_PLACEMENT_3D ( 'NONE', #9007, #5904, #9165 ) ;
#6496 = AXIS2_PLACEMENT_3D ( 'NONE', #4517, #4671, #8632 ) ;
#6497 =( LENGTH_UNIT ( ) NAMED_UNIT ( * ) SI_UNIT ( .MILLI., .METRE. ) );
#6498 = ADVANCED_FACE ( 'NONE', ( #4307 ), #8941, .F. ) ;
#6499 = CIRCLE ( 'NONE', #636, 0.5079999999999997851 ) ;
#6500 = VECTOR ( 'NONE', #6117, 1000.000000000000000 ) ;
#6501 = DIRECTION ( 'NONE',  ( -0.000000000000000000, -1.000000000000000000, -0.000000000000000000 ) ) ;
#6502 = CARTESIAN_POINT ( 'NONE',  ( 3.969999999999999751, 2.682500000000000107, -8.209999999999995524 ) ) ;
#6503 = CIRCLE ( 'NONE', #641, 0.5080000000000023386 ) ;
#6504 = LINE ( 'NONE', #9709, #7809 ) ;
#6505 = VERTEX_POINT ( 'NONE', #9096 ) ;
#6506 = ORIENTED_EDGE ( 'NONE', *, *, #4566, .F. ) ;
#6507 = EDGE_CURVE ( 'NONE', #3571, #4742, #7994, .T. ) ;
#6508 = AXIS2_PLACEMENT_3D ( 'NONE', #9204, #4618, #6828 ) ;
#6509 = AXIS2_PLACEMENT_3D ( 'NONE', #8674, #8566, #1448 ) ;
#6510 = ADVANCED_FACE ( 'NONE', ( #5000, #172 ), #3421, .T. ) ;
#6511 = FACE_OUTER_BOUND ( 'NONE', #6818, .T. ) ;
#6512 = LINE ( 'NONE', #6455, #6661 ) ;
#6513 = CARTESIAN_POINT ( 'NONE',  ( 7.620000000000000107, 0.000000000000000000, -7.150000000000001243 ) ) ;
#6514 = DIRECTION ( 'NONE',  ( 4.613626265895764052E-16, -0.000000000000000000, 1.000000000000000000 ) ) ;
#6515 = DIRECTION ( 'NONE',  ( 0.000000000000000000, 0.000000000000000000, -1.000000000000000000 ) ) ;
#6516 = CIRCLE ( 'NONE', #2660, 0.5080000000000006732 ) ;
#6517 = CARTESIAN_POINT ( 'NONE',  ( -7.619999999999842011, 1.600000000000000089, 6.349999999999999645 ) ) ;
#6518 = DIRECTION ( 'NONE',  ( 0.000000000000000000, 1.000000000000000000, -0.000000000000000000 ) ) ;
#6519 = VECTOR ( 'NONE', #9369, 1000.000000000000000 ) ;
#6520 = PLANE ( 'NONE',  #1772 ) ;
#6521 = ORIENTED_EDGE ( 'NONE', *, *, #9774, .F. ) ;
#6522 = CYLINDRICAL_SURFACE ( 'NONE', #4156, 0.5080000000000015614 ) ;
#6523 = ORIENTED_EDGE ( 'NONE', *, *, #7949, .F. ) ;
#6524 = EDGE_LOOP ( 'NONE', ( #7487, #9406, #591, #4869 ) ) ;
#6525 = EDGE_CURVE ( 'NONE', #954, #3570, #8818, .T. ) ;
#6526 = DIRECTION ( 'NONE',  ( 1.000000000000000000, -0.000000000000000000, 0.000000000000000000 ) ) ;
#6527 = DIRECTION ( 'NONE',  ( -0.000000000000000000, -1.000000000000000000, -0.000000000000000000 ) ) ;
#6528 = CARTESIAN_POINT ( 'NONE',  ( 0.000000000000000000, 0.000000000000000000, 9.690000000000004832 ) ) ;
#6529 = CARTESIAN_POINT ( 'NONE',  ( 0.000000000000000000, 1.600000000000000089, -4.609999999999998543 ) ) ;
#6530 = CYLINDRICAL_SURFACE ( 'NONE', #10239, 0.5079999999999997851 ) ;
#6531 = VERTEX_POINT ( 'NONE', #1939 ) ;
#6532 = ORIENTED_EDGE ( 'NONE', *, *, #8324, .T. ) ;
#6533 = VECTOR ( 'NONE', #8155, 1000.000000000000000 ) ;
#6534 = STYLED_ITEM ( 'NONE', ( #7020 ), #8570 ) ;
#6535 = ORIENTED_EDGE ( 'NONE', *, *, #808, .T. ) ;
#6536 = ADVANCED_FACE ( 'NONE', ( #7350 ), #8175, .T. ) ;
#6537 = ORIENTED_EDGE ( 'NONE', *, *, #842, .T. ) ;
#6538 = PLANE ( 'NONE',  #5851 ) ;
#6539 = DIRECTION ( 'NONE',  ( -0.000000000000000000, -1.000000000000000000, -0.000000000000000000 ) ) ;
#6540 = AXIS2_PLACEMENT_3D ( 'NONE', #10352, #4656, #3030 ) ;
#6541 = DIRECTION ( 'NONE',  ( 0.000000000000000000, 1.000000000000000000, -0.000000000000000000 ) ) ;
#6542 = DIRECTION ( 'NONE',  ( -1.000000000000000000, 0.000000000000000000, -0.000000000000000000 ) ) ;
#6543 = DIRECTION ( 'NONE',  ( 1.000000000000000000, 0.000000000000000000, -2.768175759537458431E-15 ) ) ;
#6544 = FACE_OUTER_BOUND ( 'NONE', #6642, .T. ) ;
#6545 = ORIENTED_EDGE ( 'NONE', *, *, #8008, .T. ) ;
#6547 = DIRECTION ( 'NONE',  ( -0.000000000000000000, -1.000000000000000000, -0.000000000000000000 ) ) ;
#6546 = MECHANICAL_DESIGN_GEOMETRIC_PRESENTATION_REPRESENTATION (  '', ( #5209 ), #10030 ) ;
#6548 = VERTEX_POINT ( 'NONE', #1014 ) ;
#6549 = ORIENTED_EDGE ( 'NONE', *, *, #5223, .F. ) ;
#6550 = DIRECTION ( 'NONE',  ( -1.000000000000000000, 0.000000000000000000, 0.000000000000000000 ) ) ;
#6551 = CARTESIAN_POINT ( 'NONE',  ( 7.620000000000000107, 1.599999999999999867, -0.4699999999999986411 ) ) ;
#6552 = DIRECTION ( 'NONE',  ( 0.000000000000000000, 0.000000000000000000, -1.000000000000000000 ) ) ;
#6553 = EDGE_CURVE ( 'NONE', #2864, #5916, #8219, .T. ) ;
#6554 = CARTESIAN_POINT ( 'NONE',  ( -9.500000000000000000, 0.000000000000000000, 9.690000000000004832 ) ) ;
#6555 = VERTEX_POINT ( 'NONE', #4361 ) ;
#6556 = EDGE_LOOP ( 'NONE', ( #5486, #9790, #1187, #1934 ) ) ;
#6557 = ADVANCED_FACE ( 'NONE', ( #7542 ), #2633, .F. ) ;
#6558 = VERTEX_POINT ( 'NONE', #2537 ) ;
#6559 = FACE_OUTER_BOUND ( 'NONE', #5740, .T. ) ;
#6560 = DIRECTION ( 'NONE',  ( -0.000000000000000000, -1.000000000000000000, -0.000000000000000000 ) ) ;
#6561 = DIRECTION ( 'NONE',  ( 0.000000000000000000, 0.000000000000000000, -1.000000000000000000 ) ) ;
#6562 = EDGE_CURVE ( 'NONE', #9370, #3391, #3373, .T. ) ;
#6563 = DIRECTION ( 'NONE',  ( 1.186541365237213826E-16, -0.000000000000000000, 1.000000000000000000 ) ) ;
#6564 = CARTESIAN_POINT ( 'NONE',  ( 3.219999999999999751, 1.600000000000000089, -9.979999999999996874 ) ) ;
#6565 = CYLINDRICAL_SURFACE ( 'NONE', #3695, 0.2999999999999999334 ) ;
#6566 = FACE_BOUND ( 'NONE', #5789, .T. ) ;
#6567 = CARTESIAN_POINT ( 'NONE',  ( 7.620000000000140439, 4.721281787984062284, 3.810000000000000941 ) ) ;
#6568 = ORIENTED_EDGE ( 'NONE', *, *, #984, .T. ) ;
#6569 = ADVANCED_FACE ( 'NONE', ( #5794 ), #8999, .F. ) ;
#6570 = LINE ( 'NONE', #852, #9992 ) ;
#6571 = ORIENTED_EDGE ( 'NONE', *, *, #326, .T. ) ;
#6572 = ORIENTED_EDGE ( 'NONE', *, *, #8834, .T. ) ;
#6573 = LINE ( 'NONE', #9730, #7677 ) ;
#6574 = FACE_OUTER_BOUND ( 'NONE', #1732, .T. ) ;
#6575 = EDGE_CURVE ( 'NONE', #5911, #6105, #6677, .T. ) ;
#6576 = CARTESIAN_POINT ( 'NONE',  ( 7.620000000000032081, 4.721281787984062284, -6.349999999999999645 ) ) ;
#6577 = DIRECTION ( 'NONE',  ( 0.000000000000000000, 0.000000000000000000, 1.000000000000000000 ) ) ;
#6578 = CARTESIAN_POINT ( 'NONE',  ( 0.000000000000000000, 1.600000000000000089, 8.090000000000003411 ) ) ;
#6579 = AXIS2_PLACEMENT_3D ( 'NONE', #5888, #161, #3361 ) ;
#6580 = AXIS2_PLACEMENT_3D ( 'NONE', #2027, #8355, #9068 ) ;
#6581 = ORIENTED_EDGE ( 'NONE', *, *, #6602, .F. ) ;
#6582 = ORIENTED_EDGE ( 'NONE', *, *, #244, .T. ) ;
#6583 = EDGE_LOOP ( 'NONE', ( #8517, #9144, #6626, #3113 ) ) ;
#6584 = ORIENTED_EDGE ( 'NONE', *, *, #10252, .F. ) ;
#6585 = DIRECTION ( 'NONE',  ( -0.000000000000000000, -1.000000000000000000, -0.000000000000000000 ) ) ;
#6586 = VECTOR ( 'NONE', #63, 1000.000000000000000 ) ;
#6587 = ADVANCED_FACE ( 'NONE', ( #5898, #9940 ), #6156, .F. ) ;
#6588 = CARTESIAN_POINT ( 'NONE',  ( -9.500000000000000000, 1.599999999999999867, -2.069999999999998508 ) ) ;
#6589 = CARTESIAN_POINT ( 'NONE',  ( 9.500000000000000000, 0.000000000000000000, 0.000000000000000000 ) ) ;
#6590 = AXIS2_PLACEMENT_3D ( 'NONE', #9106, #5860, #8828 ) ;
#6591 = ORIENTED_EDGE ( 'NONE', *, *, #3073, .T. ) ;
#6592 = DIRECTION ( 'NONE',  ( -0.000000000000000000, -1.000000000000000000, -0.000000000000000000 ) ) ;
#6593 = VERTEX_POINT ( 'NONE', #1219 ) ;
#6594 = CARTESIAN_POINT ( 'NONE',  ( 0.000000000000000000, 1.599999999999999867, 8.090000000000003411 ) ) ;
#6595 = CARTESIAN_POINT ( 'NONE',  ( 3.969999999999999751, 2.950000000000001066, -7.409999999999993925 ) ) ;
#6596 = CARTESIAN_POINT ( 'NONE',  ( 9.500000000000000000, 0.000000000000000000, 4.610000000000000320 ) ) ;
#6597 = DIRECTION ( 'NONE',  ( 0.000000000000000000, 0.000000000000000000, 1.000000000000000000 ) ) ;
#6598 = VERTEX_POINT ( 'NONE', #6216 ) ;
#6599 = ORIENTED_EDGE ( 'NONE', *, *, #5786, .F. ) ;
#6600 = VERTEX_POINT ( 'NONE', #4409 ) ;
#6601 = CARTESIAN_POINT ( 'NONE',  ( 0.000000000000000000, 1.600000000000000089, 5.550000000000003375 ) ) ;
#6602 = EDGE_CURVE ( 'NONE', #9073, #9027, #7752, .T. ) ;
#6603 = DIRECTION ( 'NONE',  ( 0.000000000000000000, 0.000000000000000000, 1.000000000000000000 ) ) ;
#6605 = CARTESIAN_POINT ( 'NONE',  ( -7.619999999999947704, 1.600000000000000089, -3.810000000000000053 ) ) ;
#6604 = VECTOR ( 'NONE', #3151, 1000.000000000000000 ) ;
#6606 = DIRECTION ( 'NONE',  ( 0.000000000000000000, 0.000000000000000000, -1.000000000000000000 ) ) ;
#6607 = CARTESIAN_POINT ( 'NONE',  ( 7.620000000000000107, 1.600000000000000089, -2.069999999999998508 ) ) ;
#6608 = CARTESIAN_POINT ( 'NONE',  ( 9.500000000000000000, 0.000000000000000000, 0.000000000000000000 ) ) ;
#6609 = DIRECTION ( 'NONE',  ( -1.000000000000000000, 0.000000000000000000, 0.000000000000000000 ) ) ;
#6610 = ORIENTED_EDGE ( 'NONE', *, *, #7061, .T. ) ;
#6611 = DIRECTION ( 'NONE',  ( 0.000000000000000000, 0.000000000000000000, -1.000000000000000000 ) ) ;
#6612 = EDGE_LOOP ( 'NONE', ( #3875, #9837, #4912, #1041 ) ) ;
#6613 = ORIENTED_EDGE ( 'NONE', *, *, #5729, .T. ) ;
#6614 = VECTOR ( 'NONE', #2985, 1000.000000000000000 ) ;
#6615 = EDGE_CURVE ( 'NONE', #3543, #1905, #3000, .T. ) ;
#6616 = DIRECTION ( 'NONE',  ( 0.000000000000000000, 0.000000000000000000, 1.000000000000000000 ) ) ;
#6617 = EDGE_CURVE ( 'NONE', #9117, #3643, #303, .T. ) ;
#6618 = VECTOR ( 'NONE', #2195, 1000.000000000000000 ) ;
#6619 = LINE ( 'NONE', #1738, #5517 ) ;
#6620 = CARTESIAN_POINT ( 'NONE',  ( 9.500000000000003553, 1.600000000000000089, 4.610000000000002984 ) ) ;
#6621 = EDGE_CURVE ( 'NONE', #8185, #9787, #7706, .T. ) ;
#6622 = DIRECTION ( 'NONE',  ( 0.000000000000000000, 1.000000000000000000, -0.000000000000000000 ) ) ;
#6623 = SURFACE_SIDE_STYLE ('',( #8714 ) ) ;
#6624 = VECTOR ( 'NONE', #8194, 1000.000000000000000 ) ;
#6625 = ORIENTED_EDGE ( 'NONE', *, *, #5527, .F. ) ;
#6626 = ORIENTED_EDGE ( 'NONE', *, *, #2773, .T. ) ;
#6627 = EDGE_LOOP ( 'NONE', ( #773, #4884, #2553, #7538, #1076, #18, #1074, #7114, #10249, #2044, #6238, #991, #6415, #8862, #5423, #966, #7185, #9639, #9725, #6300, #3258, #9391, #8095, #8001, #6343, #9635, #7895, #8823, #6695, #10303, #4731, #6466, #8915, #67, #3100, #5208, #5852, #3498, #7839, #7249, #4130, #6523, #3377, #4061, #10288, #7456, #3220, #3491, #4312, #6737, #4338, #750, #1855, #441, #4217, #8924, #1755, #5993, #7561, #4515, #9905, #300, #1885, #7700, #1040, #3269, #8360, #925 ) ) ;
#6628 = EDGE_CURVE ( 'NONE', #1026, #1856, #484, .T. ) ;
#6629 = CARTESIAN_POINT ( 'NONE',  ( -7.619999999999870433, 1.599999999999999867, 3.810000000000002718 ) ) ;
#6630 = LINE ( 'NONE', #6065, #4978 ) ;
#6631 = EDGE_CURVE ( 'NONE', #929, #9370, #3653, .T. ) ;
#6632 = CYLINDRICAL_SURFACE ( 'NONE', #2787, 0.5080000000000006732 ) ;
#6633 = FACE_OUTER_BOUND ( 'NONE', #6612, .T. ) ;
#6634 = PLANE ( 'NONE',  #9054 ) ;
#6635 = DIRECTION ( 'NONE',  ( 0.000000000000000000, 0.000000000000000000, -1.000000000000000000 ) ) ;
#6636 = ORIENTED_EDGE ( 'NONE', *, *, #456, .T. ) ;
#6637 = VERTEX_POINT ( 'NONE', #4460 ) ;
#6638 = EDGE_LOOP ( 'NONE', ( #9129, #5340, #1160, #5436 ) ) ;
#6639 = COLOUR_RGB ( '',1.000000000000000000, 0.8117647058823529438, 0.5019607843137254832 ) ;
#6640 = CARTESIAN_POINT ( 'NONE',  ( 2.399999999999999467, 1.750000000000000000, -8.009999999999994458 ) ) ;
#6641 = AXIS2_PLACEMENT_3D ( 'NONE', #920, #3179, #2743 ) ;
#6642 = EDGE_LOOP ( 'NONE', ( #281, #7659, #1673, #6010 ) ) ;
#6643 = EDGE_CURVE ( 'NONE', #7942, #8318, #3685, .T. ) ;
#6644 = FILL_AREA_STYLE ('',( #4273 ) ) ;
#6645 = AXIS2_PLACEMENT_3D ( 'NONE', #3668, #7580, #5360 ) ;
#6646 = DIRECTION ( 'NONE',  ( 0.000000000000000000, 0.000000000000000000, 1.000000000000000000 ) ) ;
#6647 = SURFACE_SIDE_STYLE ('',( #396 ) ) ;
#6648 = CARTESIAN_POINT ( 'NONE',  ( -7.620000000000000107, 0.000000000000000000, -3.009999999999999787 ) ) ;
#6649 = AXIS2_PLACEMENT_3D ( 'NONE', #1334, #6991, #4576 ) ;
#6650 = ORIENTED_EDGE ( 'NONE', *, *, #8829, .F. ) ;
#6651 = ORIENTED_EDGE ( 'NONE', *, *, #4834, .T. ) ;
#6652 = EDGE_LOOP ( 'NONE', ( #4423, #7307, #4920, #1747 ) ) ;
#6653 = VECTOR ( 'NONE', #7951, 1000.000000000000000 ) ;
#6654 = DIRECTION ( 'NONE',  ( 0.000000000000000000, 0.000000000000000000, -1.000000000000000000 ) ) ;
#6655 = VECTOR ( 'NONE', #8613, 1000.000000000000000 ) ;
#6656 = VECTOR ( 'NONE', #4127, 1000.000000000000000 ) ;
#6657 = VECTOR ( 'NONE', #2304, 1000.000000000000000 ) ;
#6658 = CARTESIAN_POINT ( 'NONE',  ( 7.620000000000135998, 0.000000000000000000, 3.301999999999998270 ) ) ;
#6659 = DIRECTION ( 'NONE',  ( -1.000000000000000000, 0.000000000000000000, 1.365923996832131856E-16 ) ) ;
#6660 = DIRECTION ( 'NONE',  ( -0.000000000000000000, -1.000000000000000000, -0.000000000000000000 ) ) ;
#6661 = VECTOR ( 'NONE', #9612, 1000.000000000000000 ) ;
#6662 = FACE_OUTER_BOUND ( 'NONE', #1019, .T. ) ;
#6663 = CARTESIAN_POINT ( 'NONE',  ( 0.000000000000000000, 0.000000000000000000, -2.069999999999998508 ) ) ;
#6664 = PRESENTATION_LAYER_ASSIGNMENT (  '', '', ( #645 ) ) ;
#6665 = DIRECTION ( 'NONE',  ( 0.000000000000000000, 0.000000000000000000, 1.000000000000000000 ) ) ;
#6666 = CARTESIAN_POINT ( 'NONE',  ( 1.939999999999998170, 3.270000000000000018, -4.630000000000001670 ) ) ;
#6667 = ORIENTED_EDGE ( 'NONE', *, *, #6878, .F. ) ;
#6668 = CARTESIAN_POINT ( 'NONE',  ( 3.969999999999999751, 2.950000000000000178, -7.209999999999994635 ) ) ;
#6669 = EDGE_LOOP ( 'NONE', ( #7017, #2222 ) ) ;
#6670 = ORIENTED_EDGE ( 'NONE', *, *, #8963, .T. ) ;
#6671 = CIRCLE ( 'NONE', #7657, 0.5080000000000050031 ) ;
#6672 = CARTESIAN_POINT ( 'NONE',  ( -9.500000000000000000, 4.721281787984062284, -8.089999999999999858 ) ) ;
#6673 = FACE_OUTER_BOUND ( 'NONE', #8594, .T. ) ;
#6674 = DIRECTION ( 'NONE',  ( -0.000000000000000000, -1.000000000000000000, -0.000000000000000000 ) ) ;
#6675 = VECTOR ( 'NONE', #2181, 1000.000000000000000 ) ;
#6676 = VECTOR ( 'NONE', #6288, 1000.000000000000000 ) ;
#6677 = LINE ( 'NONE', #8271, #814 ) ;
#6678 = CARTESIAN_POINT ( 'NONE',  ( -9.499999999999996447, 1.600000000000000089, 5.550000000000003375 ) ) ;
#6679 = SPHERICAL_SURFACE ( 'NONE', #9895, 0.3175000000000000044 ) ;
#6680 = EDGE_CURVE ( 'NONE', #7198, #1480, #1137, .T. ) ;
#6681 = EDGE_CURVE ( 'NONE', #7673, #1245, #6100, .T. ) ;
#6682 = ORIENTED_EDGE ( 'NONE', *, *, #7873, .T. ) ;
#6683 = ORIENTED_EDGE ( 'NONE', *, *, #4687, .F. ) ;
#6684 = EDGE_CURVE ( 'NONE', #10335, #691, #3577, .T. ) ;
#6685 = VECTOR ( 'NONE', #6838, 1000.000000000000000 ) ;
#6686 = CARTESIAN_POINT ( 'NONE',  ( -7.620000000000000107, 1.600000000000000089, 9.690000000000004832 ) ) ;
#6687 = FACE_OUTER_BOUND ( 'NONE', #5552, .T. ) ;
#6688 = CARTESIAN_POINT ( 'NONE',  ( 2.399999999999999467, 1.750000000000000000, -8.409999999999996589 ) ) ;
#6689 = CIRCLE ( 'NONE', #5858, 0.1999999999999996503 ) ;
#6690 = CARTESIAN_POINT ( 'NONE',  ( 2.399999999999999467, 1.750000000000000000, -8.409999999999996589 ) ) ;
#6691 = EDGE_CURVE ( 'NONE', #1009, #635, #8978, .T. ) ;
#6692 = DIRECTION ( 'NONE',  ( -0.000000000000000000, 0.000000000000000000, 1.000000000000000000 ) ) ;
#6693 = ORIENTED_EDGE ( 'NONE', *, *, #1605, .F. ) ;
#6694 = EDGE_LOOP ( 'NONE', ( #6506, #3830, #9262, #1329 ) ) ;
#6695 = ORIENTED_EDGE ( 'NONE', *, *, #6798, .T. ) ;
#6696 = ADVANCED_FACE ( 'NONE', ( #3778 ), #6979, .F. ) ;
#6697 = CARTESIAN_POINT ( 'NONE',  ( 0.000000000000000000, 0.000000000000000000, 8.090000000000003411 ) ) ;
#6698 = EDGE_LOOP ( 'NONE', ( #2282, #2356, #10291, #179 ) ) ;
#6699 = ORIENTED_EDGE ( 'NONE', *, *, #2219, .T. ) ;
#6700 = CIRCLE ( 'NONE', #1829, 0.5080000000000002292 ) ;
#6701 =( NAMED_UNIT ( * ) PLANE_ANGLE_UNIT ( ) SI_UNIT ( $, .RADIAN. ) );
#6702 = DIRECTION ( 'NONE',  ( 0.000000000000000000, 1.000000000000000000, -0.000000000000000000 ) ) ;
#6703 = DIRECTION ( 'NONE',  ( 0.000000000000000000, 0.000000000000000000, 1.000000000000000000 ) ) ;
#6704 = EDGE_CURVE ( 'NONE', #9953, #1578, #9647, .T. ) ;
#6705 = ORIENTED_EDGE ( 'NONE', *, *, #727, .T. ) ;
#6706 = FACE_OUTER_BOUND ( 'NONE', #5586, .T. ) ;
#6707 = ORIENTED_EDGE ( 'NONE', *, *, #5591, .T. ) ;
#6708 = VERTEX_POINT ( 'NONE', #2845 ) ;
#6709 = ORIENTED_EDGE ( 'NONE', *, *, #10025, .T. ) ;
#6710 = DIRECTION ( 'NONE',  ( 0.000000000000000000, 0.000000000000000000, -1.000000000000000000 ) ) ;
#6711 = CARTESIAN_POINT ( 'NONE',  ( 5.039999999999997371, 1.600000000000000089, -9.479999999999995097 ) ) ;
#6712 = EDGE_CURVE ( 'NONE', #5397, #5669, #8319, .T. ) ;
#6713 = CARTESIAN_POINT ( 'NONE',  ( 1.590000000000000302, 1.600000000000000089, -4.930000000000001492 ) ) ;
#6714 = DIRECTION ( 'NONE',  ( 1.000000000000000000, -0.000000000000000000, 0.000000000000000000 ) ) ;
#6715 =( LENGTH_UNIT ( ) NAMED_UNIT ( * ) SI_UNIT ( .MILLI., .METRE. ) );
#6716 = DIRECTION ( 'NONE',  ( 0.000000000000000000, 0.000000000000000000, -1.000000000000000000 ) ) ;
#6717 = ORIENTED_EDGE ( 'NONE', *, *, #10298, .F. ) ;
#6718 = ORIENTED_EDGE ( 'NONE', *, *, #1186, .T. ) ;
#6719 = ORIENTED_EDGE ( 'NONE', *, *, #6296, .T. ) ;
#6720 = PLANE ( 'NONE',  #6372 ) ;
#6721 = LINE ( 'NONE', #2630, #3805 ) ;
#6722 = CARTESIAN_POINT ( 'NONE',  ( 6.000000000000003553, 1.600000000000000755, 9.690000000000004832 ) ) ;
#6723 = DIRECTION ( 'NONE',  ( 0.000000000000000000, -0.000000000000000000, 1.000000000000000000 ) ) ;
#6724 = ORIENTED_EDGE ( 'NONE', *, *, #8950, .T. ) ;
#6725 = FACE_OUTER_BOUND ( 'NONE', #6946, .T. ) ;
#6726 = EDGE_LOOP ( 'NONE', ( #8087, #2122, #2819, #6738 ) ) ;
#6727 = DIRECTION ( 'NONE',  ( 0.000000000000000000, 0.000000000000000000, -1.000000000000000000 ) ) ;
#6728 = EDGE_CURVE ( 'NONE', #3353, #7869, #8488, .T. ) ;
#6729 = AXIS2_PLACEMENT_3D ( 'NONE', #9009, #5057, #6782 ) ;
#6730 = EDGE_CURVE ( 'NONE', #3540, #186, #7663, .T. ) ;
#6731 = CARTESIAN_POINT ( 'NONE',  ( 6.350000000000001421, 29.71055027400083759, 9.340000000000008740 ) ) ;
#6732 = CARTESIAN_POINT ( 'NONE',  ( 9.500000000000003553, 1.600000000000000089, -8.089999999999998082 ) ) ;
#6733 = FACE_OUTER_BOUND ( 'NONE', #5063, .T. ) ;
#6734 = ORIENTED_EDGE ( 'NONE', *, *, #4052, .F. ) ;
#6735 = VERTEX_POINT ( 'NONE', #2942 ) ;
#6736 = ORIENTED_EDGE ( 'NONE', *, *, #8308, .F. ) ;
#6737 = ORIENTED_EDGE ( 'NONE', *, *, #1354, .F. ) ;
#6738 = ORIENTED_EDGE ( 'NONE', *, *, #9853, .T. ) ;
#6739 = AXIS2_PLACEMENT_3D ( 'NONE', #847, #3153, #7803 ) ;
#6740 = LINE ( 'NONE', #7518, #9484 ) ;
#6741 = ADVANCED_FACE ( 'NONE', ( #8537 ), #1371, .F. ) ;
#6742 = EDGE_CURVE ( 'NONE', #9259, #4557, #3751, .T. ) ;
#6743 = DIRECTION ( 'NONE',  ( 0.000000000000000000, 0.000000000000000000, 1.000000000000000000 ) ) ;
#6744 = EDGE_CURVE ( 'NONE', #5236, #5122, #8406, .T. ) ;
#6745 = DIRECTION ( 'NONE',  ( -1.000000000000000000, 0.000000000000000000, 0.000000000000000000 ) ) ;
#6746 =( NAMED_UNIT ( * ) SI_UNIT ( $, .STERADIAN. ) SOLID_ANGLE_UNIT ( ) );
#6747 = CIRCLE ( 'NONE', #7570, 0.5080000000000001181 ) ;
#6748 = ORIENTED_EDGE ( 'NONE', *, *, #3707, .T. ) ;
#6749 = CARTESIAN_POINT ( 'NONE',  ( 7.620000000000000107, 1.600000000000000089, 3.010000000000002451 ) ) ;
#6750 = VERTEX_POINT ( 'NONE', #9118 ) ;
#6751 = EDGE_LOOP ( 'NONE', ( #7237, #911, #4573, #964 ) ) ;
#6752 = EDGE_CURVE ( 'NONE', #3465, #9625, #8154, .T. ) ;
#6753 = CARTESIAN_POINT ( 'NONE',  ( -9.500000000000000000, 1.599999999999999867, 0.000000000000000000 ) ) ;
#6754 = DIRECTION ( 'NONE',  ( 0.000000000000000000, 1.000000000000000000, -0.000000000000000000 ) ) ;
#6755 = CARTESIAN_POINT ( 'NONE',  ( 0.000000000000000000, 0.000000000000000000, 0.000000000000000000 ) ) ;
#6756 = LINE ( 'NONE', #9926, #2964 ) ;
#6757 = FACE_OUTER_BOUND ( 'NONE', #3243, .T. ) ;
#6758 = DIRECTION ( 'NONE',  ( 1.000000000000000000, 0.000000000000000000, 4.613626265895764052E-16 ) ) ;
#6759 = SURFACE_STYLE_FILL_AREA ( #6093 ) ;
#6760 = CARTESIAN_POINT ( 'NONE',  ( -9.500000000000000000, 0.000000000000000000, 0.000000000000000000 ) ) ;
#6761 = ORIENTED_EDGE ( 'NONE', *, *, #5368, .T. ) ;
#6762 = ORIENTED_EDGE ( 'NONE', *, *, #4134, .F. ) ;
#6763 = EDGE_LOOP ( 'NONE', ( #7343, #4861 ) ) ;
#6764 = LINE ( 'NONE', #8214, #8682 ) ;
#6765 = EDGE_CURVE ( 'NONE', #89, #2269, #6740, .T. ) ;
#6766 = AXIS2_PLACEMENT_3D ( 'NONE', #2206, #10262, #8588 ) ;
#6767 = CARTESIAN_POINT ( 'NONE',  ( -9.500000000000000000, 1.599999999999999867, 9.397999999999999687 ) ) ;
#6768 = DIRECTION ( 'NONE',  ( 0.000000000000000000, 0.000000000000000000, 1.000000000000000000 ) ) ;
#6769 = CARTESIAN_POINT ( 'NONE',  ( 7.620000000000032081, 4.721281787984062284, -6.858000000000003205 ) ) ;
#6770 = LINE ( 'NONE', #9256, #8429 ) ;
#6771 = FACE_OUTER_BOUND ( 'NONE', #240, .T. ) ;
#6772 = ORIENTED_EDGE ( 'NONE', *, *, #3916, .T. ) ;
#6773 = AXIS2_PLACEMENT_3D ( 'NONE', #245, #9080, #3608 ) ;
#6774 = LINE ( 'NONE', #2790, #7490 ) ;
#6775 = ORIENTED_EDGE ( 'NONE', *, *, #9076, .F. ) ;
#6776 = VECTOR ( 'NONE', #357, 1000.000000000000000 ) ;
#6777 = ADVANCED_FACE ( 'NONE', ( #2913 ), #9178, .F. ) ;
#6778 = CARTESIAN_POINT ( 'NONE',  ( 7.620000000000060503, 1.600000000000000089, -3.810000000000000053 ) ) ;
#6779 = UNCERTAINTY_MEASURE_WITH_UNIT (LENGTH_MEASURE( 1.000000000000000082E-05 ), #1314, 'distance_accuracy_value', 'NONE');
#6780 = VECTOR ( 'NONE', #7520, 1000.000000000000000 ) ;
#6781 = CARTESIAN_POINT ( 'NONE',  ( -7.619999999999897078, 1.599999999999999867, 1.778000000000002245 ) ) ;
#6782 = DIRECTION ( 'NONE',  ( -1.000000000000000000, 0.000000000000000000, 1.384087879768729216E-15 ) ) ;
#6783 = DIRECTION ( 'NONE',  ( 0.000000000000000000, 0.000000000000000000, 1.000000000000000000 ) ) ;
#6784 = FACE_OUTER_BOUND ( 'NONE', #2700, .T. ) ;
#6785 = ORIENTED_EDGE ( 'NONE', *, *, #6617, .F. ) ;
#6786 = ORIENTED_EDGE ( 'NONE', *, *, #5283, .T. ) ;
#6787 = ORIENTED_EDGE ( 'NONE', *, *, #4329, .F. ) ;
#6788 = FACE_BOUND ( 'NONE', #8604, .T. ) ;
#6789 = EDGE_LOOP ( 'NONE', ( #2378, #4755, #863, #3960 ) ) ;
#6790 = VERTEX_POINT ( 'NONE', #6899 ) ;
#6791 = ADVANCED_FACE ( 'NONE', ( #508 ), #9910, .F. ) ;
#6792 = DIRECTION ( 'NONE',  ( -1.000000000000000000, -0.000000000000000000, -0.000000000000000000 ) ) ;
#6793 = DIRECTION ( 'NONE',  ( 0.000000000000000000, -1.000000000000000000, 0.000000000000000000 ) ) ;
#6794 = DIRECTION ( 'NONE',  ( 0.000000000000000000, 0.000000000000000000, -1.000000000000000000 ) ) ;
#6795 = FACE_BOUND ( 'NONE', #7928, .T. ) ;
#6796 = CARTESIAN_POINT ( 'NONE',  ( 3.219999999999999751, 1.750000000000000000, -6.439999999999992397 ) ) ;
#6797 = VERTEX_POINT ( 'NONE', #3705 ) ;
#6798 = EDGE_CURVE ( 'NONE', #9646, #7698, #4998, .T. ) ;
#6799 = DIRECTION ( 'NONE',  ( 0.000000000000000000, 1.000000000000000000, -0.000000000000000000 ) ) ;
#6800 = ADVANCED_FACE ( 'NONE', ( #5289 ), #6950, .F. ) ;
#6801 = ORIENTED_EDGE ( 'NONE', *, *, #3690, .F. ) ;
#6802 = ORIENTED_EDGE ( 'NONE', *, *, #4561, .F. ) ;
#6803 = ADVANCED_FACE ( 'NONE', ( #8557 ), #10123, .T. ) ;
#6804 = LINE ( 'NONE', #8522, #3849 ) ;
#6805 = VECTOR ( 'NONE', #5140, 1000.000000000000000 ) ;
#6806 = CIRCLE ( 'NONE', #5811, 0.09999999999999939493 ) ;
#6807 = CARTESIAN_POINT ( 'NONE',  ( 1.290000000000000702, 2.970000000000000195, -1.762967398117186929E-16 ) ) ;
#6808 = PLANE ( 'NONE',  #5739 ) ;
#6809 = AXIS2_PLACEMENT_3D ( 'NONE', #1535, #9527, #4840 ) ;
#6810 = CARTESIAN_POINT ( 'NONE',  ( 2.699999999999999289, 2.100000000000000089, -9.279999999999992255 ) ) ;
#6811 = CARTESIAN_POINT ( 'NONE',  ( 2.899999999999999467, 1.600000000000000089, -9.279999999999994031 ) ) ;
#6812 = DIRECTION ( 'NONE',  ( -0.000000000000000000, -0.000000000000000000, -1.000000000000000000 ) ) ;
#6813 = EDGE_CURVE ( 'NONE', #1480, #7217, #10023, .T. ) ;
#6814 = VERTEX_POINT ( 'NONE', #8454 ) ;
#6815 = CIRCLE ( 'NONE', #451, 0.5079999999999997851 ) ;
#6816 = VECTOR ( 'NONE', #3389, 1000.000000000000000 ) ;
#6817 = VERTEX_POINT ( 'NONE', #6183 ) ;
#6818 = EDGE_LOOP ( 'NONE', ( #2031, #1894, #6787, #9875 ) ) ;
#6819 = EDGE_CURVE ( 'NONE', #8871, #10102, #6076, .T. ) ;
#6820 = ORIENTED_EDGE ( 'NONE', *, *, #5022, .F. ) ;
#6821 = VECTOR ( 'NONE', #328, 1000.000000000000000 ) ;
#6822 = AXIS2_PLACEMENT_3D ( 'NONE', #1890, #2780, #6000 ) ;
#6823 = FACE_OUTER_BOUND ( 'NONE', #8808, .T. ) ;
#6824 = VECTOR ( 'NONE', #4085, 1000.000000000000000 ) ;
#6825 = LINE ( 'NONE', #9309, #3132 ) ;
#6826 = AXIS2_PLACEMENT_3D ( 'NONE', #2859, #6069, #9220 ) ;
#6827 = PLANE ( 'NONE',  #4684 ) ;
#6828 = DIRECTION ( 'NONE',  ( 0.000000000000000000, 0.000000000000000000, 1.000000000000000000 ) ) ;
#6829 = LINE ( 'NONE', #2160, #6941 ) ;
#6830 = FACE_BOUND ( 'NONE', #5004, .T. ) ;
#6831 = ADVANCED_FACE ( 'NONE', ( #6124 ), #2756, .F. ) ;
#6832 = AXIS2_PLACEMENT_3D ( 'NONE', #4117, #5597, #3182 ) ;
#6833 = ORIENTED_EDGE ( 'NONE', *, *, #5875, .T. ) ;
#6834 = ORIENTED_EDGE ( 'NONE', *, *, #4275, .F. ) ;
#6835 = LINE ( 'NONE', #3692, #3321 ) ;
#6836 = ORIENTED_EDGE ( 'NONE', *, *, #8411, .T. ) ;
#6837 = AXIS2_PLACEMENT_3D ( 'NONE', #4538, #4428, #2024 ) ;
#6838 = DIRECTION ( 'NONE',  ( 1.000000000000000000, 0.000000000000000000, 0.000000000000000000 ) ) ;
#6839 = VECTOR ( 'NONE', #4773, 1000.000000000000000 ) ;
#6840 = CARTESIAN_POINT ( 'NONE',  ( -6.505213034912861929E-16, 0.000000000000000000, -0.4699999999999880385 ) ) ;
#6841 = DIRECTION ( 'NONE',  ( 0.000000000000000000, 0.000000000000000000, 1.000000000000000000 ) ) ;
#6842 = LINE ( 'NONE', #1279, #6246 ) ;
#6843 = CARTESIAN_POINT ( 'NONE',  ( 6.000000000000003553, 29.71055027400083759, 9.690000000000004832 ) ) ;
#6844 = EDGE_CURVE ( 'NONE', #9452, #4498, #6516, .T. ) ;
#6845 = ORIENTED_EDGE ( 'NONE', *, *, #6304, .T. ) ;
#6846 = ORIENTED_EDGE ( 'NONE', *, *, #4441, .T. ) ;
#6847 = VECTOR ( 'NONE', #3583, 1000.000000000000000 ) ;
#6848 = ORIENTED_EDGE ( 'NONE', *, *, #1570, .T. ) ;
#6849 = DIRECTION ( 'NONE',  ( 0.000000000000000000, 1.000000000000000000, -0.000000000000000000 ) ) ;
#6850 = EDGE_LOOP ( 'NONE', ( #2094, #10279, #9468, #2775 ) ) ;
#6851 = ORIENTED_EDGE ( 'NONE', *, *, #677, .F. ) ;
#6852 = DIRECTION ( 'NONE',  ( 0.000000000000000000, 1.000000000000000000, -0.000000000000000000 ) ) ;
#6853 = CARTESIAN_POINT ( 'NONE',  ( 9.500000000000003553, 0.000000000000000000, -8.890000000000000568 ) ) ;
#6854 = CIRCLE ( 'NONE', #828, 0.8000000000000003775 ) ;
#6855 = PRESENTATION_LAYER_ASSIGNMENT (  '', '', ( #6534 ) ) ;
#6856 = CARTESIAN_POINT ( 'NONE',  ( 9.500000000000000000, 0.000000000000000000, 8.090000000000003411 ) ) ;
#6857 = CARTESIAN_POINT ( 'NONE',  ( 9.500000000000000000, 1.599999999999999867, 7.149999999999998579 ) ) ;
#6858 = ORIENTED_EDGE ( 'NONE', *, *, #7553, .F. ) ;
#6859 = LINE ( 'NONE', #4389, #9641 ) ;
#6860 = ORIENTED_EDGE ( 'NONE', *, *, #7076, .F. ) ;
#6861 = VECTOR ( 'NONE', #581, 1000.000000000000000 ) ;
#6862 = EDGE_LOOP ( 'NONE', ( #5612, #4704, #7411, #7172 ) ) ;
#6863 = CARTESIAN_POINT ( 'NONE',  ( 0.000000000000000000, 1.599999999999999867, -5.549999999999998934 ) ) ;
#6864 = EDGE_CURVE ( 'NONE', #4278, #7779, #7675, .T. ) ;
#6865 = AXIS2_PLACEMENT_3D ( 'NONE', #1357, #3762, #6962 ) ;
#6866 = DIRECTION ( 'NONE',  ( 0.000000000000000000, 0.000000000000000000, -1.000000000000000000 ) ) ;
#6867 = LINE ( 'NONE', #2878, #4977 ) ;
#6868 = EDGE_CURVE ( 'NONE', #3038, #2920, #2158, .T. ) ;
#6869 = CARTESIAN_POINT ( 'NONE',  ( 0.000000000000000000, 0.000000000000000000, 0.4699999999999999178 ) ) ;
#6870 = DIRECTION ( 'NONE',  ( 0.000000000000000000, -1.000000000000000000, 0.000000000000000000 ) ) ;
#6871 = CARTESIAN_POINT ( 'NONE',  ( 0.000000000000000000, 4.721281787984062284, 3.010000000000002451 ) ) ;
#6872 = LINE ( 'NONE', #10091, #8631 ) ;
#6873 = VERTEX_POINT ( 'NONE', #7564 ) ;
#6874 = ORIENTED_EDGE ( 'NONE', *, *, #1178, .F. ) ;
#6875 = AXIS2_PLACEMENT_3D ( 'NONE', #310, #2617, #5832 ) ;
#6876 = ORIENTED_EDGE ( 'NONE', *, *, #5871, .F. ) ;
#6877 = CARTESIAN_POINT ( 'NONE',  ( 0.000000000000000000, 1.600000000000000089, 9.690000000000004832 ) ) ;
#6878 = EDGE_CURVE ( 'NONE', #4537, #4870, #389, .T. ) ;
#6879 = CARTESIAN_POINT ( 'NONE',  ( -6.349999999999999645, 29.71055027400083759, -9.690000000000001279 ) ) ;
#6880 = CARTESIAN_POINT ( 'NONE',  ( 3.219999999999999751, 1.600000000000000089, -9.479999999999995097 ) ) ;
#6881 = CARTESIAN_POINT ( 'NONE',  ( -9.499999999999996447, 1.600000000000000089, 0.000000000000000000 ) ) ;
#6882 = DIRECTION ( 'NONE',  ( 0.000000000000000000, 1.000000000000000000, -0.000000000000000000 ) ) ;
#6883 = EDGE_CURVE ( 'NONE', #7730, #8888, #2493, .T. ) ;
#6884 = LINE ( 'NONE', #319, #912 ) ;
#6885 = CARTESIAN_POINT ( 'NONE',  ( -7.619999999999845564, 4.721281787984062284, 6.350000000000003197 ) ) ;
#6886 = PLANE ( 'NONE',  #6969 ) ;
#6887 = ORIENTED_EDGE ( 'NONE', *, *, #8765, .T. ) ;
#6888 = LINE ( 'NONE', #2895, #4493 ) ;
#6889 = ORIENTED_EDGE ( 'NONE', *, *, #6086, .F. ) ;
#6890 = CARTESIAN_POINT ( 'NONE',  ( -9.500000000000000000, 4.721281787984062284, 9.690000000000004832 ) ) ;
#6891 = ADVANCED_FACE ( 'NONE', ( #3804, #7006 ), #818, .F. ) ;
#6892 = FACE_OUTER_BOUND ( 'NONE', #5950, .T. ) ;
#6893 = FACE_OUTER_BOUND ( 'NONE', #2716, .T. ) ;
#6894 = PLANE ( 'NONE',  #4306 ) ;
#6895 = EDGE_LOOP ( 'NONE', ( #4402, #3512, #2981, #1319 ) ) ;
#6896 = EDGE_LOOP ( 'NONE', ( #8698, #10148 ) ) ;
#6897 = ORIENTED_EDGE ( 'NONE', *, *, #5430, .F. ) ;
#6898 = EDGE_LOOP ( 'NONE', ( #4899, #4994, #322, #9607 ) ) ;
#6899 = CARTESIAN_POINT ( 'NONE',  ( -7.619999999999897078, 0.000000000000000000, 1.778000000000002245 ) ) ;
#6900 = VECTOR ( 'NONE', #5936, 1000.000000000000000 ) ;
#6901 = EDGE_CURVE ( 'NONE', #10103, #1143, #25, .T. ) ;
#6902 = VECTOR ( 'NONE', #9746, 1000.000000000000000 ) ;
#6903 = DIRECTION ( 'NONE',  ( 0.000000000000000000, 0.000000000000000000, -1.000000000000000000 ) ) ;
#6904 = CARTESIAN_POINT ( 'NONE',  ( -6.000000000000001776, 1.600000000000000089, 9.690000000000004832 ) ) ;
#6905 = CARTESIAN_POINT ( 'NONE',  ( 9.500000000000000000, 4.721281787984062284, 9.689999999999999503 ) ) ;
#6906 = DIRECTION ( 'NONE',  ( 0.000000000000000000, 0.000000000000000000, -1.000000000000000000 ) ) ;
#6907 = ORIENTED_EDGE ( 'NONE', *, *, #9889, .F. ) ;
#6908 = VECTOR ( 'NONE', #7876, 1000.000000000000000 ) ;
#6909 = ORIENTED_EDGE ( 'NONE', *, *, #2971, .T. ) ;
#6910 = ORIENTED_EDGE ( 'NONE', *, *, #7152, .F. ) ;
#6911 = LINE ( 'NONE', #9287, #840 ) ;
#6912 = EDGE_CURVE ( 'NONE', #4494, #6490, #10281, .T. ) ;
#6913 = AXIS2_PLACEMENT_3D ( 'NONE', #6008, #8589, #7544 ) ;
#6914 = PLANE ( 'NONE',  #3431 ) ;
#6915 = LINE ( 'NONE', #1984, #7906 ) ;
#6916 = DIRECTION ( 'NONE',  ( -1.000000000000000000, -0.000000000000000000, -0.000000000000000000 ) ) ;
#6917 = DIRECTION ( 'NONE',  ( -0.000000000000000000, -1.000000000000000000, -0.000000000000000000 ) ) ;
#6918 =( NAMED_UNIT ( * ) PLANE_ANGLE_UNIT ( ) SI_UNIT ( $, .RADIAN. ) );
#6919 = CARTESIAN_POINT ( 'NONE',  ( 9.500000000000000000, 0.000000000000000000, -1.270000000000000240 ) ) ;
#6920 = ORIENTED_EDGE ( 'NONE', *, *, #257, .T. ) ;
#6921 = ORIENTED_EDGE ( 'NONE', *, *, #2521, .T. ) ;
#6922 = EDGE_LOOP ( 'NONE', ( #287, #2394, #2561, #4231 ) ) ;
#6923 = DIRECTION ( 'NONE',  ( 1.000000000000000000, -0.000000000000000000, 0.000000000000000000 ) ) ;
#6924 = EDGE_CURVE ( 'NONE', #9819, #8533, #7773, .T. ) ;
#6925 = DIRECTION ( 'NONE',  ( 1.000000000000000000, 0.000000000000000000, -0.000000000000000000 ) ) ;
#6926 = DIRECTION ( 'NONE',  ( 0.000000000000000000, 0.000000000000000000, -1.000000000000000000 ) ) ;
#6927 = DIRECTION ( 'NONE',  ( 1.000000000000000000, 0.000000000000000000, -1.366641393889291440E-16 ) ) ;
#6928 = DIRECTION ( 'NONE',  ( 0.000000000000000000, 0.000000000000000000, 1.000000000000000000 ) ) ;
#6929 = DIRECTION ( 'NONE',  ( 0.000000000000000000, 0.000000000000000000, -1.000000000000000000 ) ) ;
#6930 = CARTESIAN_POINT ( 'NONE',  ( -7.619999999999921947, 1.599999999999999867, -1.270000000000000240 ) ) ;
#6931 = ORIENTED_EDGE ( 'NONE', *, *, #5462, .F. ) ;
#6932 = CARTESIAN_POINT ( 'NONE',  ( 0.000000000000000000, 1.600000000000000089, -7.150000000000001243 ) ) ;
#6933 = ADVANCED_FACE ( 'NONE', ( #1544 ), #3176, .F. ) ;
#6934 = VERTEX_POINT ( 'NONE', #713 ) ;
#6935 = EDGE_CURVE ( 'NONE', #8450, #4198, #765, .T. ) ;
#6936 = EDGE_CURVE ( 'NONE', #8096, #6048, #3064, .T. ) ;
#6937 = CARTESIAN_POINT ( 'NONE',  ( 0.000000000000000000, 3.270000000000000018, -9.340000000000003411 ) ) ;
#6938 = CARTESIAN_POINT ( 'NONE',  ( -7.619999999999894413, 4.721281787984062284, 1.270000000000000240 ) ) ;
#6939 = LINE ( 'NONE', #4416, #2612 ) ;
#6940 = DIRECTION ( 'NONE',  ( 0.000000000000000000, 0.000000000000000000, 1.000000000000000000 ) ) ;
#6941 = VECTOR ( 'NONE', #5420, 1000.000000000000000 ) ;
#6942 = LINE ( 'NONE', #6843, #8807 ) ;
#6943 = VERTEX_POINT ( 'NONE', #7872 ) ;
#6944 = ORIENTED_EDGE ( 'NONE', *, *, #518, .F. ) ;
#6945 = EDGE_CURVE ( 'NONE', #8851, #7246, #611, .T. ) ;
#6946 = EDGE_LOOP ( 'NONE', ( #6050, #902, #5770, #2232 ) ) ;
#6947 = ORIENTED_EDGE ( 'NONE', *, *, #1920, .F. ) ;
#6948 = EDGE_CURVE ( 'NONE', #3645, #865, #6232, .T. ) ;
#6949 = AXIS2_PLACEMENT_3D ( 'NONE', #1771, #4822, #844 ) ;
#6950 = CYLINDRICAL_SURFACE ( 'NONE', #7163, 0.5080000000000006732 ) ;
#6951 = AXIS2_PLACEMENT_3D ( 'NONE', #3548, #6702, #5191 ) ;
#6952 = CARTESIAN_POINT ( 'NONE',  ( 9.500000000000003553, 1.600000000000000089, 0.000000000000000000 ) ) ;
#6953 = CARTESIAN_POINT ( 'NONE',  ( 7.620000000000112905, 1.600000000000000089, 1.270000000000000240 ) ) ;
#6954 = FACE_OUTER_BOUND ( 'NONE', #8580, .T. ) ;
#6955 = FILL_AREA_STYLE_COLOUR ( '', #5968 ) ;
#6956 = EDGE_LOOP ( 'NONE', ( #9662, #9775, #176, #3034 ) ) ;
#6957 = ADVANCED_FACE ( 'NONE', ( #9489 ), #2331, .F. ) ;
#6958 = MECHANICAL_DESIGN_GEOMETRIC_PRESENTATION_REPRESENTATION (  '', ( #9213 ), #7780 ) ;
#6959 = ORIENTED_EDGE ( 'NONE', *, *, #3350, .F. ) ;
#6960 = DIRECTION ( 'NONE',  ( 0.000000000000000000, 0.000000000000000000, 1.000000000000000000 ) ) ;
#6961 = VERTEX_POINT ( 'NONE', #5589 ) ;
#6962 = DIRECTION ( 'NONE',  ( 1.000000000000000000, 0.000000000000000000, -1.384087879768729216E-15 ) ) ;
#6963 = CARTESIAN_POINT ( 'NONE',  ( -9.499999999999996447, 1.600000000000000089, 0.000000000000000000 ) ) ;
#6964 = FACE_OUTER_BOUND ( 'NONE', #7745, .T. ) ;
#6965 = CYLINDRICAL_SURFACE ( 'NONE', #8267, 0.5079999999999997851 ) ;
#6966 = LINE ( 'NONE', #3671, #3171 ) ;
#6967 = FACE_OUTER_BOUND ( 'NONE', #9184, .T. ) ;
#6968 = EDGE_CURVE ( 'NONE', #3877, #211, #7980, .T. ) ;
#6969 = AXIS2_PLACEMENT_3D ( 'NONE', #5377, #6161, #4621 ) ;
#6970 = FACE_OUTER_BOUND ( 'NONE', #4700, .T. ) ;
#6971 = ORIENTED_EDGE ( 'NONE', *, *, #9540, .F. ) ;
#6972 = ORIENTED_EDGE ( 'NONE', *, *, #8829, .T. ) ;
#6973 = ORIENTED_EDGE ( 'NONE', *, *, #6712, .T. ) ;
#6974 = LINE ( 'NONE', #6877, #8853 ) ;
#6975 = VECTOR ( 'NONE', #1956, 1000.000000000000000 ) ;
#6976 = AXIS2_PLACEMENT_3D ( 'NONE', #3164, #9629, #8748 ) ;
#6977 = CARTESIAN_POINT ( 'NONE',  ( 9.500000000000003553, 0.000000000000000000, 9.690000000000004832 ) ) ;
#6978 = CARTESIAN_POINT ( 'NONE',  ( 0.000000000000000000, 3.069999999999999840, 9.340000000000008740 ) ) ;
#6979 = PLANE ( 'NONE',  #5672 ) ;
#6980 = CARTESIAN_POINT ( 'NONE',  ( -7.619999999999870433, 0.000000000000000000, 4.318000000000003169 ) ) ;
#6981 = VECTOR ( 'NONE', #7168, 1000.000000000000000 ) ;
#6982 = CARTESIAN_POINT ( 'NONE',  ( 3.969999999999999751, 3.000000000000000000, -7.259999999999995346 ) ) ;
#6983 = AXIS2_PLACEMENT_3D ( 'NONE', #8984, #6659, #5141 ) ;
#6984 = ORIENTED_EDGE ( 'NONE', *, *, #9223, .F. ) ;
#6985 = ORIENTED_EDGE ( 'NONE', *, *, #7572, .T. ) ;
#6986 = DIRECTION ( 'NONE',  ( -1.000000000000000000, 0.000000000000000000, 2.306813132947882026E-15 ) ) ;
#6987 = EDGE_LOOP ( 'NONE', ( #3437, #6314 ) ) ;
#6988 = VECTOR ( 'NONE', #9937, 1000.000000000000000 ) ;
#6989 = VECTOR ( 'NONE', #1725, 1000.000000000000000 ) ;
#6990 = DIRECTION ( 'NONE',  ( 0.000000000000000000, 0.000000000000000000, -1.000000000000000000 ) ) ;
#6991 = DIRECTION ( 'NONE',  ( -0.000000000000000000, -1.000000000000000000, -0.000000000000000000 ) ) ;
#6992 = VECTOR ( 'NONE', #10090, 1000.000000000000000 ) ;
#6993 = CIRCLE ( 'NONE', #2481, 0.3175000000000000600 ) ;
#6994 = CARTESIAN_POINT ( 'NONE',  ( 7.620000000000000107, 0.000000000000000000, -8.089999999999998082 ) ) ;
#6995 = DIRECTION ( 'NONE',  ( -0.000000000000000000, -1.000000000000000000, -0.000000000000000000 ) ) ;
#6996 = DIRECTION ( 'NONE',  ( -0.000000000000000000, -1.000000000000000000, -0.000000000000000000 ) ) ;
#6997 = ORIENTED_EDGE ( 'NONE', *, *, #6436, .T. ) ;
#6998 = ORIENTED_EDGE ( 'NONE', *, *, #10003, .F. ) ;
#6999 = ADVANCED_FACE ( 'NONE', ( #4736, #7922 ), #5439, .T. ) ;
#7000 = PRESENTATION_LAYER_ASSIGNMENT (  '', '', ( #3484 ) ) ;
#7001 = VECTOR ( 'NONE', #5215, 1000.000000000000000 ) ;
#7002 = VERTEX_POINT ( 'NONE', #5642 ) ;
#7003 = ORIENTED_EDGE ( 'NONE', *, *, #9889, .T. ) ;
#7004 = DIRECTION ( 'NONE',  ( 0.000000000000000000, 1.000000000000000000, -0.000000000000000000 ) ) ;
#7005 = VECTOR ( 'NONE', #4971, 1000.000000000000000 ) ;
#7006 = FACE_BOUND ( 'NONE', #7974, .T. ) ;
#7007 = DIRECTION ( 'NONE',  ( -0.000000000000000000, -0.000000000000000000, 1.000000000000000000 ) ) ;
#7008 = ADVANCED_FACE ( 'NONE', ( #1495 ), #669, .F. ) ;
#7009 = DIRECTION ( 'NONE',  ( 1.000000000000000000, 0.000000000000000000, 1.156482317317871764E-14 ) ) ;
#7010 = AXIS2_PLACEMENT_3D ( 'NONE', #8811, #3906, #7050 ) ;
#7011 = DIRECTION ( 'NONE',  ( -0.000000000000000000, 0.000000000000000000, 1.000000000000000000 ) ) ;
#7012 = LINE ( 'NONE', #5243, #8773 ) ;
#7013 = ORIENTED_EDGE ( 'NONE', *, *, #8128, .T. ) ;
#7014 = ADVANCED_FACE ( 'NONE', ( #2273 ), #7096, .F. ) ;
#7015 = EDGE_LOOP ( 'NONE', ( #5269, #3210, #8297, #446 ) ) ;
#7016 = DIRECTION ( 'NONE',  ( 0.000000000000000000, 0.000000000000000000, 1.000000000000000000 ) ) ;
#7017 = ORIENTED_EDGE ( 'NONE', *, *, #4429, .F. ) ;
#7018 = CARTESIAN_POINT ( 'NONE',  ( 9.500000000000000000, 1.599999999999999867, -9.690000000000003055 ) ) ;
#7019 = EDGE_CURVE ( 'NONE', #301, #2221, #4162, .T. ) ;
#7020 = PRESENTATION_STYLE_ASSIGNMENT (( #1168 ) ) ;
#7021 =( LENGTH_UNIT ( ) NAMED_UNIT ( * ) SI_UNIT ( .MILLI., .METRE. ) );
#7022 = FACE_OUTER_BOUND ( 'NONE', #79, .T. ) ;
#7023 = CARTESIAN_POINT ( 'NONE',  ( -9.500000000000000000, 1.599999999999999867, -5.842000000000002302 ) ) ;
#7024 = VECTOR ( 'NONE', #4343, 1000.000000000000000 ) ;
#7025 = ORIENTED_EDGE ( 'NONE', *, *, #9589, .T. ) ;
#7026 = CARTESIAN_POINT ( 'NONE',  ( -9.499999999999996447, 1.600000000000000089, 7.150000000000003020 ) ) ;
#7027 = ORIENTED_EDGE ( 'NONE', *, *, #2396, .T. ) ;
#7028 = ORIENTED_EDGE ( 'NONE', *, *, #8396, .T. ) ;
#7029 =( GEOMETRIC_REPRESENTATION_CONTEXT ( 3 ) GLOBAL_UNCERTAINTY_ASSIGNED_CONTEXT ( ( #5225 ) ) GLOBAL_UNIT_ASSIGNED_CONTEXT ( ( #6497, #8968, #5869 ) ) REPRESENTATION_CONTEXT ( 'NONE', 'WORKASPACE' ) );
#7030 = EDGE_CURVE ( 'NONE', #5118, #6943, #4851, .T. ) ;
#7031 = CARTESIAN_POINT ( 'NONE',  ( 6.050000000000001599, 3.069999999999999840, 0.000000000000000000 ) ) ;
#7032 = DIRECTION ( 'NONE',  ( 0.000000000000000000, 1.000000000000000000, -0.000000000000000000 ) ) ;
#7033 = LINE ( 'NONE', #845, #7794 ) ;
#7034 = DIRECTION ( 'NONE',  ( 1.000000000000000000, 0.000000000000000000, 0.000000000000000000 ) ) ;
#7035 = CARTESIAN_POINT ( 'NONE',  ( -9.500000000000000000, 0.000000000000000000, 0.000000000000000000 ) ) ;
#7036 = DIRECTION ( 'NONE',  ( 0.000000000000000000, 0.000000000000000000, 1.000000000000000000 ) ) ;
#7037 = ORIENTED_EDGE ( 'NONE', *, *, #8583, .F. ) ;
#7038 = VECTOR ( 'NONE', #6550, 1000.000000000000000 ) ;
#7039 = DIRECTION ( 'NONE',  ( 1.000000000000000000, -0.000000000000000000, 0.000000000000000000 ) ) ;
#7040 = ORIENTED_EDGE ( 'NONE', *, *, #66, .F. ) ;
#7041 = DIRECTION ( 'NONE',  ( 0.000000000000000000, 1.000000000000000000, 0.000000000000000000 ) ) ;
#7042 = FACE_OUTER_BOUND ( 'NONE', #1700, .T. ) ;
#7043 = CARTESIAN_POINT ( 'NONE',  ( -9.500000000000000000, 0.000000000000000000, -4.609999999999998543 ) ) ;
#7044 = CARTESIAN_POINT ( 'NONE',  ( 1.389999999999999458, 1.600000000000000755, -9.340000000000003411 ) ) ;
#7045 = DIRECTION ( 'NONE',  ( -0.000000000000000000, -1.000000000000000000, -0.000000000000000000 ) ) ;
#7046 = ORIENTED_EDGE ( 'NONE', *, *, #5190, .T. ) ;
#7047 = ORIENTED_EDGE ( 'NONE', *, *, #4762, .T. ) ;
#7048 = ORIENTED_EDGE ( 'NONE', *, *, #6129, .T. ) ;
#7049 = DIRECTION ( 'NONE',  ( 0.000000000000000000, 0.000000000000000000, 1.000000000000000000 ) ) ;
#7050 = DIRECTION ( 'NONE',  ( 0.000000000000000000, 0.000000000000000000, -1.000000000000000000 ) ) ;
#7051 = DIRECTION ( 'NONE',  ( 0.000000000000000000, 1.000000000000000000, 0.000000000000000000 ) ) ;
#7052 = ADVANCED_FACE ( 'NONE', ( #9742 ), #5853, .F. ) ;
#7053 = DIRECTION ( 'NONE',  ( 1.000000000000000000, 0.000000000000000000, -0.000000000000000000 ) ) ;
#7054 = CARTESIAN_POINT ( 'NONE',  ( -9.499999999999996447, 1.600000000000000089, 0.000000000000000000 ) ) ;
#7055 = ORIENTED_EDGE ( 'NONE', *, *, #2168, .T. ) ;
#7056 = ORIENTED_EDGE ( 'NONE', *, *, #9653, .T. ) ;
#7057 = LINE ( 'NONE', #6134, #6676 ) ;
#7058 = EDGE_CURVE ( 'NONE', #9510, #7962, #8162, .T. ) ;
#7059 = VECTOR ( 'NONE', #662, 1000.000000000000000 ) ;
#7060 = ORIENTED_EDGE ( 'NONE', *, *, #6684, .F. ) ;
#7061 = EDGE_CURVE ( 'NONE', #9661, #7558, #8125, .T. ) ;
#7062 = DIRECTION ( 'NONE',  ( -0.000000000000000000, -1.000000000000000000, -0.000000000000000000 ) ) ;
#7063 = ADVANCED_FACE ( 'NONE', ( #7251, #2543 ), #5754, .T. ) ;
#7064 = LINE ( 'NONE', #10246, #6614 ) ;
#7065 = DIRECTION ( 'NONE',  ( -0.000000000000000000, -1.000000000000000000, -0.000000000000000000 ) ) ;
#7066 = AXIS2_PLACEMENT_3D ( 'NONE', #1866, #343, #5872 ) ;
#7067 = CARTESIAN_POINT ( 'NONE',  ( -9.500000000000000000, 0.000000000000000000, 8.090000000000003411 ) ) ;
#7068 = ORIENTED_EDGE ( 'NONE', *, *, #4316, .F. ) ;
#7069 = CARTESIAN_POINT ( 'NONE',  ( 9.500000000000000000, 0.000000000000000000, -0.4700000000000012501 ) ) ;
#7070 = ORIENTED_EDGE ( 'NONE', *, *, #3031, .T. ) ;
#7071 = EDGE_LOOP ( 'NONE', ( #2691, #8372, #4609, #8248 ) ) ;
#7072 = ORIENTED_EDGE ( 'NONE', *, *, #1614, .F. ) ;
#7073 = ADVANCED_FACE ( 'NONE', ( #9792 ), #3331, .F. ) ;
#7074 = DIRECTION ( 'NONE',  ( 0.000000000000000000, 1.000000000000000000, -0.000000000000000000 ) ) ;
#7075 = VECTOR ( 'NONE', #3205, 1000.000000000000000 ) ;
#7076 = EDGE_CURVE ( 'NONE', #4898, #8951, #1703, .T. ) ;
#7077 = CARTESIAN_POINT ( 'NONE',  ( -9.500000000000000000, 0.000000000000000000, 3.302000000000000490 ) ) ;
#7078 = DIRECTION ( 'NONE',  ( 1.366641393889291440E-16, -0.000000000000000000, 1.000000000000000000 ) ) ;
#7079 = CARTESIAN_POINT ( 'NONE',  ( 7.620000000000007212, 1.599999999999999867, -8.382000000000001450 ) ) ;
#7080 = CARTESIAN_POINT ( 'NONE',  ( 9.500000000000003553, 1.600000000000000089, 3.010000000000002451 ) ) ;
#7081 = DIRECTION ( 'NONE',  ( -0.000000000000000000, -1.000000000000000000, -0.000000000000000000 ) ) ;
#7082 = VECTOR ( 'NONE', #1564, 1000.000000000000000 ) ;
#7083 = DIRECTION ( 'NONE',  ( 0.000000000000000000, 0.000000000000000000, 1.000000000000000000 ) ) ;
#7084 = ORIENTED_EDGE ( 'NONE', *, *, #9698, .F. ) ;
#7085 = LINE ( 'NONE', #7807, #8661 ) ;
#7086 = ORIENTED_EDGE ( 'NONE', *, *, #3986, .F. ) ;
#7087 = ORIENTED_EDGE ( 'NONE', *, *, #7885, .F. ) ;
#7088 = ADVANCED_FACE ( 'NONE', ( #274 ), #970, .F. ) ;
#7089 = DIRECTION ( 'NONE',  ( 0.000000000000000000, 1.000000000000000000, 0.000000000000000000 ) ) ;
#7090 = DIRECTION ( 'NONE',  ( 1.186541365237213826E-16, -0.000000000000000000, 1.000000000000000000 ) ) ;
#7091 = DIRECTION ( 'NONE',  ( 0.000000000000000000, 0.000000000000000000, 1.000000000000000000 ) ) ;
#7092 = VERTEX_POINT ( 'NONE', #9693 ) ;
#7093 = EDGE_CURVE ( 'NONE', #8965, #4913, #8907, .T. ) ;
#7094 = ORIENTED_EDGE ( 'NONE', *, *, #1897, .T. ) ;
#7095 = CARTESIAN_POINT ( 'NONE',  ( 7.620000000000162643, 4.721281787984062284, 5.841999999999997861 ) ) ;
#7096 = PLANE ( 'NONE',  #8005 ) ;
#7097 = FACE_OUTER_BOUND ( 'NONE', #230, .T. ) ;
#7098 = CARTESIAN_POINT ( 'NONE',  ( 7.620000000000000107, 4.721281787984062284, 9.690000000000004832 ) ) ;
#7099 = DIRECTION ( 'NONE',  ( 0.000000000000000000, 1.000000000000000000, -0.000000000000000000 ) ) ;
#7100 = DIRECTION ( 'NONE',  ( 1.000000000000000000, -0.000000000000000000, 0.000000000000000000 ) ) ;
#7101 = DIRECTION ( 'NONE',  ( 0.000000000000000000, 0.000000000000000000, 1.000000000000000000 ) ) ;
#7102 = EDGE_LOOP ( 'NONE', ( #4405, #8683, #4774, #4844 ) ) ;
#7103 = ORIENTED_EDGE ( 'NONE', *, *, #7317, .F. ) ;
#7104 = LINE ( 'NONE', #2283, #4164 ) ;
#7105 = ORIENTED_EDGE ( 'NONE', *, *, #1897, .F. ) ;
#7106 = CIRCLE ( 'NONE', #5957, 0.5079999999999997851 ) ;
#7107 = DIRECTION ( 'NONE',  ( -1.000000000000000000, 0.000000000000000000, 0.000000000000000000 ) ) ;
#7108 = STYLED_ITEM ( 'NONE', ( #10356 ), #1383 ) ;
#7109 = EDGE_CURVE ( 'NONE', #3949, #2992, #3486, .T. ) ;
#7110 = LINE ( 'NONE', #3970, #5015 ) ;
#7111 = ADVANCED_FACE ( 'NONE', ( #3381 ), #6538, .T. ) ;
#7112 = AXIS2_PLACEMENT_3D ( 'NONE', #3346, #1034, #8147 ) ;
#7113 = CARTESIAN_POINT ( 'NONE',  ( 0.000000000000000000, 1.600000000000000089, 0.000000000000000000 ) ) ;
#7114 = ORIENTED_EDGE ( 'NONE', *, *, #3725, .T. ) ;
#7115 = DIRECTION ( 'NONE',  ( 0.000000000000000000, 1.000000000000000000, -0.000000000000000000 ) ) ;
#7116 = ORIENTED_EDGE ( 'NONE', *, *, #932, .F. ) ;
#7117 = VERTEX_POINT ( 'NONE', #8081 ) ;
#7118 = ADVANCED_FACE ( 'NONE', ( #9850, #4165 ), #7358, .T. ) ;
#7119 = CARTESIAN_POINT ( 'NONE',  ( 7.620000000000032081, 1.599999999999999867, -5.841999999999996085 ) ) ;
#7120 = CYLINDRICAL_SURFACE ( 'NONE', #283, 0.5079999999999997851 ) ;
#7121 = CARTESIAN_POINT ( 'NONE',  ( -7.620000000000000107, 4.721281787984062284, 4.610000000000000320 ) ) ;
#7122 = EDGE_CURVE ( 'NONE', #9799, #1919, #8953, .T. ) ;
#7123 = SURFACE_STYLE_FILL_AREA ( #6408 ) ;
#7124 = CARTESIAN_POINT ( 'NONE',  ( 9.500000000000003553, 1.600000000000000089, 8.090000000000003411 ) ) ;
#7125 = CARTESIAN_POINT ( 'NONE',  ( 7.620000000000112905, 0.000000000000000000, 1.270000000000000240 ) ) ;
#7126 = FACE_OUTER_BOUND ( 'NONE', #9806, .T. ) ;
#7127 = VERTEX_POINT ( 'NONE', #8181 ) ;
#7128 = EDGE_CURVE ( 'NONE', #8951, #607, #8035, .T. ) ;
#7129 = CARTESIAN_POINT ( 'NONE',  ( 2.899999999999999467, 1.600000000000000089, -9.279999999999994031 ) ) ;
#7130 = VECTOR ( 'NONE', #8393, 1000.000000000000000 ) ;
#7131 = ORIENTED_EDGE ( 'NONE', *, *, #4959, .F. ) ;
#7132 = ORIENTED_EDGE ( 'NONE', *, *, #4810, .F. ) ;
#7133 = CIRCLE ( 'NONE', #9789, 0.2999999999999999334 ) ;
#7134 = CARTESIAN_POINT ( 'NONE',  ( 2.399999999999999467, 1.600000000000000089, -8.009999999999994458 ) ) ;
#7135 = CARTESIAN_POINT ( 'NONE',  ( 2.900000000000000799, 2.100000000000000089, -9.479999999999995097 ) ) ;
#7136 = COLOUR_RGB ( '',1.000000000000000000, 0.8117647058823529438, 0.5019607843137254832 ) ;
#7137 = AXIS2_PLACEMENT_3D ( 'NONE', #4239, #3564, #7425 ) ;
#7138 = EDGE_CURVE ( 'NONE', #3270, #9799, #6198, .T. ) ;
#7139 = DIRECTION ( 'NONE',  ( 0.000000000000000000, 1.000000000000000000, 0.000000000000000000 ) ) ;
#7140 = PLANE ( 'NONE',  #6257 ) ;
#7141 = SURFACE_SIDE_STYLE ('',( #10174 ) ) ;
#7142 = VECTOR ( 'NONE', #8260, 1000.000000000000000 ) ;
#7143 = ORIENTED_EDGE ( 'NONE', *, *, #8895, .T. ) ;
#7144 = EDGE_LOOP ( 'NONE', ( #7499, #8948, #8639, #782 ) ) ;
#7145 = AXIS2_PLACEMENT_3D ( 'NONE', #8486, #9152, #9938 ) ;
#7146 = VECTOR ( 'NONE', #6285, 1000.000000000000000 ) ;
#7147 = ORIENTED_EDGE ( 'NONE', *, *, #4301, .F. ) ;
#7148 = ORIENTED_EDGE ( 'NONE', *, *, #1197, .F. ) ;
#7149 = CARTESIAN_POINT ( 'NONE',  ( 6.000000000000001776, 3.270000000000000018, -4.630000000000001670 ) ) ;
#7150 = DIRECTION ( 'NONE',  ( -0.000000000000000000, -1.000000000000000000, -0.000000000000000000 ) ) ;
#7151 = DIRECTION ( 'NONE',  ( 1.000000000000000000, -0.000000000000000000, 0.000000000000000000 ) ) ;
#7152 = EDGE_CURVE ( 'NONE', #7401, #1921, #2900, .T. ) ;
#7153 = DIRECTION ( 'NONE',  ( 0.000000000000000000, 0.000000000000000000, -1.000000000000000000 ) ) ;
#7154 = VECTOR ( 'NONE', #2868, 1000.000000000000000 ) ;
#7155 = DIRECTION ( 'NONE',  ( -1.000000000000000000, 0.000000000000000000, 0.000000000000000000 ) ) ;
#7156 = VECTOR ( 'NONE', #3539, 1000.000000000000000 ) ;
#7157 = CARTESIAN_POINT ( 'NONE',  ( 7.620000000000032081, 1.599999999999999867, -6.349999999999999645 ) ) ;
#7158 = CARTESIAN_POINT ( 'NONE',  ( 7.620000000000007212, 4.721281787984062284, -8.890000000000000568 ) ) ;
#7159 = ORIENTED_EDGE ( 'NONE', *, *, #8630, .F. ) ;
#7160 = DIRECTION ( 'NONE',  ( -0.000000000000000000, -1.000000000000000000, -0.000000000000000000 ) ) ;
#7161 = ORIENTED_EDGE ( 'NONE', *, *, #5353, .T. ) ;
#7162 = CARTESIAN_POINT ( 'NONE',  ( -6.000000000000001776, 2.970000000000000639, 9.690000000000006608 ) ) ;
#7163 = AXIS2_PLACEMENT_3D ( 'NONE', #10075, #5238, #447 ) ;
#7164 = VECTOR ( 'NONE', #9522, 1000.000000000000000 ) ;
#7165 = FACE_OUTER_BOUND ( 'NONE', #5973, .T. ) ;
#7166 = DIRECTION ( 'NONE',  ( 0.000000000000000000, 0.000000000000000000, 1.000000000000000000 ) ) ;
#7167 = DIRECTION ( 'NONE',  ( -1.000000000000000000, -0.000000000000000000, 1.365923996832131856E-16 ) ) ;
#7168 = DIRECTION ( 'NONE',  ( -0.000000000000000000, -0.000000000000000000, -1.000000000000000000 ) ) ;
#7169 = ORIENTED_EDGE ( 'NONE', *, *, #4921, .F. ) ;
#7170 = CARTESIAN_POINT ( 'NONE',  ( 7.620000000000000107, 0.000000000000000000, 2.070000000000002505 ) ) ;
#7171 = ORIENTED_EDGE ( 'NONE', *, *, #6303, .F. ) ;
#7172 = ORIENTED_EDGE ( 'NONE', *, *, #6017, .F. ) ;
#7173 = AXIS2_PLACEMENT_3D ( 'NONE', #180, #2590, #5802 ) ;
#7174 = LINE ( 'NONE', #3199, #9168 ) ;
#7175 = EDGE_CURVE ( 'NONE', #9117, #8177, #2949, .T. ) ;
#7176 = EDGE_CURVE ( 'NONE', #10319, #6637, #2742, .T. ) ;
#7177 = DIRECTION ( 'NONE',  ( 0.000000000000000000, 1.000000000000000000, -0.000000000000000000 ) ) ;
#7178 = VECTOR ( 'NONE', #9778, 1000.000000000000000 ) ;
#7179 = PLANE ( 'NONE',  #5168 ) ;
#7180 = DIRECTION ( 'NONE',  ( 1.000000000000000000, 0.000000000000000000, -0.000000000000000000 ) ) ;
#7181 = DIRECTION ( 'NONE',  ( -1.000000000000000000, 0.000000000000000000, 4.613626265895764052E-16 ) ) ;
#7182 = FACE_OUTER_BOUND ( 'NONE', #5401, .T. ) ;
#7183 = FACE_OUTER_BOUND ( 'NONE', #56, .T. ) ;
#7184 = CARTESIAN_POINT ( 'NONE',  ( 0.000000000000000000, 0.000000000000000000, -10.99999999999999645 ) ) ;
#7185 = ORIENTED_EDGE ( 'NONE', *, *, #9022, .T. ) ;
#7186 = DIRECTION ( 'NONE',  ( -2.306813132947882026E-15, 0.000000000000000000, -1.000000000000000000 ) ) ;
#7187 = ORIENTED_EDGE ( 'NONE', *, *, #7275, .F. ) ;
#7188 = ORIENTED_EDGE ( 'NONE', *, *, #394, .F. ) ;
#7189 = VECTOR ( 'NONE', #10207, 1000.000000000000000 ) ;
#7190 = EDGE_CURVE ( 'NONE', #663, #4666, #1898, .T. ) ;
#7191 = EDGE_CURVE ( 'NONE', #10364, #9595, #7714, .T. ) ;
#7192 = CARTESIAN_POINT ( 'NONE',  ( 2.399999999999999467, 1.600000000000000089, -8.409999999999996589 ) ) ;
#7193 = FACE_OUTER_BOUND ( 'NONE', #6638, .T. ) ;
#7194 = EDGE_CURVE ( 'NONE', #9532, #6060, #5106, .T. ) ;
#7195 = CARTESIAN_POINT ( 'NONE',  ( 9.500000000000000000, 0.000000000000000000, -9.690000000000003055 ) ) ;
#7196 = AXIS2_PLACEMENT_3D ( 'NONE', #2192, #9975, #5357 ) ;
#7197 = VERTEX_POINT ( 'NONE', #2854 ) ;
#7198 = VERTEX_POINT ( 'NONE', #8278 ) ;
#7199 = EDGE_LOOP ( 'NONE', ( #1199, #3724, #1883, #5688 ) ) ;
#7200 = ORIENTED_EDGE ( 'NONE', *, *, #4188, .F. ) ;
#7201 = FACE_OUTER_BOUND ( 'NONE', #5435, .T. ) ;
#7202 = EDGE_CURVE ( 'NONE', #1461, #3016, #5328, .T. ) ;
#7203 = CARTESIAN_POINT ( 'NONE',  ( 2.900000000000000799, 1.600000000000000089, -6.939999999999995950 ) ) ;
#7204 = PLANE ( 'NONE',  #10323 ) ;
#7205 = CARTESIAN_POINT ( 'NONE',  ( 2.682362310991791315E-14, 1.599999999999999867, 9.689999999999978186 ) ) ;
#7206 = CARTESIAN_POINT ( 'NONE',  ( -7.620000000000000107, 4.721281787984062284, 5.549999999999999822 ) ) ;
#7207 = CARTESIAN_POINT ( 'NONE',  ( -9.500000000000000000, 4.721281787984062284, 0.000000000000000000 ) ) ;
#7208 = ORIENTED_EDGE ( 'NONE', *, *, #3466, .F. ) ;
#7209 = CARTESIAN_POINT ( 'NONE',  ( -7.619999999999819806, 1.599999999999999867, 8.890000000000004121 ) ) ;
#7210 = EDGE_LOOP ( 'NONE', ( #2482, #5018 ) ) ;
#7211 = ADVANCED_FACE ( 'NONE', ( #1119 ), #4471, .F. ) ;
#7212 = CARTESIAN_POINT ( 'NONE',  ( -7.619999999999975238, 0.000000000000000000, -6.858000000000000540 ) ) ;
#7213 = FACE_OUTER_BOUND ( 'NONE', #9283, .T. ) ;
#7214 = DIRECTION ( 'NONE',  ( 0.000000000000000000, 0.000000000000000000, -1.000000000000000000 ) ) ;
#7215 = DIRECTION ( 'NONE',  ( 1.000000000000000000, 0.000000000000000000, -0.000000000000000000 ) ) ;
#7216 = FACE_OUTER_BOUND ( 'NONE', #9883, .T. ) ;
#7217 = VERTEX_POINT ( 'NONE', #1333 ) ;
#7218 = DIRECTION ( 'NONE',  ( -1.000000000000000000, 0.000000000000000000, -0.000000000000000000 ) ) ;
#7219 = ORIENTED_EDGE ( 'NONE', *, *, #1545, .F. ) ;
#7220 = ORIENTED_EDGE ( 'NONE', *, *, #2603, .F. ) ;
#7221 = EDGE_CURVE ( 'NONE', #9090, #6325, #9948, .T. ) ;
#7222 = CIRCLE ( 'NONE', #366, 0.7999999999999999334 ) ;
#7223 = CARTESIAN_POINT ( 'NONE',  ( 1.939999999999998170, 2.970000000000000639, -4.930000000000001492 ) ) ;
#7224 = CARTESIAN_POINT ( 'NONE',  ( 8.941207703305983145E-15, 1.600000000000000089, -9.689999999999992397 ) ) ;
#7225 = DIRECTION ( 'NONE',  ( 0.000000000000000000, 0.000000000000000000, 1.000000000000000000 ) ) ;
#7226 = DIRECTION ( 'NONE',  ( 0.000000000000000000, 0.000000000000000000, -1.000000000000000000 ) ) ;
#7227 = PLANE ( 'NONE',  #454 ) ;
#7228 = DIRECTION ( 'NONE',  ( 0.000000000000000000, 0.000000000000000000, 1.000000000000000000 ) ) ;
#7229 = CARTESIAN_POINT ( 'NONE',  ( 9.500000000000000000, 4.721281787984062284, 6.349999999999999645 ) ) ;
#7230 = DIRECTION ( 'NONE',  ( -0.000000000000000000, -1.000000000000000000, -0.000000000000000000 ) ) ;
#7231 = VERTEX_POINT ( 'NONE', #4528 ) ;
#7232 = DIRECTION ( 'NONE',  ( 0.000000000000000000, 0.000000000000000000, 1.000000000000000000 ) ) ;
#7233 = ORIENTED_EDGE ( 'NONE', *, *, #5560, .F. ) ;
#7234 = EDGE_LOOP ( 'NONE', ( #2576, #9864, #9620, #8374 ) ) ;
#7235 = VECTOR ( 'NONE', #7969, 1000.000000000000000 ) ;
#7236 = EDGE_CURVE ( 'NONE', #4593, #854, #4668, .T. ) ;
#7237 = ORIENTED_EDGE ( 'NONE', *, *, #6936, .F. ) ;
#7238 = DIRECTION ( 'NONE',  ( -0.000000000000000000, -1.000000000000000000, -0.000000000000000000 ) ) ;
#7239 = CARTESIAN_POINT ( 'NONE',  ( 7.620000000000000107, 4.721281787984062284, -5.549999999999998934 ) ) ;
#7240 = AXIS2_PLACEMENT_3D ( 'NONE', #2745, #7407, #6444 ) ;
#7241 = FACE_OUTER_BOUND ( 'NONE', #4035, .T. ) ;
#7242 = CARTESIAN_POINT ( 'NONE',  ( 9.500000000000003553, 0.000000000000000000, -10.99999999999999645 ) ) ;
#7243 = EDGE_CURVE ( 'NONE', #4412, #9860, #2011, .T. ) ;
#7244 = EDGE_CURVE ( 'NONE', #5325, #4513, #7505, .T. ) ;
#7245 = ORIENTED_EDGE ( 'NONE', *, *, #1859, .T. ) ;
#7246 = VERTEX_POINT ( 'NONE', #3535 ) ;
#7247 = ORIENTED_EDGE ( 'NONE', *, *, #7647, .T. ) ;
#7248 = EDGE_CURVE ( 'NONE', #8888, #3927, #5174, .T. ) ;
#7249 = ORIENTED_EDGE ( 'NONE', *, *, #1583, .T. ) ;
#7250 = DIRECTION ( 'NONE',  ( 0.000000000000000000, 0.000000000000000000, 1.000000000000000000 ) ) ;
#7251 = FACE_OUTER_BOUND ( 'NONE', #9175, .T. ) ;
#7252 = CARTESIAN_POINT ( 'NONE',  ( 0.000000000000000000, 0.000000000000000000, 2.070000000000002505 ) ) ;
#7253 = FACE_OUTER_BOUND ( 'NONE', #9865, .T. ) ;
#7254 = EDGE_CURVE ( 'NONE', #1519, #936, #433, .T. ) ;
#7255 = CARTESIAN_POINT ( 'NONE',  ( -9.499999999999969802, 0.000000000000000000, -6.349999999999999645 ) ) ;
#7256 = DIRECTION ( 'NONE',  ( 1.000000000000000000, 0.000000000000000000, 0.000000000000000000 ) ) ;
#7257 = ORIENTED_EDGE ( 'NONE', *, *, #3376, .F. ) ;
#7258 = ADVANCED_FACE ( 'NONE', ( #7551 ), #1225, .T. ) ;
#7259 = LINE ( 'NONE', #9545, #7804 ) ;
#7260 = ORIENTED_EDGE ( 'NONE', *, *, #7684, .F. ) ;
#7261 = DIRECTION ( 'NONE',  ( -0.000000000000000000, -1.000000000000000000, -0.000000000000000000 ) ) ;
#7262 = VECTOR ( 'NONE', #648, 1000.000000000000000 ) ;
#7263 = DIRECTION ( 'NONE',  ( 0.000000000000000000, 1.000000000000000000, -0.000000000000000000 ) ) ;
#7264 = DIRECTION ( 'NONE',  ( -1.000000000000000000, 0.000000000000000000, 0.000000000000000000 ) ) ;
#7265 = EDGE_CURVE ( 'NONE', #5122, #1364, #3740, .T. ) ;
#7266 = DIRECTION ( 'NONE',  ( 0.000000000000000000, 0.000000000000000000, 1.000000000000000000 ) ) ;
#7267 = CARTESIAN_POINT ( 'NONE',  ( -7.619999999999819806, 4.721281787984062284, 8.890000000000004121 ) ) ;
#7268 = ORIENTED_EDGE ( 'NONE', *, *, #3241, .F. ) ;
#7269 = ORIENTED_EDGE ( 'NONE', *, *, #922, .F. ) ;
#7270 = DIRECTION ( 'NONE',  ( 0.000000000000000000, 0.000000000000000000, -1.000000000000000000 ) ) ;
#7271 = VECTOR ( 'NONE', #5409, 1000.000000000000000 ) ;
#7272 = CARTESIAN_POINT ( 'NONE',  ( -9.500000000000000000, 0.000000000000000000, 4.318000000000000504 ) ) ;
#7273 = DIRECTION ( 'NONE',  ( 0.000000000000000000, 0.000000000000000000, -1.000000000000000000 ) ) ;
#7274 = DIRECTION ( 'NONE',  ( -1.000000000000000000, 0.000000000000000000, -0.000000000000000000 ) ) ;
#7275 = EDGE_CURVE ( 'NONE', #5075, #5262, #4169, .T. ) ;
#7276 =( NAMED_UNIT ( * ) SI_UNIT ( $, .STERADIAN. ) SOLID_ANGLE_UNIT ( ) );
#7277 = DIRECTION ( 'NONE',  ( -1.000000000000000000, -0.000000000000000000, -0.000000000000000000 ) ) ;
#7278 = DIRECTION ( 'NONE',  ( 1.000000000000000000, 0.000000000000000000, 0.000000000000000000 ) ) ;
#7279 = DIRECTION ( 'NONE',  ( 0.000000000000000000, 0.000000000000000000, 1.000000000000000000 ) ) ;
#7280 = DIRECTION ( 'NONE',  ( 0.000000000000000000, 0.000000000000000000, -1.000000000000000000 ) ) ;
#7281 = ORIENTED_EDGE ( 'NONE', *, *, #3161, .F. ) ;
#7282 = CARTESIAN_POINT ( 'NONE',  ( -7.620000000000000107, 1.599999999999999867, 3.010000000000002451 ) ) ;
#7283 = VERTEX_POINT ( 'NONE', #1275 ) ;
#7284 = ORIENTED_EDGE ( 'NONE', *, *, #2765, .T. ) ;
#7285 = ORIENTED_EDGE ( 'NONE', *, *, #6945, .F. ) ;
#7286 = LINE ( 'NONE', #4053, #1665 ) ;
#7287 = CARTESIAN_POINT ( 'NONE',  ( 9.500000000000000000, 0.000000000000000000, 0.000000000000000000 ) ) ;
#7288 = LINE ( 'NONE', #2321, #1943 ) ;
#7289 = SURFACE_SIDE_STYLE ('',( #719 ) ) ;
#7290 = LINE ( 'NONE', #9687, #3226 ) ;
#7291 = ORIENTED_EDGE ( 'NONE', *, *, #1382, .T. ) ;
#7292 = ORIENTED_EDGE ( 'NONE', *, *, #6318, .F. ) ;
#7293 = ORIENTED_EDGE ( 'NONE', *, *, #2446, .F. ) ;
#7294 = EDGE_LOOP ( 'NONE', ( #639, #1030, #763, #1946 ) ) ;
#7295 = STYLED_ITEM ( 'NONE', ( #3520 ), #5009 ) ;
#7296 = DIRECTION ( 'NONE',  ( 0.000000000000000000, 0.000000000000000000, 1.000000000000000000 ) ) ;
#7297 = VECTOR ( 'NONE', #2267, 1000.000000000000000 ) ;
#7298 = EDGE_CURVE ( 'NONE', #8707, #4898, #7664, .T. ) ;
#7299 = LINE ( 'NONE', #4017, #2797 ) ;
#7300 = AXIS2_PLACEMENT_3D ( 'NONE', #3036, #2245, #7642 ) ;
#7301 = CARTESIAN_POINT ( 'NONE',  ( -9.499999999999996447, 1.600000000000000089, 0.000000000000000000 ) ) ;
#7302 = EDGE_CURVE ( 'NONE', #10102, #6120, #4629, .T. ) ;
#7303 = DIRECTION ( 'NONE',  ( 0.000000000000000000, 0.000000000000000000, -1.000000000000000000 ) ) ;
#7304 = CARTESIAN_POINT ( 'NONE',  ( 5.239999999999999325, 2.100000000000000089, -7.139999999999997016 ) ) ;
#7305 =( GEOMETRIC_REPRESENTATION_CONTEXT ( 3 ) GLOBAL_UNCERTAINTY_ASSIGNED_CONTEXT ( ( #2796 ) ) GLOBAL_UNIT_ASSIGNED_CONTEXT ( ( #10211, #10261, #9563 ) ) REPRESENTATION_CONTEXT ( 'NONE', 'WORKASPACE' ) );
#7306 = VECTOR ( 'NONE', #6547, 1000.000000000000000 ) ;
#7307 = ORIENTED_EDGE ( 'NONE', *, *, #673, .T. ) ;
#7308 = CARTESIAN_POINT ( 'NONE',  ( -6.000000000000001776, 3.069999999999999840, -9.340000000000003411 ) ) ;
#7309 = ORIENTED_EDGE ( 'NONE', *, *, #6945, .T. ) ;
#7310 = ORIENTED_EDGE ( 'NONE', *, *, #9919, .F. ) ;
#7311 = VECTOR ( 'NONE', #1801, 1000.000000000000000 ) ;
#7312 = AXIS2_PLACEMENT_3D ( 'NONE', #8781, #92, #4037 ) ;
#7313 = DIRECTION ( 'NONE',  ( 0.000000000000000000, 1.000000000000000000, -0.000000000000000000 ) ) ;
#7314 = EDGE_CURVE ( 'NONE', #4993, #4669, #2214, .T. ) ;
#7315 = VECTOR ( 'NONE', #884, 1000.000000000000000 ) ;
#7316 = AXIS2_PLACEMENT_3D ( 'NONE', #8550, #4580, #9270 ) ;
#7317 = EDGE_CURVE ( 'NONE', #10102, #7402, #7812, .T. ) ;
#7318 = AXIS2_PLACEMENT_3D ( 'NONE', #4437, #9126, #10031 ) ;
#7319 = DIRECTION ( 'NONE',  ( -0.000000000000000000, -1.000000000000000000, -0.000000000000000000 ) ) ;
#7320 = ORIENTED_EDGE ( 'NONE', *, *, #8551, .F. ) ;
#7321 = ORIENTED_EDGE ( 'NONE', *, *, #10243, .F. ) ;
#7322 = EDGE_LOOP ( 'NONE', ( #5341, #9973, #1639, #7863 ) ) ;
#7323 = EDGE_LOOP ( 'NONE', ( #7587, #335, #10321, #1964, #4120, #6897 ) ) ;
#7324 = AXIS2_PLACEMENT_3D ( 'NONE', #5097, #5947, #3475 ) ;
#7325 = FACE_OUTER_BOUND ( 'NONE', #5701, .T. ) ;
#7326 = ADVANCED_FACE ( 'NONE', ( #7760 ), #9319, .F. ) ;
#7327 = AXIS2_PLACEMENT_3D ( 'NONE', #7129, #3784, #1531 ) ;
#7328 = CARTESIAN_POINT ( 'NONE',  ( -6.000000000000001776, 29.71055027400083759, -9.490000000000000213 ) ) ;
#7329 = DIRECTION ( 'NONE',  ( 0.000000000000000000, 1.000000000000000000, 0.000000000000000000 ) ) ;
#7330 = CARTESIAN_POINT ( 'NONE',  ( 0.000000000000000000, 3.270000000000000018, -9.340000000000003411 ) ) ;
#7331 =( LENGTH_UNIT ( ) NAMED_UNIT ( * ) SI_UNIT ( .MILLI., .METRE. ) );
#7332 = PLANE ( 'NONE',  #4296 ) ;
#7333 = DIRECTION ( 'NONE',  ( -0.000000000000000000, 0.000000000000000000, -1.000000000000000000 ) ) ;
#7334 = AXIS2_PLACEMENT_3D ( 'NONE', #1066, #4259, #4901 ) ;
#7335 = DIRECTION ( 'NONE',  ( 0.000000000000000000, 0.000000000000000000, 1.000000000000000000 ) ) ;
#7336 = LINE ( 'NONE', #6663, #5905 ) ;
#7337 = SURFACE_STYLE_USAGE ( .BOTH. , #3309 ) ;
#7338 = AXIS2_PLACEMENT_3D ( 'NONE', #2234, #3817, #7016 ) ;
#7339 = CARTESIAN_POINT ( 'NONE',  ( -7.620000000000000107, 4.721281787984062284, 0.4699999999999999178 ) ) ;
#7340 = VERTEX_POINT ( 'NONE', #10219 ) ;
#7341 = CARTESIAN_POINT ( 'NONE',  ( 6.000000000000003553, 1.600000000000000089, 9.690000000000004832 ) ) ;
#7342 = ORIENTED_EDGE ( 'NONE', *, *, #8401, .T. ) ;
#7343 = ORIENTED_EDGE ( 'NONE', *, *, #4665, .T. ) ;
#7344 = ORIENTED_EDGE ( 'NONE', *, *, #5462, .T. ) ;
#7345 = EDGE_CURVE ( 'NONE', #3071, #7558, #3943, .T. ) ;
#7346 = VECTOR ( 'NONE', #6526, 1000.000000000000000 ) ;
#7347 = DIRECTION ( 'NONE',  ( 0.000000000000000000, 1.000000000000000000, -0.000000000000000000 ) ) ;
#7348 =( GEOMETRIC_REPRESENTATION_CONTEXT ( 3 ) GLOBAL_UNCERTAINTY_ASSIGNED_CONTEXT ( ( #7915 ) ) GLOBAL_UNIT_ASSIGNED_CONTEXT ( ( #4448, #5990, #8313 ) ) REPRESENTATION_CONTEXT ( 'NONE', 'WORKASPACE' ) );
#7349 = DIRECTION ( 'NONE',  ( 0.000000000000000000, 0.000000000000000000, 1.000000000000000000 ) ) ;
#7350 = FACE_OUTER_BOUND ( 'NONE', #9379, .T. ) ;
#7351 = CARTESIAN_POINT ( 'NONE',  ( 7.620000000000084484, 4.721281787984062284, -1.269999999999998463 ) ) ;
#7352 = DIRECTION ( 'NONE',  ( 0.000000000000000000, 0.000000000000000000, -1.000000000000000000 ) ) ;
#7353 = EDGE_LOOP ( 'NONE', ( #1702, #3440, #9748, #8152 ) ) ;
#7354 = VERTEX_POINT ( 'NONE', #7134 ) ;
#7355 = VECTOR ( 'NONE', #7250, 1000.000000000000000 ) ;
#7356 = ORIENTED_EDGE ( 'NONE', *, *, #2866, .T. ) ;
#7357 = ORIENTED_EDGE ( 'NONE', *, *, #61, .F. ) ;
#7358 = PLANE ( 'NONE',  #7173 ) ;
#7359 = CARTESIAN_POINT ( 'NONE',  ( 9.500000000000000000, 4.721281787984062284, 9.397999999999999687 ) ) ;
#7360 = MECHANICAL_DESIGN_GEOMETRIC_PRESENTATION_REPRESENTATION (  '', ( #4182 ), #507 ) ;
#7361 = PLANE ( 'NONE',  #7977 ) ;
#7362 = EDGE_LOOP ( 'NONE', ( #3425, #7391, #4542, #7755, #2681, #5629 ) ) ;
#7363 = LINE ( 'NONE', #4801, #9154 ) ;
#7364 = VERTEX_POINT ( 'NONE', #4778 ) ;
#7365 = ORIENTED_EDGE ( 'NONE', *, *, #1859, .F. ) ;
#7366 = ADVANCED_FACE ( 'NONE', ( #3054 ), #15, .T. ) ;
#7367 = DIRECTION ( 'NONE',  ( 1.000000000000000000, -0.000000000000000000, 0.000000000000000000 ) ) ;
#7368 = LINE ( 'NONE', #4491, #2885 ) ;
#7369 = CARTESIAN_POINT ( 'NONE',  ( 7.620000000000000107, 1.599999999999999867, 9.690000000000004832 ) ) ;
#7370 = ADVANCED_FACE ( 'NONE', ( #6166 ), #805, .T. ) ;
#7371 = CARTESIAN_POINT ( 'NONE',  ( 6.000000000000003553, 29.71055027400083759, 9.490000000000003766 ) ) ;
#7372 = EDGE_CURVE ( 'NONE', #2639, #2562, #2169, .T. ) ;
#7373 = ORIENTED_EDGE ( 'NONE', *, *, #5930, .F. ) ;
#7374 = ORIENTED_EDGE ( 'NONE', *, *, #7535, .T. ) ;
#7375 = VERTEX_POINT ( 'NONE', #7192 ) ;
#7376 = EDGE_CURVE ( 'NONE', #875, #10103, #598, .T. ) ;
#7377 = DIRECTION ( 'NONE',  ( 0.000000000000000000, 0.000000000000000000, 1.000000000000000000 ) ) ;
#7378 = FACE_OUTER_BOUND ( 'NONE', #7643, .T. ) ;
#7379 = CARTESIAN_POINT ( 'NONE',  ( 0.000000000000000000, 1.600000000000000089, 8.090000000000003411 ) ) ;
#7380 = FILL_AREA_STYLE ('',( #943 ) ) ;
#7381 = CARTESIAN_POINT ( 'NONE',  ( 1.589999999999999636, 1.600000000000000089, -9.340000000000003411 ) ) ;
#7382 = CARTESIAN_POINT ( 'NONE',  ( -9.500000000000000000, 4.721281787984062284, 8.090000000000003411 ) ) ;
#7383 =( LENGTH_UNIT ( ) NAMED_UNIT ( * ) SI_UNIT ( .MILLI., .METRE. ) );
#7384 = CARTESIAN_POINT ( 'NONE',  ( -7.620000000000000107, 4.721281787984062284, 7.149999999999999467 ) ) ;
#7385 = DIRECTION ( 'NONE',  ( 0.000000000000000000, 1.000000000000000000, -0.000000000000000000 ) ) ;
#7386 = ADVANCED_FACE ( 'NONE', ( #5383 ), #1380, .F. ) ;
#7387 = CARTESIAN_POINT ( 'NONE',  ( -7.620000000000000995, 4.721281787984062284, -8.890000000000000568 ) ) ;
#7388 = ORIENTED_EDGE ( 'NONE', *, *, #6631, .T. ) ;
#7389 = CARTESIAN_POINT ( 'NONE',  ( -7.620000000000000107, 0.000000000000000000, -9.689999999999999503 ) ) ;
#7390 = ORIENTED_EDGE ( 'NONE', *, *, #7552, .T. ) ;
#7391 = ORIENTED_EDGE ( 'NONE', *, *, #6819, .T. ) ;
#7392 = ADVANCED_FACE ( 'NONE', ( #7865 ), #9422, .F. ) ;
#7393 = AXIS2_PLACEMENT_3D ( 'NONE', #5732, #1729, #9722 ) ;
#7394 = FACE_OUTER_BOUND ( 'NONE', #6524, .T. ) ;
#7395 = LINE ( 'NONE', #5213, #6988 ) ;
#7396 = DIRECTION ( 'NONE',  ( 1.000000000000000000, -0.000000000000000000, 0.000000000000000000 ) ) ;
#7397 = SURFACE_STYLE_USAGE ( .BOTH. , #6623 ) ;
#7398 = DIRECTION ( 'NONE',  ( -0.000000000000000000, -1.000000000000000000, -0.000000000000000000 ) ) ;
#7399 = EDGE_CURVE ( 'NONE', #6558, #5221, #6225, .T. ) ;
#7400 = VECTOR ( 'NONE', #8394, 1000.000000000000000 ) ;
#7401 = VERTEX_POINT ( 'NONE', #8649 ) ;
#7402 = VERTEX_POINT ( 'NONE', #1483 ) ;
#7403 = ORIENTED_EDGE ( 'NONE', *, *, #9847, .T. ) ;
#7404 = CARTESIAN_POINT ( 'NONE',  ( -6.259217584012958710E-16, 3.270000000000000018, -4.580000000000003624 ) ) ;
#7405 = LINE ( 'NONE', #6688, #3628 ) ;
#7406 = LINE ( 'NONE', #330, #6083 ) ;
#7407 = DIRECTION ( 'NONE',  ( 0.000000000000000000, 1.000000000000000000, -0.000000000000000000 ) ) ;
#7408 = DIRECTION ( 'NONE',  ( 0.000000000000000000, 1.000000000000000000, -0.000000000000000000 ) ) ;
#7409 = EDGE_CURVE ( 'NONE', #6817, #5122, #705, .T. ) ;
#7410 = ORIENTED_EDGE ( 'NONE', *, *, #4246, .T. ) ;
#7411 = ORIENTED_EDGE ( 'NONE', *, *, #10, .T. ) ;
#7412 = CARTESIAN_POINT ( 'NONE',  ( 9.500000000000000000, 4.721281787984062284, 0.000000000000000000 ) ) ;
#7413 = ORIENTED_EDGE ( 'NONE', *, *, #6728, .F. ) ;
#7414 = CARTESIAN_POINT ( 'NONE',  ( -9.499999999999996447, 1.600000000000000089, 0.000000000000000000 ) ) ;
#7415 = CARTESIAN_POINT ( 'NONE',  ( 2.560562577572152244E-15, 1.600000000000000089, 5.550000000000006928 ) ) ;
#7416 = DIRECTION ( 'NONE',  ( -0.000000000000000000, -1.000000000000000000, -0.000000000000000000 ) ) ;
#7417 = ORIENTED_EDGE ( 'NONE', *, *, #4434, .F. ) ;
#7418 = EDGE_LOOP ( 'NONE', ( #7028, #7710, #856, #3104 ) ) ;
#7419 = ORIENTED_EDGE ( 'NONE', *, *, #474, .T. ) ;
#7420 = ADVANCED_FACE ( 'NONE', ( #10271 ), #6317, .F. ) ;
#7421 = ADVANCED_FACE ( 'NONE', ( #8700 ), #1534, .F. ) ;
#7423 = CARTESIAN_POINT ( 'NONE',  ( -7.619999999999819806, 0.000000000000000000, 8.382000000000003226 ) ) ;
#7422 = VECTOR ( 'NONE', #3992, 1000.000000000000000 ) ;
#7424 = FILL_AREA_STYLE_COLOUR ( '', #7136 ) ;
#7425 = DIRECTION ( 'NONE',  ( 0.000000000000000000, 0.000000000000000000, -1.000000000000000000 ) ) ;
#7426 = EDGE_CURVE ( 'NONE', #5812, #415, #7286, .T. ) ;
#7427 = CARTESIAN_POINT ( 'NONE',  ( 2.699999999999999289, 2.100000000000000089, -7.139999999999997016 ) ) ;
#7428 = DIRECTION ( 'NONE',  ( 0.000000000000000000, 1.000000000000000000, -0.000000000000000000 ) ) ;
#7429 = DIRECTION ( 'NONE',  ( 0.000000000000000000, 0.000000000000000000, -1.000000000000000000 ) ) ;
#7430 = CYLINDRICAL_SURFACE ( 'NONE', #623, 0.8000000000000003775 ) ;
#7431 = VERTEX_POINT ( 'NONE', #6418 ) ;
#7432 = DIRECTION ( 'NONE',  ( 0.000000000000000000, 1.000000000000000000, -0.000000000000000000 ) ) ;
#7433 = ORIENTED_EDGE ( 'NONE', *, *, #9540, .T. ) ;
#7434 = VERTEX_POINT ( 'NONE', #4888 ) ;
#7435 = CARTESIAN_POINT ( 'NONE',  ( 7.620000000000000107, 1.600000000000000089, 2.070000000000002505 ) ) ;
#7436 = AXIS2_PLACEMENT_3D ( 'NONE', #3706, #3651, #6743 ) ;
#7437 = DIRECTION ( 'NONE',  ( -0.000000000000000000, -1.000000000000000000, -0.000000000000000000 ) ) ;
#7438 = EDGE_CURVE ( 'NONE', #8659, #6230, #8070, .T. ) ;
#7439 = CARTESIAN_POINT ( 'NONE',  ( 6.000000000000003553, 3.270000000000000018, 9.390000000000005898 ) ) ;
#7440 = DIRECTION ( 'NONE',  ( -1.000000000000000000, 0.000000000000000000, -0.000000000000000000 ) ) ;
#7441 = EDGE_CURVE ( 'NONE', #7599, #8349, #8838, .T. ) ;
#7442 = CYLINDRICAL_SURFACE ( 'NONE', #10270, 0.7999999999999999334 ) ;
#7443 = PLANE ( 'NONE',  #8892 ) ;
#7444 = VECTOR ( 'NONE', #453, 1000.000000000000000 ) ;
#7445 = ORIENTED_EDGE ( 'NONE', *, *, #6031, .T. ) ;
#7446 = ORIENTED_EDGE ( 'NONE', *, *, #7762, .T. ) ;
#7447 = ORIENTED_EDGE ( 'NONE', *, *, #5932, .T. ) ;
#7448 = DIRECTION ( 'NONE',  ( 1.000000000000000000, 0.000000000000000000, -0.000000000000000000 ) ) ;
#7449 = EDGE_CURVE ( 'NONE', #529, #8990, #109, .T. ) ;
#7450 = LINE ( 'NONE', #5804, #9115 ) ;
#7451 = CARTESIAN_POINT ( 'NONE',  ( -7.464847298219355056E-15, 1.600000000000000089, -8.090000000000008740 ) ) ;
#7452 = CARTESIAN_POINT ( 'NONE',  ( -7.619999999999948592, 4.721281787984062284, -4.318000000000001393 ) ) ;
#7453 = LINE ( 'NONE', #6589, #7813 ) ;
#7454 = ORIENTED_EDGE ( 'NONE', *, *, #10264, .F. ) ;
#7455 = EDGE_LOOP ( 'NONE', ( #8138, #5029, #1857, #2860 ) ) ;
#7456 = ORIENTED_EDGE ( 'NONE', *, *, #1997, .F. ) ;
#7457 = COLOUR_RGB ( '',1.000000000000000000, 1.000000000000000000, 1.000000000000000000 ) ;
#7458 = CARTESIAN_POINT ( 'NONE',  ( 0.000000000000000000, 2.100000000000000089, 0.000000000000000000 ) ) ;
#7459 = AXIS2_PLACEMENT_3D ( 'NONE', #4577, #7139, #62 ) ;
#7460 = ORIENTED_EDGE ( 'NONE', *, *, #6680, .F. ) ;
#7461 = ORIENTED_EDGE ( 'NONE', *, *, #6507, .F. ) ;
#7462 = SURFACE_STYLE_FILL_AREA ( #6644 ) ;
#7463 = EDGE_CURVE ( 'NONE', #10178, #149, #6619, .T. ) ;
#7464 = AXIS2_PLACEMENT_3D ( 'NONE', #8317, #2774, #207 ) ;
#7465 = DIRECTION ( 'NONE',  ( -0.000000000000000000, -1.000000000000000000, -0.000000000000000000 ) ) ;
#7466 = AXIS2_PLACEMENT_3D ( 'NONE', #6755, #6204, #9192 ) ;
#7467 = CARTESIAN_POINT ( 'NONE',  ( -9.500000000000000000, 4.721281787984062284, 0.000000000000000000 ) ) ;
#7468 = CYLINDRICAL_SURFACE ( 'NONE', #7606, 0.5080000000000011173 ) ;
#7469 = AXIS2_PLACEMENT_3D ( 'NONE', #4825, #8012, #3251 ) ;
#7470 = ORIENTED_EDGE ( 'NONE', *, *, #7705, .F. ) ;
#7471 = CYLINDRICAL_SURFACE ( 'NONE', #972, 0.5080000000000002292 ) ;
#7472 = VECTOR ( 'NONE', #9779, 1000.000000000000000 ) ;
#7473 = EDGE_LOOP ( 'NONE', ( #3400, #9703, #5070, #8169, #1872, #9396 ) ) ;
#7474 = ORIENTED_EDGE ( 'NONE', *, *, #8036, .T. ) ;
#7475 = ORIENTED_EDGE ( 'NONE', *, *, #971, .T. ) ;
#7476 = CIRCLE ( 'NONE', #3306, 0.5080000000000006732 ) ;
#7477 = CARTESIAN_POINT ( 'NONE',  ( 7.620000000000085372, 1.600000000000000089, -1.270000000000000240 ) ) ;
#7478 = AXIS2_PLACEMENT_3D ( 'NONE', #2958, #5280, #5335 ) ;
#7479 = AXIS2_PLACEMENT_3D ( 'NONE', #8954, #8037, #917 ) ;
#7480 = VECTOR ( 'NONE', #5617, 1000.000000000000000 ) ;
#7481 = DIRECTION ( 'NONE',  ( 0.000000000000000000, 0.000000000000000000, 1.000000000000000000 ) ) ;
#7482 = DIRECTION ( 'NONE',  ( 0.000000000000000000, 0.000000000000000000, 1.000000000000000000 ) ) ;
#7483 = SURFACE_SIDE_STYLE ('',( #1685 ) ) ;
#7484 = CARTESIAN_POINT ( 'NONE',  ( 9.500000000000000000, 0.000000000000000000, -2.069999999999998508 ) ) ;
#7485 = ORIENTED_EDGE ( 'NONE', *, *, #5275, .F. ) ;
#7486 = VECTOR ( 'NONE', #7396, 1000.000000000000000 ) ;
#7487 = ORIENTED_EDGE ( 'NONE', *, *, #3991, .F. ) ;
#7488 = EDGE_CURVE ( 'NONE', #513, #6047, #1693, .T. ) ;
#7489 = ORIENTED_EDGE ( 'NONE', *, *, #2718, .F. ) ;
#7490 = VECTOR ( 'NONE', #430, 1000.000000000000000 ) ;
#7491 = CARTESIAN_POINT ( 'NONE',  ( -9.500000000000000000, 4.721281787984062284, -5.549999999999998934 ) ) ;
#7492 = EDGE_CURVE ( 'NONE', #4711, #3656, #6854, .T. ) ;
#7493 = DIRECTION ( 'NONE',  ( -1.000000000000000000, 0.000000000000000000, 0.000000000000000000 ) ) ;
#7494 = VECTOR ( 'NONE', #5532, 1000.000000000000000 ) ;
#7495 = AXIS2_PLACEMENT_3D ( 'NONE', #3940, #8743, #8791 ) ;
#7496 = CARTESIAN_POINT ( 'NONE',  ( 2.899999999999999467, 2.100000000000000089, -9.279999999999994031 ) ) ;
#7497 = CARTESIAN_POINT ( 'NONE',  ( 6.000000000000001776, 3.069999999999999840, 0.000000000000000000 ) ) ;
#7498 = CARTESIAN_POINT ( 'NONE',  ( 0.000000000000000000, 0.000000000000000000, -8.089999999999998082 ) ) ;
#7499 = ORIENTED_EDGE ( 'NONE', *, *, #6200, .F. ) ;
#7500 = EDGE_CURVE ( 'NONE', #5526, #2837, #6468, .T. ) ;
#7501 = ORIENTED_EDGE ( 'NONE', *, *, #9041, .F. ) ;
#7502 = ADVANCED_FACE ( 'NONE', ( #170 ), #4940, .T. ) ;
#7503 = VECTOR ( 'NONE', #6387, 1000.000000000000000 ) ;
#7504 = EDGE_CURVE ( 'NONE', #3555, #2863, #9682, .T. ) ;
#7505 = LINE ( 'NONE', #6014, #3661 ) ;
#7506 = AXIS2_PLACEMENT_3D ( 'NONE', #4574, #4725, #6990 ) ;
#7507 = CYLINDRICAL_SURFACE ( 'NONE', #9715, 0.5080000000000045590 ) ;
#7508 = DIRECTION ( 'NONE',  ( 1.000000000000000000, 0.000000000000000000, 9.227252531791528105E-16 ) ) ;
#7509 = VECTOR ( 'NONE', #1562, 1000.000000000000000 ) ;
#7510 = DIRECTION ( 'NONE',  ( -2.768175759537458431E-15, 0.000000000000000000, -1.000000000000000000 ) ) ;
#7511 = EDGE_LOOP ( 'NONE', ( #4439, #10017, #5953, #9271, #6860, #6834, #1422, #9849, #3195, #3415, #6299, #2042, #9130, #9360, #1281, #8935, #3926, #7864, #196, #2068 ) ) ;
#7512 = EDGE_CURVE ( 'NONE', #3115, #3796, #1058, .T. ) ;
#7513 = ORIENTED_EDGE ( 'NONE', *, *, #3604, .F. ) ;
#7514 = DIRECTION ( 'NONE',  ( -1.000000000000000000, 0.000000000000000000, -9.227252531791528105E-16 ) ) ;
#7515 = VERTEX_POINT ( 'NONE', #2579 ) ;
#7516 = ORIENTED_EDGE ( 'NONE', *, *, #4697, .F. ) ;
#7517 = AXIS2_PLACEMENT_3D ( 'NONE', #10179, #7004, #3017 ) ;
#7518 = CARTESIAN_POINT ( 'NONE',  ( 0.000000000000000000, 1.600000000000000089, 2.070000000000002505 ) ) ;
#7519 = FACE_OUTER_BOUND ( 'NONE', #8232, .T. ) ;
#7520 = DIRECTION ( 'NONE',  ( -1.186541365237213826E-16, -0.000000000000000000, -1.000000000000000000 ) ) ;
#7521 = EDGE_LOOP ( 'NONE', ( #4788, #7879, #3267, #4063 ) ) ;
#7522 = CARTESIAN_POINT ( 'NONE',  ( 0.000000000000000000, 4.721281787984062284, -2.069999999999998508 ) ) ;
#7523 = EDGE_CURVE ( 'NONE', #690, #797, #9628, .T. ) ;
#7524 = ORIENTED_EDGE ( 'NONE', *, *, #2546, .T. ) ;
#7525 = ORIENTED_EDGE ( 'NONE', *, *, #7684, .T. ) ;
#7526 = EDGE_LOOP ( 'NONE', ( #3738, #2317, #3747, #7132 ) ) ;
#7527 = PLANE ( 'NONE',  #8342 ) ;
#7528 = DIRECTION ( 'NONE',  ( 1.000000000000000000, -0.000000000000000000, -0.000000000000000000 ) ) ;
#7529 = LINE ( 'NONE', #6963, #377 ) ;
#7530 = FACE_OUTER_BOUND ( 'NONE', #4258, .T. ) ;
#7531 = CYLINDRICAL_SURFACE ( 'NONE', #7137, 0.7999999999999990452 ) ;
#7532 = CARTESIAN_POINT ( 'NONE',  ( -6.000000000000003553, 3.270000000000000018, 8.195543980992794586E-16 ) ) ;
#7533 = LINE ( 'NONE', #2571, #7725 ) ;
#7534 = LINE ( 'NONE', #1260, #8816 ) ;
#7535 = EDGE_CURVE ( 'NONE', #6934, #5295, #6689, .T. ) ;
#7536 = FACE_OUTER_BOUND ( 'NONE', #4691, .T. ) ;
#7537 = ORIENTED_EDGE ( 'NONE', *, *, #8192, .F. ) ;
#7538 = ORIENTED_EDGE ( 'NONE', *, *, #1843, .T. ) ;
#7539 = DIRECTION ( 'NONE',  ( 0.000000000000000000, 0.000000000000000000, 1.000000000000000000 ) ) ;
#7540 = CARTESIAN_POINT ( 'NONE',  ( -9.499999999999893419, 0.000000000000000000, 1.270000000000000240 ) ) ;
#7541 = DIRECTION ( 'NONE',  ( -0.000000000000000000, -1.000000000000000000, -0.000000000000000000 ) ) ;
#7542 = FACE_OUTER_BOUND ( 'NONE', #5813, .T. ) ;
#7543 = CARTESIAN_POINT ( 'NONE',  ( 7.620000000000084484, 4.721281787984062284, -0.7619999999999939044 ) ) ;
#7544 = DIRECTION ( 'NONE',  ( 0.000000000000000000, 0.000000000000000000, 1.000000000000000000 ) ) ;
#7545 = EDGE_LOOP ( 'NONE', ( #383, #6404 ) ) ;
#7546 = ORIENTED_EDGE ( 'NONE', *, *, #4319, .T. ) ;
#7547 = EDGE_CURVE ( 'NONE', #3889, #5874, #3371, .T. ) ;
#7548 = CARTESIAN_POINT ( 'NONE',  ( 0.000000000000000000, 1.600000000000000089, 0.000000000000000000 ) ) ;
#7549 = CIRCLE ( 'NONE', #1888, 0.09999999999999939493 ) ;
#7550 = ORIENTED_EDGE ( 'NONE', *, *, #3667, .T. ) ;
#7551 = FACE_OUTER_BOUND ( 'NONE', #5822, .T. ) ;
#7552 = EDGE_CURVE ( 'NONE', #4682, #4908, #5741, .T. ) ;
#7553 = EDGE_CURVE ( 'NONE', #503, #5821, #8896, .T. ) ;
#7554 = VECTOR ( 'NONE', #2816, 1000.000000000000000 ) ;
#7555 = FACE_OUTER_BOUND ( 'NONE', #4249, .T. ) ;
#7556 = DIRECTION ( 'NONE',  ( -0.000000000000000000, -1.000000000000000000, -0.000000000000000000 ) ) ;
#7557 = ORIENTED_EDGE ( 'NONE', *, *, #4510, .F. ) ;
#7558 = VERTEX_POINT ( 'NONE', #4839 ) ;
#7559 = EDGE_CURVE ( 'NONE', #9699, #10240, #6573, .T. ) ;
#7560 = VERTEX_POINT ( 'NONE', #4203 ) ;
#7561 = ORIENTED_EDGE ( 'NONE', *, *, #3991, .T. ) ;
#7562 = ORIENTED_EDGE ( 'NONE', *, *, #7875, .T. ) ;
#7563 = CIRCLE ( 'NONE', #5582, 0.8000000000000020428 ) ;
#7564 = CARTESIAN_POINT ( 'NONE',  ( 4.719999999999999751, 1.750000000000000000, -6.939999999999995062 ) ) ;
#7565 = CARTESIAN_POINT ( 'NONE',  ( 6.350000000000001421, 29.71055027400083759, 9.340000000000008740 ) ) ;
#7566 = ADVANCED_FACE ( 'NONE', ( #7394 ), #858, .F. ) ;
#7567 = FACE_OUTER_BOUND ( 'NONE', #3841, .T. ) ;
#7568 = LINE ( 'NONE', #8193, #10063 ) ;
#7569 = LINE ( 'NONE', #1139, #6780 ) ;
#7570 = AXIS2_PLACEMENT_3D ( 'NONE', #8693, #4718, #8015 ) ;
#7571 = ORIENTED_EDGE ( 'NONE', *, *, #8597, .F. ) ;
#7572 = EDGE_CURVE ( 'NONE', #5783, #556, #2833, .T. ) ;
#7573 = FACE_OUTER_BOUND ( 'NONE', #9859, .T. ) ;
#7574 = VERTEX_POINT ( 'NONE', #8268 ) ;
#7575 = ORIENTED_EDGE ( 'NONE', *, *, #926, .T. ) ;
#7576 = DIRECTION ( 'NONE',  ( -0.000000000000000000, -1.000000000000000000, -0.000000000000000000 ) ) ;
#7577 = ADVANCED_FACE ( 'NONE', ( #6673, #9840 ), #2686, .F. ) ;
#7578 = CARTESIAN_POINT ( 'NONE',  ( 7.620000000000000107, 1.600000000000000089, -9.690000000000003055 ) ) ;
#7579 = PLANE ( 'NONE',  #8412 ) ;
#7580 = DIRECTION ( 'NONE',  ( 1.366641393889291440E-16, -0.000000000000000000, 1.000000000000000000 ) ) ;
#7581 = CARTESIAN_POINT ( 'NONE',  ( -9.499999999999996447, 0.000000000000000000, -0.000000000000000000 ) ) ;
#7582 = DIRECTION ( 'NONE',  ( -0.000000000000000000, -1.000000000000000000, -0.000000000000000000 ) ) ;
#7583 = CARTESIAN_POINT ( 'NONE',  ( 6.349999999999999645, 29.71055027400083759, -4.930000000000001492 ) ) ;
#7584 = CARTESIAN_POINT ( 'NONE',  ( 0.000000000000000000, 4.721281787984062284, -8.089999999999998082 ) ) ;
#7585 = PLANE ( 'NONE',  #2454 ) ;
#7586 = ORIENTED_EDGE ( 'NONE', *, *, #9698, .T. ) ;
#7587 = ORIENTED_EDGE ( 'NONE', *, *, #2457, .T. ) ;
#7588 = ORIENTED_EDGE ( 'NONE', *, *, #8322, .F. ) ;
#7589 = VERTEX_POINT ( 'NONE', #2380 ) ;
#7590 = DIRECTION ( 'NONE',  ( -0.000000000000000000, -1.000000000000000000, -0.000000000000000000 ) ) ;
#7591 = AXIS2_PLACEMENT_3D ( 'NONE', #8739, #944, #6410 ) ;
#7592 = EDGE_CURVE ( 'NONE', #5260, #9595, #3670, .T. ) ;
#7593 = CARTESIAN_POINT ( 'NONE',  ( 9.500000000000003553, 1.600000000000000089, 5.550000000000002487 ) ) ;
#7594 = DIRECTION ( 'NONE',  ( 0.000000000000000000, 0.000000000000000000, 1.000000000000000000 ) ) ;
#7595 = SURFACE_STYLE_FILL_AREA ( #2782 ) ;
#7596 = DIRECTION ( 'NONE',  ( -0.000000000000000000, -1.000000000000000000, -0.000000000000000000 ) ) ;
#7597 = LINE ( 'NONE', #7497, #9752 ) ;
#7598 = DIRECTION ( 'NONE',  ( -9.227252531791528105E-16, 0.000000000000000000, 1.000000000000000000 ) ) ;
#7599 = VERTEX_POINT ( 'NONE', #8708 ) ;
#7600 = VECTOR ( 'NONE', #7689, 1000.000000000000000 ) ;
#7601 = DIRECTION ( 'NONE',  ( -1.000000000000000000, 0.000000000000000000, 0.000000000000000000 ) ) ;
#7602 = ORIENTED_EDGE ( 'NONE', *, *, #10256, .T. ) ;
#7603 = CIRCLE ( 'NONE', #2086, 0.8000000000000003775 ) ;
#7604 = DIRECTION ( 'NONE',  ( -1.000000000000000000, 0.000000000000000000, 1.365923996832131856E-16 ) ) ;
#7605 = CARTESIAN_POINT ( 'NONE',  ( 9.500000000000003553, 1.600000000000000089, -2.069999999999998508 ) ) ;
#7606 = AXIS2_PLACEMENT_3D ( 'NONE', #1762, #4968, #4181 ) ;
#7607 = DIRECTION ( 'NONE',  ( -0.000000000000000000, -1.000000000000000000, -0.000000000000000000 ) ) ;
#7608 = DIRECTION ( 'NONE',  ( 1.000000000000000000, -0.000000000000000000, 0.000000000000000000 ) ) ;
#7609 = LINE ( 'NONE', #9269, #7059 ) ;
#7610 = DIRECTION ( 'NONE',  ( -0.000000000000000000, 0.000000000000000000, -1.000000000000000000 ) ) ;
#7611 = VERTEX_POINT ( 'NONE', #10280 ) ;
#7612 = ORIENTED_EDGE ( 'NONE', *, *, #634, .T. ) ;
#7613 = ORIENTED_EDGE ( 'NONE', *, *, #3350, .T. ) ;
#7614 = DIRECTION ( 'NONE',  ( -0.000000000000000000, -1.000000000000000000, -0.000000000000000000 ) ) ;
#7615 = ORIENTED_EDGE ( 'NONE', *, *, #7314, .T. ) ;
#7616 = ORIENTED_EDGE ( 'NONE', *, *, #5296, .T. ) ;
#7617 = ADVANCED_FACE ( 'NONE', ( #7921 ), #1435, .F. ) ;
#7618 = AXIS2_PLACEMENT_3D ( 'NONE', #2257, #8538, #6928 ) ;
#7619 = CARTESIAN_POINT ( 'NONE',  ( 1.240000000000001545, 3.270000000000000018, 0.000000000000000000 ) ) ;
#7620 = PLANE ( 'NONE',  #7436 ) ;
#7621 = EDGE_CURVE ( 'NONE', #10082, #8802, #3116, .T. ) ;
#7622 = PLANE ( 'NONE',  #8969 ) ;
#7623 = FACE_OUTER_BOUND ( 'NONE', #4972, .T. ) ;
#7624 = PRESENTATION_STYLE_ASSIGNMENT (( #6236 ) ) ;
#7625 = ORIENTED_EDGE ( 'NONE', *, *, #5503, .T. ) ;
#7626 = PLANE ( 'NONE',  #4995 ) ;
#7627 = ORIENTED_EDGE ( 'NONE', *, *, #1035, .F. ) ;
#7628 = ORIENTED_EDGE ( 'NONE', *, *, #2396, .F. ) ;
#7629 = EDGE_CURVE ( 'NONE', #4950, #45, #9663, .T. ) ;
#7630 = CLOSED_SHELL ( 'NONE', ( #5023, #9735, #6053, #1487, #2141, #3222, #3052, #9380, #3297, #9988, #7566, #1501, #9525, #1317, #6386, #6569, #2578, #2933, #5976, #7421, #9331, #4232, #8013, #5442, #6185, #7784, #7420, #8120, #8455, #1121, #9164, #3485, #914, #8362, #8925, #9247, #9599, #3021, #610, #1875, #9552, #9065, #2191, #8705, #6831, #7370, #2704, #2461, #7617, #5594, #321, #5548, #1765, #9438, #9791, #1370, #3559, #8575, #7632, #1365, #2637, #8326, #9861, #2912, #6494, #7688, #9713, #1177, #860, #6442 ) ) ;
#7631 = CARTESIAN_POINT ( 'NONE',  ( -7.620000000000000107, 1.599999999999999867, 7.149999999999999467 ) ) ;
#7632 = ADVANCED_FACE ( 'NONE', ( #3855 ), #9332, .T. ) ;
#7633 = MECHANICAL_DESIGN_GEOMETRIC_PRESENTATION_REPRESENTATION (  '', ( #5149 ), #4131 ) ;
#7634 = AXIS2_PLACEMENT_3D ( 'NONE', #7667, #3697, #4529 ) ;
#7635 = CARTESIAN_POINT ( 'NONE',  ( 7.620000000000188400, 1.599999999999999867, 8.890000000000004121 ) ) ;
#7636 = LINE ( 'NONE', #9081, #5069 ) ;
#7637 = AXIS2_PLACEMENT_3D ( 'NONE', #6938, #3789, #5429 ) ;
#7638 = CARTESIAN_POINT ( 'NONE',  ( 7.620000000000007212, 1.599999999999999867, -8.890000000000000568 ) ) ;
#7639 = DIRECTION ( 'NONE',  ( -0.000000000000000000, -1.000000000000000000, -0.000000000000000000 ) ) ;
#7640 = DIRECTION ( 'NONE',  ( -1.000000000000000000, 0.000000000000000000, 1.186541365237213826E-16 ) ) ;
#7641 = CARTESIAN_POINT ( 'NONE',  ( 7.620000000000000107, 1.600000000000000089, -5.549999999999998934 ) ) ;
#7642 = DIRECTION ( 'NONE',  ( 0.000000000000000000, 0.000000000000000000, -1.000000000000000000 ) ) ;
#7643 = EDGE_LOOP ( 'NONE', ( #7722, #8656, #6909, #1993 ) ) ;
#7644 = AXIS2_PLACEMENT_3D ( 'NONE', #4459, #6926, #2941 ) ;
#7645 = VECTOR ( 'NONE', #2393, 1000.000000000000000 ) ;
#7646 = ORIENTED_EDGE ( 'NONE', *, *, #4587, .F. ) ;
#7647 = EDGE_CURVE ( 'NONE', #5639, #9197, #6385, .T. ) ;
#7648 = ORIENTED_EDGE ( 'NONE', *, *, #7248, .F. ) ;
#7649 = AXIS2_PLACEMENT_3D ( 'NONE', #4260, #9851, #6016 ) ;
#7650 = VECTOR ( 'NONE', #3681, 1000.000000000000000 ) ;
#7651 = CARTESIAN_POINT ( 'NONE',  ( 1.590000000000000302, 1.600000000000000755, -4.730000000000001315 ) ) ;
#7652 = CIRCLE ( 'NONE', #3143, 0.5080000000000002292 ) ;
#7653 = DIRECTION ( 'NONE',  ( 1.366641393889291440E-16, 0.000000000000000000, 1.000000000000000000 ) ) ;
#7654 = DIRECTION ( 'NONE',  ( 0.000000000000000000, 0.000000000000000000, 1.000000000000000000 ) ) ;
#7655 = CARTESIAN_POINT ( 'NONE',  ( -7.619999999999948592, 1.599999999999999867, -4.318000000000001393 ) ) ;
#7656 = DIRECTION ( 'NONE',  ( 1.000000000000000000, 0.000000000000000000, -6.920439398843646079E-16 ) ) ;
#7657 = AXIS2_PLACEMENT_3D ( 'NONE', #10057, #592, #2852 ) ;
#7658 = LINE ( 'NONE', #8887, #5978 ) ;
#7659 = ORIENTED_EDGE ( 'NONE', *, *, #3276, .F. ) ;
#7660 = CARTESIAN_POINT ( 'NONE',  ( 6.000000000000003553, 2.970000000000000195, 9.390000000000005898 ) ) ;
#7661 = ORIENTED_EDGE ( 'NONE', *, *, #5819, .T. ) ;
#7662 = ADVANCED_FACE ( 'NONE', ( #9536 ), #9486, .F. ) ;
#7663 = CIRCLE ( 'NONE', #977, 0.2999999999999999334 ) ;
#7664 = LINE ( 'NONE', #10168, #6360 ) ;
#7665 = AXIS2_PLACEMENT_3D ( 'NONE', #6932, #541, #3737 ) ;
#7666 = DIRECTION ( 'NONE',  ( -0.000000000000000000, -1.000000000000000000, -0.000000000000000000 ) ) ;
#7667 = CARTESIAN_POINT ( 'NONE',  ( 6.150000000000000355, 29.71055027400083759, -4.930000000000001492 ) ) ;
#7668 = DIRECTION ( 'NONE',  ( 0.000000000000000000, 0.000000000000000000, 1.000000000000000000 ) ) ;
#7669 = CARTESIAN_POINT ( 'NONE',  ( 7.620000000000000107, 0.000000000000000000, -5.549999999999998934 ) ) ;
#7670 = VERTEX_POINT ( 'NONE', #4640 ) ;
#7671 = VERTEX_POINT ( 'NONE', #668 ) ;
#7672 = VERTEX_POINT ( 'NONE', #3174 ) ;
#7673 = VERTEX_POINT ( 'NONE', #8754 ) ;
#7674 = ORIENTED_EDGE ( 'NONE', *, *, #1343, .T. ) ;
#7675 = LINE ( 'NONE', #2124, #140 ) ;
#7676 = DIRECTION ( 'NONE',  ( 0.000000000000000000, 1.000000000000000000, -0.000000000000000000 ) ) ;
#7677 = VECTOR ( 'NONE', #8024, 1000.000000000000000 ) ;
#7678 = AXIS2_PLACEMENT_3D ( 'NONE', #2508, #8725, #3238 ) ;
#7679 = CARTESIAN_POINT ( 'NONE',  ( 9.500000000000003553, 0.000000000000000000, -7.150000000000001243 ) ) ;
#7680 = CARTESIAN_POINT ( 'NONE',  ( -9.499999999999996447, 1.600000000000000089, -3.009999999999999787 ) ) ;
#7681 = ORIENTED_EDGE ( 'NONE', *, *, #7885, .T. ) ;
#7682 = VERTEX_POINT ( 'NONE', #10339 ) ;
#7683 = VERTEX_POINT ( 'NONE', #4694 ) ;
#7684 = EDGE_CURVE ( 'NONE', #8625, #8277, #2329, .T. ) ;
#7685 = VECTOR ( 'NONE', #5211, 1000.000000000000000 ) ;
#7686 = ORIENTED_EDGE ( 'NONE', *, *, #8765, .F. ) ;
#7687 = FACE_OUTER_BOUND ( 'NONE', #8428, .T. ) ;
#7688 = ADVANCED_FACE ( 'NONE', ( #5541 ), #1543, .T. ) ;
#7689 = DIRECTION ( 'NONE',  ( -1.000000000000000000, 0.000000000000000000, 0.000000000000000000 ) ) ;
#7690 = CARTESIAN_POINT ( 'NONE',  ( 1.590000000000000302, 29.71055027400083759, -5.279999999999999361 ) ) ;
#7691 = EDGE_CURVE ( 'NONE', #3801, #4848, #9839, .T. ) ;
#7692 = LINE ( 'NONE', #3718, #8468 ) ;
#7693 = CARTESIAN_POINT ( 'NONE',  ( 2.699999999999999289, 1.600000000000000089, -8.009999999999996234 ) ) ;
#7694 = DIRECTION ( 'NONE',  ( 0.000000000000000000, -1.000000000000000000, 0.000000000000000000 ) ) ;
#7695 = DIRECTION ( 'NONE',  ( 0.000000000000000000, 0.000000000000000000, 1.000000000000000000 ) ) ;
#7696 = CARTESIAN_POINT ( 'NONE',  ( -7.619999999999870433, 0.000000000000000000, 3.810000000000002718 ) ) ;
#7697 = CARTESIAN_POINT ( 'NONE',  ( -9.499999999999996447, 1.600000000000000089, -8.089999999999999858 ) ) ;
#7698 = VERTEX_POINT ( 'NONE', #5392 ) ;
#7699 = EDGE_CURVE ( 'NONE', #9572, #6254, #1592, .T. ) ;
#7700 = ORIENTED_EDGE ( 'NONE', *, *, #6482, .T. ) ;
#7701 = PRESENTATION_LAYER_ASSIGNMENT (  '', '', ( #8358 ) ) ;
#7702 = ORIENTED_EDGE ( 'NONE', *, *, #4049, .F. ) ;
#7703 = LINE ( 'NONE', #9253, #2638 ) ;
#7704 = DIRECTION ( 'NONE',  ( 0.000000000000000000, 1.000000000000000000, -0.000000000000000000 ) ) ;
#7705 = EDGE_CURVE ( 'NONE', #3616, #1400, #7979, .T. ) ;
#7706 = LINE ( 'NONE', #1268, #5505 ) ;
#7707 = PLANE ( 'NONE',  #3923 ) ;
#7708 = CARTESIAN_POINT ( 'NONE',  ( -9.500000000000000000, 0.000000000000000000, -1.778000000000000469 ) ) ;
#7709 = VERTEX_POINT ( 'NONE', #7771 ) ;
#7710 = ORIENTED_EDGE ( 'NONE', *, *, #7823, .F. ) ;
#7711 = ADVANCED_FACE ( 'NONE', ( #609 ), #816, .F. ) ;
#7712 = DIRECTION ( 'NONE',  ( 0.000000000000000000, 0.000000000000000000, 1.000000000000000000 ) ) ;
#7713 = ORIENTED_EDGE ( 'NONE', *, *, #4760, .F. ) ;
#7714 = LINE ( 'NONE', #2060, #2999 ) ;
#7715 = CYLINDRICAL_SURFACE ( 'NONE', #7637, 0.8000000000000003775 ) ;
#7716 = EDGE_CURVE ( 'NONE', #8398, #6060, #3012, .T. ) ;
#7717 = DIRECTION ( 'NONE',  ( -1.365923996832131856E-16, 0.000000000000000000, -1.000000000000000000 ) ) ;
#7718 = LINE ( 'NONE', #551, #4388 ) ;
#7719 = CARTESIAN_POINT ( 'NONE',  ( 1.240000000000001545, 2.970000000000000195, -9.390000000000000568 ) ) ;
#7720 = ORIENTED_EDGE ( 'NONE', *, *, #7194, .T. ) ;
#7721 = ORIENTED_EDGE ( 'NONE', *, *, #5708, .F. ) ;
#7722 = ORIENTED_EDGE ( 'NONE', *, *, #3119, .T. ) ;
#7723 = ORIENTED_EDGE ( 'NONE', *, *, #7873, .F. ) ;
#7724 = DIRECTION ( 'NONE',  ( 0.000000000000000000, 0.000000000000000000, 1.000000000000000000 ) ) ;
#7725 = VECTOR ( 'NONE', #8106, 1000.000000000000000 ) ;
#7726 = AXIS2_PLACEMENT_3D ( 'NONE', #2869, #9389, #1441 ) ;
#7727 = DIRECTION ( 'NONE',  ( 0.000000000000000000, 0.000000000000000000, -1.000000000000000000 ) ) ;
#7728 = EDGE_CURVE ( 'NONE', #1211, #5337, #8605, .T. ) ;
#7729 =( NAMED_UNIT ( * ) PLANE_ANGLE_UNIT ( ) SI_UNIT ( $, .RADIAN. ) );
#7730 = VERTEX_POINT ( 'NONE', #2627 ) ;
#7731 = VECTOR ( 'NONE', #4893, 1000.000000000000000 ) ;
#7732 = ORIENTED_EDGE ( 'NONE', *, *, #4235, .T. ) ;
#7733 = LINE ( 'NONE', #6344, #7835 ) ;
#7734 = VERTEX_POINT ( 'NONE', #8034 ) ;
#7735 = DIRECTION ( 'NONE',  ( 0.000000000000000000, 0.000000000000000000, -1.000000000000000000 ) ) ;
#7736 = AXIS2_PLACEMENT_3D ( 'NONE', #3994, #9617, #3716 ) ;
#7737 = LINE ( 'NONE', #5359, #5288 ) ;
#7738 = DIRECTION ( 'NONE',  ( -0.000000000000000000, -1.000000000000000000, -0.000000000000000000 ) ) ;
#7739 = DIRECTION ( 'NONE',  ( 0.000000000000000000, 0.000000000000000000, -1.000000000000000000 ) ) ;
#7740 = DIRECTION ( 'NONE',  ( 0.000000000000000000, 0.000000000000000000, 1.000000000000000000 ) ) ;
#7741 = DIRECTION ( 'NONE',  ( -1.000000000000000000, 0.000000000000000000, 0.000000000000000000 ) ) ;
#7742 = CARTESIAN_POINT ( 'NONE',  ( -7.619999999999845564, 0.000000000000000000, 6.350000000000003197 ) ) ;
#7743 = ORIENTED_EDGE ( 'NONE', *, *, #1647, .T. ) ;
#7744 = ORIENTED_EDGE ( 'NONE', *, *, #8957, .F. ) ;
#7745 = EDGE_LOOP ( 'NONE', ( #6650, #6931, #2428, #564 ) ) ;
#7746 = EDGE_CURVE ( 'NONE', #5233, #8965, #10359, .T. ) ;
#7747 = CARTESIAN_POINT ( 'NONE',  ( 5.239999999999999325, 1.600000000000000089, -9.279999999999992255 ) ) ;
#7748 = EDGE_CURVE ( 'NONE', #3391, #836, #2431, .T. ) ;
#7749 = LINE ( 'NONE', #9201, #1955 ) ;
#7750 = EDGE_CURVE ( 'NONE', #2375, #6268, #9886, .T. ) ;
#7751 = DIRECTION ( 'NONE',  ( 0.000000000000000000, 1.000000000000000000, -0.000000000000000000 ) ) ;
#7752 = LINE ( 'NONE', #6769, #4827 ) ;
#7753 = DIRECTION ( 'NONE',  ( -1.000000000000000000, 0.000000000000000000, -9.227252531791528105E-16 ) ) ;
#7754 = LINE ( 'NONE', #3627, #1876 ) ;
#7755 = ORIENTED_EDGE ( 'NONE', *, *, #2708, .T. ) ;
#7756 = VERTEX_POINT ( 'NONE', #7435 ) ;
#7757 = DIRECTION ( 'NONE',  ( 0.000000000000000000, 0.000000000000000000, 1.000000000000000000 ) ) ;
#7758 = ORIENTED_EDGE ( 'NONE', *, *, #8253, .F. ) ;
#7759 = EDGE_CURVE ( 'NONE', #5562, #313, #6764, .T. ) ;
#7760 = FACE_OUTER_BOUND ( 'NONE', #1210, .T. ) ;
#7761 = DIRECTION ( 'NONE',  ( 0.000000000000000000, 0.000000000000000000, 1.000000000000000000 ) ) ;
#7762 = EDGE_CURVE ( 'NONE', #255, #6393, #5998, .T. ) ;
#7763 = LINE ( 'NONE', #3742, #1276 ) ;
#7764 = VECTOR ( 'NONE', #9878, 1000.000000000000000 ) ;
#7765 = CYLINDRICAL_SURFACE ( 'NONE', #722, 0.5080000000000002292 ) ;
#7766 = CARTESIAN_POINT ( 'NONE',  ( 3.969999999999999751, 2.100000000000000089, -7.892499999999994742 ) ) ;
#7767 = VERTEX_POINT ( 'NONE', #8266 ) ;
#7768 = ORIENTED_EDGE ( 'NONE', *, *, #4900, .F. ) ;
#7769 = EDGE_LOOP ( 'NONE', ( #9003, #2512, #2137, #10043 ) ) ;
#7770 = ORIENTED_EDGE ( 'NONE', *, *, #4253, .T. ) ;
#7771 = CARTESIAN_POINT ( 'NONE',  ( 2.699999999999999289, 1.600000000000000089, -9.279999999999992255 ) ) ;
#7772 = EDGE_CURVE ( 'NONE', #6146, #8077, #6700, .T. ) ;
#7773 = LINE ( 'NONE', #7828, #7503 ) ;
#7774 = VECTOR ( 'NONE', #6714, 1000.000000000000000 ) ;
#7775 = LINE ( 'NONE', #5544, #1791 ) ;
#7776 = CARTESIAN_POINT ( 'NONE',  ( 9.500000000000000000, 4.721281787984062284, 0.4699999999999990852 ) ) ;
#7777 = DIRECTION ( 'NONE',  ( 0.000000000000000000, 0.000000000000000000, -1.000000000000000000 ) ) ;
#7778 = LINE ( 'NONE', #7680, #7444 ) ;
#7779 = VERTEX_POINT ( 'NONE', #5154 ) ;
#7780 =( GEOMETRIC_REPRESENTATION_CONTEXT ( 3 ) GLOBAL_UNCERTAINTY_ASSIGNED_CONTEXT ( ( #5531 ) ) GLOBAL_UNIT_ASSIGNED_CONTEXT ( ( #5716, #7887, #1563 ) ) REPRESENTATION_CONTEXT ( 'NONE', 'WORKASPACE' ) );
#7781 = ORIENTED_EDGE ( 'NONE', *, *, #1600, .F. ) ;
#7782 = CARTESIAN_POINT ( 'NONE',  ( -6.000000000000001776, 3.069999999999999840, -9.390000000000000568 ) ) ;
#7783 = ORIENTED_EDGE ( 'NONE', *, *, #4738, .F. ) ;
#7784 = ADVANCED_FACE ( 'NONE', ( #315 ), #8810, .T. ) ;
#7785 = DIRECTION ( 'NONE',  ( -1.000000000000000000, -0.000000000000000000, 0.000000000000000000 ) ) ;
#7786 = CARTESIAN_POINT ( 'NONE',  ( 6.000000000000001776, 29.71055027400083759, -4.930000000000001492 ) ) ;
#7787 = PLANE ( 'NONE',  #10224 ) ;
#7788 = FACE_OUTER_BOUND ( 'NONE', #3997, .T. ) ;
#7789 = DIRECTION ( 'NONE',  ( -1.000000000000000000, 0.000000000000000000, -0.000000000000000000 ) ) ;
#7790 = CIRCLE ( 'NONE', #613, 0.5080000000000006732 ) ;
#7791 = CARTESIAN_POINT ( 'NONE',  ( -9.500000000000000000, 4.721281787984062284, -9.397999999999999687 ) ) ;
#7792 = ORIENTED_EDGE ( 'NONE', *, *, #6752, .T. ) ;
#7793 = ORIENTED_EDGE ( 'NONE', *, *, #7463, .T. ) ;
#7794 = VECTOR ( 'NONE', #3203, 1000.000000000000000 ) ;
#7795 = VERTEX_POINT ( 'NONE', #4250 ) ;
#7796 = AXIS2_PLACEMENT_3D ( 'NONE', #8800, #5478, #10272 ) ;
#7797 = VECTOR ( 'NONE', #3099, 1000.000000000000000 ) ;
#7798 = DIRECTION ( 'NONE',  ( 1.000000000000000000, 0.000000000000000000, -0.000000000000000000 ) ) ;
#7799 = DIRECTION ( 'NONE',  ( 0.000000000000000000, 1.000000000000000000, -0.000000000000000000 ) ) ;
#7800 = FACE_OUTER_BOUND ( 'NONE', #8852, .T. ) ;
#7801 = CARTESIAN_POINT ( 'NONE',  ( 9.500000000000003553, 1.600000000000000089, -8.089999999999998082 ) ) ;
#7802 = LINE ( 'NONE', #7124, #6604 ) ;
#7803 = DIRECTION ( 'NONE',  ( 0.000000000000000000, 0.000000000000000000, 1.000000000000000000 ) ) ;
#7804 = VECTOR ( 'NONE', #3282, 1000.000000000000000 ) ;
#7805 = PLANE ( 'NONE',  #8122 ) ;
#7806 = VERTEX_POINT ( 'NONE', #3527 ) ;
#7807 = CARTESIAN_POINT ( 'NONE',  ( -6.150000000000000355, 2.970000000000000639, 9.690000000000006608 ) ) ;
#7808 = ORIENTED_EDGE ( 'NONE', *, *, #559, .T. ) ;
#7809 = VECTOR ( 'NONE', #2511, 1000.000000000000000 ) ;
#7810 = AXIS2_PLACEMENT_3D ( 'NONE', #3728, #5372, #1368 ) ;
#7811 = ADVANCED_FACE ( 'NONE', ( #1105 ), #6720, .F. ) ;
#7812 = LINE ( 'NONE', #1584, #147 ) ;
#7813 = VECTOR ( 'NONE', #129, 1000.000000000000000 ) ;
#7814 = DIRECTION ( 'NONE',  ( -0.000000000000000000, -1.000000000000000000, -0.000000000000000000 ) ) ;
#7815 = CIRCLE ( 'NONE', #9977, 0.5080000000000002292 ) ;
#7816 = PLANE ( 'NONE',  #7634 ) ;
#7817 = CARTESIAN_POINT ( 'NONE',  ( 0.000000000000000000, 0.000000000000000000, -5.549999999999998934 ) ) ;
#7818 = ADVANCED_FACE ( 'NONE', ( #3224 ), #9776, .F. ) ;
#7819 = ADVANCED_FACE ( 'NONE', ( #3468 ), #2685, .T. ) ;
#7820 =( NAMED_UNIT ( * ) PLANE_ANGLE_UNIT ( ) SI_UNIT ( $, .RADIAN. ) );
#7821 = VERTEX_POINT ( 'NONE', #8323 ) ;
#7822 = ORIENTED_EDGE ( 'NONE', *, *, #9947, .F. ) ;
#7823 = EDGE_CURVE ( 'NONE', #6961, #4221, #9092, .T. ) ;
#7824 = VECTOR ( 'NONE', #3731, 1000.000000000000000 ) ;
#7825 = ORIENTED_EDGE ( 'NONE', *, *, #152, .F. ) ;
#7826 = CARTESIAN_POINT ( 'NONE',  ( 0.000000000000000000, 1.600000000000000089, 7.150000000000003020 ) ) ;
#7827 = AXIS2_PLACEMENT_3D ( 'NONE', #6240, #4654, #8720 ) ;
#7828 = CARTESIAN_POINT ( 'NONE',  ( 7.620000000000000107, 1.600000000000000089, 5.550000000000003375 ) ) ;
#7829 = CARTESIAN_POINT ( 'NONE',  ( 0.000000000000000000, 0.000000000000000000, -5.549999999999998934 ) ) ;
#7830 = VECTOR ( 'NONE', #2794, 1000.000000000000000 ) ;
#7831 = CARTESIAN_POINT ( 'NONE',  ( -7.619999999999845564, 1.599999999999999867, 6.350000000000003197 ) ) ;
#7832 = LINE ( 'NONE', #3599, #5123 ) ;
#7833 = ADVANCED_FACE ( 'NONE', ( #7201 ), #4357, .T. ) ;
#7834 = LINE ( 'NONE', #7206, #7146 ) ;
#7835 = VECTOR ( 'NONE', #5448, 1000.000000000000000 ) ;
#7836 = ORIENTED_EDGE ( 'NONE', *, *, #7957, .F. ) ;
#7837 = VERTEX_POINT ( 'NONE', #3573 ) ;
#7838 = CARTESIAN_POINT ( 'NONE',  ( -7.619999999999947704, 0.000000000000000000, -3.810000000000000053 ) ) ;
#7839 = ORIENTED_EDGE ( 'NONE', *, *, #6507, .T. ) ;
#7840 = VECTOR ( 'NONE', #2421, 1000.000000000000000 ) ;
#7841 = CARTESIAN_POINT ( 'NONE',  ( 9.500000000000000000, 4.721281787984062284, 8.382000000000001450 ) ) ;
#7842 = CARTESIAN_POINT ( 'NONE',  ( -6.000000000000001776, 2.970000000000000195, -9.390000000000000568 ) ) ;
#7843 = EDGE_CURVE ( 'NONE', #738, #10191, #6213, .T. ) ;
#7844 = LINE ( 'NONE', #9403, #4295 ) ;
#7845 = CIRCLE ( 'NONE', #323, 0.5080000000000002292 ) ;
#7846 = ORIENTED_EDGE ( 'NONE', *, *, #8173, .F. ) ;
#7847 = DIRECTION ( 'NONE',  ( -1.000000000000000000, 0.000000000000000000, -1.156482317317871764E-14 ) ) ;
#7848 = ORIENTED_EDGE ( 'NONE', *, *, #4016, .F. ) ;
#7849 = ORIENTED_EDGE ( 'NONE', *, *, #9972, .T. ) ;
#7850 = VERTEX_POINT ( 'NONE', #1213 ) ;
#7851 = VECTOR ( 'NONE', #2875, 1000.000000000000000 ) ;
#7852 = DIRECTION ( 'NONE',  ( 0.000000000000000000, 0.000000000000000000, 1.000000000000000000 ) ) ;
#7853 = DIRECTION ( 'NONE',  ( 0.000000000000000000, 0.000000000000000000, -1.000000000000000000 ) ) ;
#7854 = CARTESIAN_POINT ( 'NONE',  ( -9.500000000000000000, 0.000000000000000000, -8.890000000000000568 ) ) ;
#7855 = EDGE_CURVE ( 'NONE', #7217, #184, #3513, .T. ) ;
#7856 = PRESENTATION_STYLE_ASSIGNMENT (( #2305 ) ) ;
#7857 = PLANE ( 'NONE',  #1582 ) ;
#7858 = CYLINDRICAL_SURFACE ( 'NONE', #2719, 0.7999999999999986011 ) ;
#7859 = CARTESIAN_POINT ( 'NONE',  ( 1.939999999999998170, 3.069999999999999840, -4.630000000000001670 ) ) ;
#7860 = ORIENTED_EDGE ( 'NONE', *, *, #2529, .F. ) ;
#7861 = COLOUR_RGB ( '',0.7921568627450980005, 0.8196078431372548767, 0.9333333333333333481 ) ;
#7862 = DIRECTION ( 'NONE',  ( -1.366641393889291440E-16, -0.000000000000000000, -1.000000000000000000 ) ) ;
#7863 = ORIENTED_EDGE ( 'NONE', *, *, #4065, .T. ) ;
#7864 = ORIENTED_EDGE ( 'NONE', *, *, #4786, .F. ) ;
#7865 = FACE_OUTER_BOUND ( 'NONE', #4184, .T. ) ;
#7866 = CARTESIAN_POINT ( 'NONE',  ( 7.620000000000057838, 1.599999999999999867, -3.301999999999994717 ) ) ;
#7867 = DIRECTION ( 'NONE',  ( -0.000000000000000000, -1.000000000000000000, -0.000000000000000000 ) ) ;
#7868 = ORIENTED_EDGE ( 'NONE', *, *, #7191, .T. ) ;
#7869 = VERTEX_POINT ( 'NONE', #7747 ) ;
#7870 = ORIENTED_EDGE ( 'NONE', *, *, #7699, .F. ) ;
#7871 = CARTESIAN_POINT ( 'NONE',  ( 7.620000000000000107, 4.721281787984062284, -0.4699999999999986411 ) ) ;
#7872 = CARTESIAN_POINT ( 'NONE',  ( 6.000000000000003553, 1.600000000000007638, 9.490000000000003766 ) ) ;
#7873 = EDGE_CURVE ( 'NONE', #2683, #10194, #6149, .T. ) ;
#7874 = DIRECTION ( 'NONE',  ( -0.000000000000000000, -1.000000000000000000, -0.000000000000000000 ) ) ;
#7875 = EDGE_CURVE ( 'NONE', #6060, #5366, #6211, .T. ) ;
#7876 = DIRECTION ( 'NONE',  ( -0.000000000000000000, -1.000000000000000000, -0.000000000000000000 ) ) ;
#7877 =( LENGTH_UNIT ( ) NAMED_UNIT ( * ) SI_UNIT ( .MILLI., .METRE. ) );
#7878 = LINE ( 'NONE', #720, #9802 ) ;
#7879 = ORIENTED_EDGE ( 'NONE', *, *, #66, .T. ) ;
#7880 = EDGE_LOOP ( 'NONE', ( #8949, #7525, #3546, #6400 ) ) ;
#7881 = CARTESIAN_POINT ( 'NONE',  ( -9.500000000000000000, 1.599999999999999867, 5.550000000000001599 ) ) ;
#7882 = EDGE_LOOP ( 'NONE', ( #3281, #721 ) ) ;
#7883 = CARTESIAN_POINT ( 'NONE',  ( 7.620000000000057838, 1.599999999999999867, -3.809999999999999165 ) ) ;
#7884 = EDGE_CURVE ( 'NONE', #5398, #3949, #6974, .T. ) ;
#7885 = EDGE_CURVE ( 'NONE', #4583, #211, #7845, .T. ) ;
#7886 = DIRECTION ( 'NONE',  ( 0.000000000000000000, 0.000000000000000000, -1.000000000000000000 ) ) ;
#7887 =( NAMED_UNIT ( * ) PLANE_ANGLE_UNIT ( ) SI_UNIT ( $, .RADIAN. ) );
#7888 = CARTESIAN_POINT ( 'NONE',  ( -7.620000000000000107, 0.000000000000000000, 4.610000000000002984 ) ) ;
#7889 = AXIS2_PLACEMENT_3D ( 'NONE', #6731, #9796, #5859 ) ;
#7890 = CARTESIAN_POINT ( 'NONE',  ( -9.499999999999996447, 1.600000000000000089, 9.690000000000004832 ) ) ;
#7891 = ORIENTED_EDGE ( 'NONE', *, *, #9919, .T. ) ;
#7892 = LINE ( 'NONE', #689, #2133 ) ;
#7893 = ORIENTED_EDGE ( 'NONE', *, *, #209, .F. ) ;
#7894 = ORIENTED_EDGE ( 'NONE', *, *, #6108, .F. ) ;
#7895 = ORIENTED_EDGE ( 'NONE', *, *, #9777, .T. ) ;
#7896 = CARTESIAN_POINT ( 'NONE',  ( -7.620000000000000107, 1.600000000000000089, -9.689999999999999503 ) ) ;
#7897 = EDGE_CURVE ( 'NONE', #3772, #7869, #2202, .T. ) ;
#7898 = VECTOR ( 'NONE', #5747, 1000.000000000000000 ) ;
#7899 = CARTESIAN_POINT ( 'NONE',  ( 3.969999999999999751, 2.100000000000000089, -8.209999999999995524 ) ) ;
#7900 = DIRECTION ( 'NONE',  ( 0.000000000000000000, 1.000000000000000000, -0.000000000000000000 ) ) ;
#7901 = LINE ( 'NONE', #7121, #5664 ) ;
#7902 = CARTESIAN_POINT ( 'NONE',  ( 9.500000000000003553, 0.000000000000000000, -9.690000000000003055 ) ) ;
#7903 = CARTESIAN_POINT ( 'NONE',  ( -9.499999999999996447, 1.600000000000000089, -9.690000000000001279 ) ) ;
#7904 = DIRECTION ( 'NONE',  ( 0.000000000000000000, 1.000000000000000000, -0.000000000000000000 ) ) ;
#7905 = CARTESIAN_POINT ( 'NONE',  ( 9.500000000000003553, 0.000000000000000000, -0.4699999999999986411 ) ) ;
#7906 = VECTOR ( 'NONE', #2769, 1000.000000000000000 ) ;
#7907 = CARTESIAN_POINT ( 'NONE',  ( 0.000000000000000000, 1.600000000000000089, 0.000000000000000000 ) ) ;
#7908 = ORIENTED_EDGE ( 'NONE', *, *, #6383, .T. ) ;
#7909 = DIRECTION ( 'NONE',  ( 0.000000000000000000, 0.000000000000000000, 1.000000000000000000 ) ) ;
#7910 = ORIENTED_EDGE ( 'NONE', *, *, #7629, .T. ) ;
#7911 = EDGE_LOOP ( 'NONE', ( #6289, #9061, #9933, #5713 ) ) ;
#7912 = EDGE_CURVE ( 'NONE', #5783, #9623, #9361, .T. ) ;
#7913 = CARTESIAN_POINT ( 'NONE',  ( -6.049999999999999822, 2.970000000000000195, 0.000000000000000000 ) ) ;
#7914 = DIRECTION ( 'NONE',  ( 0.000000000000000000, 1.000000000000000000, -0.000000000000000000 ) ) ;
#7915 = UNCERTAINTY_MEASURE_WITH_UNIT (LENGTH_MEASURE( 1.000000000000000082E-05 ), #4448, 'distance_accuracy_value', 'NONE');
#7916 = CARTESIAN_POINT ( 'NONE',  ( -2.083052259051942017E-15, 4.721281787984062284, -3.010000000000006004 ) ) ;
#7917 = CARTESIAN_POINT ( 'NONE',  ( 2.399999999999999467, 1.600000000000000089, -8.409999999999996589 ) ) ;
#7918 = VERTEX_POINT ( 'NONE', #2096 ) ;
#7919 = VERTEX_POINT ( 'NONE', #3040 ) ;
#7920 = VERTEX_POINT ( 'NONE', #6256 ) ;
#7921 = FACE_OUTER_BOUND ( 'NONE', #853, .T. ) ;
#7922 = FACE_BOUND ( 'NONE', #3892, .T. ) ;
#7923 = DIRECTION ( 'NONE',  ( 1.000000000000000000, 0.000000000000000000, 0.000000000000000000 ) ) ;
#7924 = AXIS2_PLACEMENT_3D ( 'NONE', #9365, #4567, #7753 ) ;
#7925 = FACE_OUTER_BOUND ( 'NONE', #9543, .T. ) ;
#7926 = CARTESIAN_POINT ( 'NONE',  ( -7.619999999999921947, 0.000000000000000000, -1.270000000000000240 ) ) ;
#7927 = CARTESIAN_POINT ( 'NONE',  ( 2.900000000000000799, 1.600000000000000089, -6.939999999999995950 ) ) ;
#7928 = EDGE_LOOP ( 'NONE', ( #4965, #969 ) ) ;
#7929 = PLANE ( 'NONE',  #4151 ) ;
#7930 = ADVANCED_FACE ( 'NONE', ( #9409 ), #2248, .F. ) ;
#7931 = ORIENTED_EDGE ( 'NONE', *, *, #2765, .F. ) ;
#7932 = AXIS2_PLACEMENT_3D ( 'NONE', #8471, #3079, #6202 ) ;
#7933 = CARTESIAN_POINT ( 'NONE',  ( -9.499999999999996447, 1.600000000000000089, 2.070000000000002505 ) ) ;
#7934 = EDGE_LOOP ( 'NONE', ( #269, #6846, #9112, #4485 ) ) ;
#7935 = CIRCLE ( 'NONE', #6951, 0.7999999999999986011 ) ;
#7936 = EDGE_CURVE ( 'NONE', #9993, #3927, #9002, .T. ) ;
#7937 = PLANE ( 'NONE',  #2342 ) ;
#7938 = DIRECTION ( 'NONE',  ( -1.000000000000000000, 0.000000000000000000, 1.365923996832131609E-16 ) ) ;
#7939 = CARTESIAN_POINT ( 'NONE',  ( -7.619999999999870433, 4.721281787984062284, 3.302000000000001378 ) ) ;
#7940 = COLOUR_RGB ( '',1.000000000000000000, 0.8117647058823529438, 0.5019607843137254832 ) ;
#7941 = DIRECTION ( 'NONE',  ( 1.000000000000000000, 0.000000000000000000, 0.000000000000000000 ) ) ;
#7942 = VERTEX_POINT ( 'NONE', #7119 ) ;
#7943 = EDGE_CURVE ( 'NONE', #8809, #1919, #1671, .T. ) ;
#7944 = DIRECTION ( 'NONE',  ( -0.000000000000000000, -1.000000000000000000, -0.000000000000000000 ) ) ;
#7945 = EDGE_CURVE ( 'NONE', #4669, #7671, #2405, .T. ) ;
#7946 = EDGE_LOOP ( 'NONE', ( #7060, #4639, #8673, #5635 ) ) ;
#7947 = VERTEX_POINT ( 'NONE', #7896 ) ;
#7948 = VERTEX_POINT ( 'NONE', #3145 ) ;
#7949 = EDGE_CURVE ( 'NONE', #6797, #3283, #1466, .T. ) ;
#7950 = CARTESIAN_POINT ( 'NONE',  ( -6.349999999999999645, 2.970000000000000195, -9.340000000000003411 ) ) ;
#7951 = DIRECTION ( 'NONE',  ( -1.000000000000000000, 0.000000000000000000, 0.000000000000000000 ) ) ;
#7952 = LINE ( 'NONE', #8102, #8438 ) ;
#7953 = DIRECTION ( 'NONE',  ( 0.000000000000000000, -0.000000000000000000, 1.000000000000000000 ) ) ;
#7954 = CARTESIAN_POINT ( 'NONE',  ( 6.150000000000002132, 1.600000000000000755, 9.340000000000008740 ) ) ;
#7955 = CARTESIAN_POINT ( 'NONE',  ( 9.500000000000000000, 1.599999999999999867, 0.000000000000000000 ) ) ;
#7956 = DIRECTION ( 'NONE',  ( 0.000000000000000000, 0.000000000000000000, 1.000000000000000000 ) ) ;
#7957 = EDGE_CURVE ( 'NONE', #253, #149, #9848, .T. ) ;
#7958 = DIRECTION ( 'NONE',  ( 0.000000000000000000, -0.000000000000000000, 1.000000000000000000 ) ) ;
#7959 = EDGE_LOOP ( 'NONE', ( #4783, #6297, #9692, #3868 ) ) ;
#7960 = COLOUR_RGB ( '',1.000000000000000000, 0.8117647058823529438, 0.5019607843137254832 ) ;
#7961 = CARTESIAN_POINT ( 'NONE',  ( -7.620000000000000107, 0.000000000000000000, 5.549999999999999822 ) ) ;
#7962 = VERTEX_POINT ( 'NONE', #10257 ) ;
#7963 = VERTEX_POINT ( 'NONE', #6301 ) ;
#7964 = CLOSED_SHELL ( 'NONE', ( #6957, #14, #3165, #332, #2694, #263, #3659, #2443, #3160, #77 ) ) ;
#7965 = DIRECTION ( 'NONE',  ( -1.000000000000000000, 0.000000000000000000, -0.000000000000000000 ) ) ;
#7966 = LINE ( 'NONE', #7287, #5645 ) ;
#7967 = VECTOR ( 'NONE', #7181, 1000.000000000000000 ) ;
#7968 = DIRECTION ( 'NONE',  ( 0.000000000000000000, 1.000000000000000000, -0.000000000000000000 ) ) ;
#7969 = DIRECTION ( 'NONE',  ( 1.000000000000000000, 0.000000000000000000, -9.227252531791528105E-16 ) ) ;
#7970 =( LENGTH_UNIT ( ) NAMED_UNIT ( * ) SI_UNIT ( .MILLI., .METRE. ) );
#7971 = EDGE_CURVE ( 'NONE', #184, #7217, #8518, .T. ) ;
#7972 = AXIS2_PLACEMENT_3D ( 'NONE', #6110, #7090, #4472 ) ;
#7973 = EDGE_LOOP ( 'NONE', ( #9381, #9710, #2960, #7808 ) ) ;
#7974 = EDGE_LOOP ( 'NONE', ( #726, #4817 ) ) ;
#7975 = ORIENTED_EDGE ( 'NONE', *, *, #975, .F. ) ;
#7976 = AXIS2_PLACEMENT_3D ( 'NONE', #2998, #7799, #6306 ) ;
#7977 = AXIS2_PLACEMENT_3D ( 'NONE', #3278, #7510, #5707 ) ;
#7978 = ORIENTED_EDGE ( 'NONE', *, *, #1914, .T. ) ;
#7979 = LINE ( 'NONE', #1391, #6038 ) ;
#7980 = LINE ( 'NONE', #6429, #3328 ) ;
#7981 = AXIS2_PLACEMENT_3D ( 'NONE', #835, #1820, #4868 ) ;
#7982 = AXIS2_PLACEMENT_3D ( 'NONE', #532, #2156, #2997 ) ;
#7983 = CARTESIAN_POINT ( 'NONE',  ( -9.500000000000000000, 1.599999999999999867, -8.890000000000000568 ) ) ;
#7984 = DIRECTION ( 'NONE',  ( 1.000000000000000000, 0.000000000000000000, -1.384087879768729216E-15 ) ) ;
#7985 = STYLED_ITEM ( 'NONE', ( #5433 ), #4866 ) ;
#7986 = CARTESIAN_POINT ( 'NONE',  ( -9.499999999999996447, 0.000000000000000000, -0.000000000000000000 ) ) ;
#7987 = EDGE_CURVE ( 'NONE', #4494, #2838, #3929, .T. ) ;
#7988 = DIRECTION ( 'NONE',  ( 0.000000000000000000, 0.000000000000000000, 1.000000000000000000 ) ) ;
#7989 = VECTOR ( 'NONE', #1895, 1000.000000000000000 ) ;
#7990 = ORIENTED_EDGE ( 'NONE', *, *, #2610, .T. ) ;
#7991 = DIRECTION ( 'NONE',  ( 0.000000000000000000, 0.000000000000000000, 1.000000000000000000 ) ) ;
#7992 = VERTEX_POINT ( 'NONE', #8734 ) ;
#7993 = CARTESIAN_POINT ( 'NONE',  ( -7.619999999999842011, 4.721281787984062284, 6.349999999999999645 ) ) ;
#7994 = CIRCLE ( 'NONE', #476, 0.8000000000000012657 ) ;
#7995 = VECTOR ( 'NONE', #4745, 1000.000000000000000 ) ;
#7996 = DIRECTION ( 'NONE',  ( -0.000000000000000000, -1.000000000000000000, -0.000000000000000000 ) ) ;
#7997 = DIRECTION ( 'NONE',  ( 1.000000000000000000, -0.000000000000000000, 0.000000000000000000 ) ) ;
#7998 = PLANE ( 'NONE',  #730 ) ;
#7999 = FACE_OUTER_BOUND ( 'NONE', #7234, .T. ) ;
#8000 = EDGE_CURVE ( 'NONE', #851, #3543, #1621, .T. ) ;
#8001 = ORIENTED_EDGE ( 'NONE', *, *, #5656, .T. ) ;
#8002 = PLANE ( 'NONE',  #3298 ) ;
#8003 = EDGE_LOOP ( 'NONE', ( #3379, #9991, #4454, #5510 ) ) ;
#8004 = ORIENTED_EDGE ( 'NONE', *, *, #2896, .F. ) ;
#8005 = AXIS2_PLACEMENT_3D ( 'NONE', #3117, #5543, #7448 ) ;
#8006 = CARTESIAN_POINT ( 'NONE',  ( 7.620000000000032081, 0.000000000000000000, -6.349999999999999645 ) ) ;
#8007 = EDGE_CURVE ( 'NONE', #529, #10319, #7174, .T. ) ;
#8008 = EDGE_CURVE ( 'NONE', #8318, #9027, #5528, .T. ) ;
#8009 = CARTESIAN_POINT ( 'NONE',  ( 0.000000000000000000, 0.000000000000000000, 8.090000000000003411 ) ) ;
#8010 = CARTESIAN_POINT ( 'NONE',  ( -6.150000000000000355, 1.600000000000000755, 9.690000000000006608 ) ) ;
#8011 = LINE ( 'NONE', #2466, #2785 ) ;
#8012 = DIRECTION ( 'NONE',  ( -0.000000000000000000, -1.000000000000000000, -0.000000000000000000 ) ) ;
#8013 = ADVANCED_FACE ( 'NONE', ( #9077 ), #9029, .F. ) ;
#8014 = DIRECTION ( 'NONE',  ( -1.000000000000000000, 0.000000000000000000, -0.000000000000000000 ) ) ;
#8015 = DIRECTION ( 'NONE',  ( 0.000000000000000000, 0.000000000000000000, 1.000000000000000000 ) ) ;
#8016 = CARTESIAN_POINT ( 'NONE',  ( 0.000000000000000000, 1.600000000000000089, 0.000000000000000000 ) ) ;
#8017 = ORIENTED_EDGE ( 'NONE', *, *, #4637, .F. ) ;
#8018 = CARTESIAN_POINT ( 'NONE',  ( 7.620000000000000107, 4.721281787984062284, -8.089999999999998082 ) ) ;
#8019 = ORIENTED_EDGE ( 'NONE', *, *, #4641, .F. ) ;
#8020 = ORIENTED_EDGE ( 'NONE', *, *, #6615, .F. ) ;
#8021 = APPLICATION_CONTEXT ( 'automotive_design' ) ;
#8022 = VECTOR ( 'NONE', #5773, 1000.000000000000000 ) ;
#8023 = EDGE_LOOP ( 'NONE', ( #194, #8075, #8671, #4271 ) ) ;
#8024 = DIRECTION ( 'NONE',  ( -0.000000000000000000, -0.000000000000000000, 1.000000000000000000 ) ) ;
#8025 = EDGE_CURVE ( 'NONE', #1688, #2864, #2611, .T. ) ;
#8026 = CARTESIAN_POINT ( 'NONE',  ( 9.500000000000000000, 4.721281787984062284, 0.000000000000000000 ) ) ;
#8027 = LINE ( 'NONE', #6422, #3791 ) ;
#8028 = EDGE_CURVE ( 'NONE', #4108, #5281, #2563, .T. ) ;
#8029 = AXIS2_PLACEMENT_3D ( 'NONE', #7993, #8769, #829 ) ;
#8030 = ORIENTED_EDGE ( 'NONE', *, *, #6813, .F. ) ;
#8031 = ORIENTED_EDGE ( 'NONE', *, *, #217, .T. ) ;
#8032 = VERTEX_POINT ( 'NONE', #5881 ) ;
#8033 = EDGE_LOOP ( 'NONE', ( #1073, #4427, #6775, #5964 ) ) ;
#8034 = CARTESIAN_POINT ( 'NONE',  ( -9.499999999999996447, 0.000000000000000000, 4.610000000000002984 ) ) ;
#8035 = LINE ( 'NONE', #7404, #1815 ) ;
#8036 = EDGE_CURVE ( 'NONE', #6750, #8450, #1088, .T. ) ;
#8037 = DIRECTION ( 'NONE',  ( 0.000000000000000000, 1.000000000000000000, -0.000000000000000000 ) ) ;
#8038 = DIRECTION ( 'NONE',  ( -0.000000000000000000, 0.000000000000000000, 1.000000000000000000 ) ) ;
#8039 = CARTESIAN_POINT ( 'NONE',  ( 9.500000000000003553, 1.600000000000000089, -4.610000000000000320 ) ) ;
#8040 = CARTESIAN_POINT ( 'NONE',  ( 7.620000000000110241, 4.721281787984062284, 1.270000000000002016 ) ) ;
#8041 = CARTESIAN_POINT ( 'NONE',  ( -9.500000000000000000, 4.721281787984062284, 8.382000000000001450 ) ) ;
#8042 = ORIENTED_EDGE ( 'NONE', *, *, #2155, .T. ) ;
#8043 = CARTESIAN_POINT ( 'NONE',  ( 0.000000000000000000, 0.000000000000000000, -9.690000000000003055 ) ) ;
#8044 = ORIENTED_EDGE ( 'NONE', *, *, #7492, .T. ) ;
#8045 = LINE ( 'NONE', #1559, #329 ) ;
#8046 = EDGE_CURVE ( 'NONE', #928, #913, #304, .T. ) ;
#8047 = CARTESIAN_POINT ( 'NONE',  ( -9.500000000000000000, 0.000000000000000000, 5.841999999999999638 ) ) ;
#8048 = FILL_AREA_STYLE ('',( #6397 ) ) ;
#8049 = DIRECTION ( 'NONE',  ( 0.000000000000000000, 0.000000000000000000, -1.000000000000000000 ) ) ;
#8050 = CARTESIAN_POINT ( 'NONE',  ( 9.500000000000000000, 4.721281787984062284, -2.069999999999998508 ) ) ;
#8051 = CARTESIAN_POINT ( 'NONE',  ( -7.620000000000000107, 4.721281787984062284, 2.070000000000000728 ) ) ;
#8052 = ORIENTED_EDGE ( 'NONE', *, *, #9041, .T. ) ;
#8053 = ORIENTED_EDGE ( 'NONE', *, *, #8338, .F. ) ;
#8054 = ORIENTED_EDGE ( 'NONE', *, *, #2330, .F. ) ;
#8055 = AXIS2_PLACEMENT_3D ( 'NONE', #8577, #7695, #524 ) ;
#8056 = DIRECTION ( 'NONE',  ( 0.000000000000000000, 0.000000000000000000, 1.000000000000000000 ) ) ;
#8057 = LINE ( 'NONE', #4087, #1083 ) ;
#8058 = CARTESIAN_POINT ( 'NONE',  ( 9.500000000000000000, 4.721281787984062284, -6.349999999999999645 ) ) ;
#8059 = CARTESIAN_POINT ( 'NONE',  ( 6.049999999999999822, 2.970000000000000195, -4.580000000000003624 ) ) ;
#8060 = PLANE ( 'NONE',  #2594 ) ;
#8061 =( NAMED_UNIT ( * ) PLANE_ANGLE_UNIT ( ) SI_UNIT ( $, .RADIAN. ) );
#8062 = DIRECTION ( 'NONE',  ( 0.000000000000000000, 0.000000000000000000, 1.000000000000000000 ) ) ;
#8063 = ORIENTED_EDGE ( 'NONE', *, *, #6139, .T. ) ;
#8064 = DIRECTION ( 'NONE',  ( -1.000000000000000000, 0.000000000000000000, 0.000000000000000000 ) ) ;
#8065 = EDGE_LOOP ( 'NONE', ( #1344, #5839 ) ) ;
#8066 = ADVANCED_FACE ( 'NONE', ( #9876 ), #1826, .T. ) ;
#8067 = VERTEX_POINT ( 'NONE', #8200 ) ;
#8068 = AXIS2_PLACEMENT_3D ( 'NONE', #5002, #7398, #4256 ) ;
#8069 = ADVANCED_FACE ( 'NONE', ( #7325, #4283 ), #7527, .F. ) ;
#8070 = LINE ( 'NONE', #8854, #3510 ) ;
#8071 = DIRECTION ( 'NONE',  ( -0.000000000000000000, -1.000000000000000000, -0.000000000000000000 ) ) ;
#8072 = VECTOR ( 'NONE', #6227, 1000.000000000000000 ) ;
#8073 = CARTESIAN_POINT ( 'NONE',  ( 0.000000000000000000, 1.600000000000000089, 7.150000000000003020 ) ) ;
#8074 = CARTESIAN_POINT ( 'NONE',  ( 1.240000000000001545, 1.600000000000000089, -9.690000000000001279 ) ) ;
#8075 = ORIENTED_EDGE ( 'NONE', *, *, #6813, .T. ) ;
#8076 = ORIENTED_EDGE ( 'NONE', *, *, #5603, .T. ) ;
#8077 = VERTEX_POINT ( 'NONE', #9920 ) ;
#8078 = EDGE_CURVE ( 'NONE', #8533, #491, #8249, .T. ) ;
#8079 = ORIENTED_EDGE ( 'NONE', *, *, #6844, .T. ) ;
#8080 = ADVANCED_FACE ( 'NONE', ( #1147 ), #8098, .F. ) ;
#8081 = CARTESIAN_POINT ( 'NONE',  ( 2.399999999999999467, 1.750000000000000000, -8.409999999999996589 ) ) ;
#8082 = DIRECTION ( 'NONE',  ( 0.000000000000000000, 0.000000000000000000, 1.000000000000000000 ) ) ;
#8083 = LINE ( 'NONE', #6389, #8216 ) ;
#8084 = LINE ( 'NONE', #8867, #2632 ) ;
#8085 = FACE_OUTER_BOUND ( 'NONE', #8336, .T. ) ;
#8086 = EDGE_CURVE ( 'NONE', #1743, #102, #3355, .T. ) ;
#8087 = ORIENTED_EDGE ( 'NONE', *, *, #5077, .T. ) ;
#8088 = DIRECTION ( 'NONE',  ( 0.000000000000000000, 0.000000000000000000, -1.000000000000000000 ) ) ;
#8089 = EDGE_LOOP ( 'NONE', ( #5247, #6071, #7615, #5863 ) ) ;
#8090 = VERTEX_POINT ( 'NONE', #1043 ) ;
#8091 = CIRCLE ( 'NONE', #7618, 0.8000000000000012657 ) ;
#8092 = DIRECTION ( 'NONE',  ( 1.000000000000000000, 0.000000000000000000, -0.000000000000000000 ) ) ;
#8093 = AXIS2_PLACEMENT_3D ( 'NONE', #7379, #9136, #5883 ) ;
#8094 = CARTESIAN_POINT ( 'NONE',  ( 3.219999999999999751, 1.750000000000000000, -9.479999999999995097 ) ) ;
#8095 = ORIENTED_EDGE ( 'NONE', *, *, #4304, .T. ) ;
#8096 = VERTEX_POINT ( 'NONE', #937 ) ;
#8097 = ORIENTED_EDGE ( 'NONE', *, *, #8188, .F. ) ;
#8098 = PLANE ( 'NONE',  #5021 ) ;
#8099 = VECTOR ( 'NONE', #1398, 1000.000000000000000 ) ;
#8100 = FACE_OUTER_BOUND ( 'NONE', #5500, .T. ) ;
#8101 = LINE ( 'NONE', #3247, #6824 ) ;
#8102 = CARTESIAN_POINT ( 'NONE',  ( 0.000000000000000000, 3.069999999999999840, -5.279999999999999361 ) ) ;
#8103 = PRESENTATION_STYLE_ASSIGNMENT (( #3455 ) ) ;
#8104 = DIRECTION ( 'NONE',  ( 0.000000000000000000, 1.000000000000000000, -0.000000000000000000 ) ) ;
#8105 = CARTESIAN_POINT ( 'NONE',  ( -7.619999999999869544, 1.600000000000000089, 3.810000000000000941 ) ) ;
#8106 = DIRECTION ( 'NONE',  ( 1.000000000000000000, -0.000000000000000000, 0.000000000000000000 ) ) ;
#8107 = DIRECTION ( 'NONE',  ( -1.000000000000000000, 0.000000000000000000, 1.186541365237213826E-16 ) ) ;
#8108 = EDGE_LOOP ( 'NONE', ( #4584, #5043, #7732, #1274 ) ) ;
#8109 = DIRECTION ( 'NONE',  ( -0.000000000000000000, -1.000000000000000000, -0.000000000000000000 ) ) ;
#8110 = ORIENTED_EDGE ( 'NONE', *, *, #3552, .F. ) ;
#8111 = EDGE_LOOP ( 'NONE', ( #3427, #399 ) ) ;
#8112 = CIRCLE ( 'NONE', #3084, 0.2999999999999999334 ) ;
#8113 = EDGE_LOOP ( 'NONE', ( #8153, #7485, #5512, #555 ) ) ;
#8114 = DIRECTION ( 'NONE',  ( -0.000000000000000000, -1.000000000000000000, -0.000000000000000000 ) ) ;
#8115 = FACE_OUTER_BOUND ( 'NONE', #8903, .T. ) ;
#8116 = LINE ( 'NONE', #8899, #7486 ) ;
#8117 = CARTESIAN_POINT ( 'NONE',  ( -6.049999999999999822, 3.270000000000000018, 9.340000000000008740 ) ) ;
#8118 = ORIENTED_EDGE ( 'NONE', *, *, #3916, .F. ) ;
#8119 = ORIENTED_EDGE ( 'NONE', *, *, #8145, .T. ) ;
#8120 = ADVANCED_FACE ( 'NONE', ( #6559 ), #5031, .F. ) ;
#8121 = ORIENTED_EDGE ( 'NONE', *, *, #4750, .F. ) ;
#8122 = AXIS2_PLACEMENT_3D ( 'NONE', #10055, #652, #10001 ) ;
#8123 = VERTEX_POINT ( 'NONE', #2671 ) ;
#8124 = CONICAL_SURFACE ( 'NONE', #3462, 0.9499999999999995115, 0.7853981633974569387 ) ;
#8125 = LINE ( 'NONE', #9005, #5679 ) ;
#8126 = AXIS2_PLACEMENT_3D ( 'NONE', #1549, #6541, #4739 ) ;
#8127 = DIRECTION ( 'NONE',  ( -1.000000000000000000, 0.000000000000000000, 1.186541365237213826E-16 ) ) ;
#8128 = EDGE_CURVE ( 'NONE', #2201, #1777, #5078, .T. ) ;
#8129 = EDGE_CURVE ( 'NONE', #8096, #3757, #2923, .T. ) ;
#8130 = CIRCLE ( 'NONE', #1617, 0.5080000000000002292 ) ;
#8131 = DIRECTION ( 'NONE',  ( -9.227252531791528105E-16, 0.000000000000000000, -1.000000000000000000 ) ) ;
#8132 = LINE ( 'NONE', #8958, #6003 ) ;
#8133 = EDGE_CURVE ( 'NONE', #5639, #45, #624, .T. ) ;
#8134 = AXIS2_PLACEMENT_3D ( 'NONE', #1417, #7032, #4616 ) ;
#8135 = AXIS2_PLACEMENT_3D ( 'NONE', #7412, #2862, #338 ) ;
#8136 = EDGE_LOOP ( 'NONE', ( #477, #1664, #1649, #5587 ) ) ;
#8137 = CYLINDRICAL_SURFACE ( 'NONE', #8670, 0.8000000000000003775 ) ;
#8138 = ORIENTED_EDGE ( 'NONE', *, *, #10256, .F. ) ;
#8139 = VERTEX_POINT ( 'NONE', #1251 ) ;
#8140 = CIRCLE ( 'NONE', #629, 0.8000000000000012657 ) ;
#8141 = AXIS2_PLACEMENT_3D ( 'NONE', #367, #9151, #7493 ) ;
#8142 = DIRECTION ( 'NONE',  ( -0.000000000000000000, -1.000000000000000000, -0.000000000000000000 ) ) ;
#8143 = CONICAL_SURFACE ( 'NONE', #464, 0.9499999999999995115, 0.7853981633974569387 ) ;
#8144 = AXIS2_PLACEMENT_3D ( 'NONE', #10287, #3181, #3123 ) ;
#8145 = EDGE_CURVE ( 'NONE', #6735, #1807, #1980, .T. ) ;
#8146 = CARTESIAN_POINT ( 'NONE',  ( -9.499999999999996447, 1.600000000000000089, -0.4699999999999986411 ) ) ;
#8147 = DIRECTION ( 'NONE',  ( 0.000000000000000000, 0.000000000000000000, 1.000000000000000000 ) ) ;
#8148 = AXIS2_PLACEMENT_3D ( 'NONE', #5709, #1273, #5219 ) ;
#8149 = EDGE_CURVE ( 'NONE', #5637, #4512, #9240, .T. ) ;
#8150 = CARTESIAN_POINT ( 'NONE',  ( 7.620000000000007212, 0.000000000000000000, -9.397999999999999687 ) ) ;
#8151 = EDGE_LOOP ( 'NONE', ( #8721, #5456, #8334, #979, #314, #2104 ) ) ;
#8152 = ORIENTED_EDGE ( 'NONE', *, *, #6453, .F. ) ;
#8153 = ORIENTED_EDGE ( 'NONE', *, *, #2984, .F. ) ;
#8154 = CIRCLE ( 'NONE', #4657, 0.8000000000000012657 ) ;
#8155 = DIRECTION ( 'NONE',  ( 1.000000000000000000, -0.000000000000000000, 0.000000000000000000 ) ) ;
#8156 = VECTOR ( 'NONE', #8064, 1000.000000000000000 ) ;
#8157 = ADVANCED_FACE ( 'NONE', ( #8363 ), #568, .F. ) ;
#8158 = LINE ( 'NONE', #8881, #4985 ) ;
#8159 = LINE ( 'NONE', #999, #2755 ) ;
#8160 = SURFACE_STYLE_FILL_AREA ( #7380 ) ;
#8161 = PLANE ( 'NONE',  #1249 ) ;
#8162 = CIRCLE ( 'NONE', #2823, 0.5080000000000002292 ) ;
#8163 = DIRECTION ( 'NONE',  ( 0.000000000000000000, 0.000000000000000000, 1.000000000000000000 ) ) ;
#8164 = LINE ( 'NONE', #6608, #3451 ) ;
#8165 = DIRECTION ( 'NONE',  ( 0.000000000000000000, 0.000000000000000000, -1.000000000000000000 ) ) ;
#8166 = ORIENTED_EDGE ( 'NONE', *, *, #5871, .T. ) ;
#8167 = VECTOR ( 'NONE', #5492, 1000.000000000000000 ) ;
#8168 = CARTESIAN_POINT ( 'NONE',  ( -9.500000000000000000, 0.000000000000000000, 0.000000000000000000 ) ) ;
#8169 = ORIENTED_EDGE ( 'NONE', *, *, #2636, .F. ) ;
#8170 = VERTEX_POINT ( 'NONE', #1200 ) ;
#8171 = CARTESIAN_POINT ( 'NONE',  ( -7.620000000000000107, 1.600000000000000089, 8.090000000000003411 ) ) ;
#8172 = VECTOR ( 'NONE', #2347, 1000.000000000000000 ) ;
#8173 = EDGE_CURVE ( 'NONE', #3643, #3534, #4393, .T. ) ;
#8174 = CARTESIAN_POINT ( 'NONE',  ( -9.500000000000000000, 1.599999999999999867, 8.382000000000001450 ) ) ;
#8175 = CYLINDRICAL_SURFACE ( 'NONE', #2815, 0.2000000000000005107 ) ;
#8176 = CARTESIAN_POINT ( 'NONE',  ( 0.000000000000000000, 3.069999999999999840, -4.580000000000003624 ) ) ;
#8177 = VERTEX_POINT ( 'NONE', #7018 ) ;
#8178 = VECTOR ( 'NONE', #4064, 1000.000000000000000 ) ;
#8179 = ORIENTED_EDGE ( 'NONE', *, *, #6200, .T. ) ;
#8180 = VERTEX_POINT ( 'NONE', #2082 ) ;
#8181 = CARTESIAN_POINT ( 'NONE',  ( 7.620000000000000107, 1.600000000000000089, 8.090000000000003411 ) ) ;
#8182 = CARTESIAN_POINT ( 'NONE',  ( -9.499999999999893419, 1.599999999999999867, 1.270000000000000240 ) ) ;
#8183 = CARTESIAN_POINT ( 'NONE',  ( 7.620000000000000107, 1.599999999999999867, 3.010000000000002451 ) ) ;
#8184 = ORIENTED_EDGE ( 'NONE', *, *, #5430, .T. ) ;
#8185 = VERTEX_POINT ( 'NONE', #402 ) ;
#8187 = PLANE ( 'NONE',  #3330 ) ;
#8186 = AXIS2_PLACEMENT_3D ( 'NONE', #7583, #7640, #3720 ) ;
#8188 = EDGE_CURVE ( 'NONE', #7231, #5750, #4440, .T. ) ;
#8189 = ORIENTED_EDGE ( 'NONE', *, *, #1737, .T. ) ;
#8190 = VERTEX_POINT ( 'NONE', #5301 ) ;
#8191 = EDGE_CURVE ( 'NONE', #1211, #3465, #4501, .T. ) ;
#8192 = EDGE_CURVE ( 'NONE', #4593, #9028, #4546, .T. ) ;
#8193 = CARTESIAN_POINT ( 'NONE',  ( 1.649371390057740323E-14, 0.000000000000000000, 7.150000000000019895 ) ) ;
#8194 = DIRECTION ( 'NONE',  ( -0.000000000000000000, 0.000000000000000000, -1.000000000000000000 ) ) ;
#8195 = FACE_OUTER_BOUND ( 'NONE', #3677, .T. ) ;
#8196 = EDGE_LOOP ( 'NONE', ( #3006, #711, #9444, #9317 ) ) ;
#8197 = ORIENTED_EDGE ( 'NONE', *, *, #7621, .T. ) ;
#8198 = ORIENTED_EDGE ( 'NONE', *, *, #9788, .T. ) ;
#8199 = EDGE_CURVE ( 'NONE', #4058, #9017, #6804, .T. ) ;
#8200 = CARTESIAN_POINT ( 'NONE',  ( 7.620000000000000107, 1.599999999999999867, 5.550000000000003375 ) ) ;
#8201 = ADVANCED_FACE ( 'NONE', ( #7687 ), #3819, .T. ) ;
#8202 = CARTESIAN_POINT ( 'NONE',  ( 9.500000000000000000, 0.000000000000000000, -9.397999999999996135 ) ) ;
#8203 = DIRECTION ( 'NONE',  ( 0.000000000000000000, 0.000000000000000000, 1.000000000000000000 ) ) ;
#8204 = CARTESIAN_POINT ( 'NONE',  ( 9.500000000000003553, 0.000000000000000000, 0.000000000000000000 ) ) ;
#8205 = LINE ( 'NONE', #5036, #9466 ) ;
#8206 = DIRECTION ( 'NONE',  ( 0.000000000000000000, 1.000000000000000000, -0.000000000000000000 ) ) ;
#8207 = CARTESIAN_POINT ( 'NONE',  ( 9.500000000000003553, 1.600000000000000089, 0.000000000000000000 ) ) ;
#8208 = CARTESIAN_POINT ( 'NONE',  ( 7.620000000000192841, 1.600000000000000089, 8.890000000000000568 ) ) ;
#8209 = DIRECTION ( 'NONE',  ( -0.000000000000000000, -1.000000000000000000, -0.000000000000000000 ) ) ;
#8210 = DIRECTION ( 'NONE',  ( 0.000000000000000000, 1.000000000000000000, -0.000000000000000000 ) ) ;
#8211 = ORIENTED_EDGE ( 'NONE', *, *, #5190, .F. ) ;
#8212 = EDGE_LOOP ( 'NONE', ( #7373, #7849, #5735, #6907 ) ) ;
#8213 = EDGE_CURVE ( 'NONE', #9524, #4324, #2517, .T. ) ;
#8214 = CARTESIAN_POINT ( 'NONE',  ( 2.682362310991804252E-14, 0.000000000000000000, 9.690000000000024372 ) ) ;
#8215 = COLOUR_RGB ( '',0.7921568627450980005, 0.8196078431372548767, 0.9333333333333333481 ) ;
#8216 = VECTOR ( 'NONE', #8667, 1000.000000000000000 ) ;
#8217 = CARTESIAN_POINT ( 'NONE',  ( -7.619999999999894413, 0.000000000000000000, 1.270000000000000240 ) ) ;
#8218 = PLANE ( 'NONE',  #9306 ) ;
#8219 = LINE ( 'NONE', #9780, #2150 ) ;
#8220 = CARTESIAN_POINT ( 'NONE',  ( 9.500000000000000000, 0.000000000000000000, 3.010000000000002451 ) ) ;
#8221 = FACE_OUTER_BOUND ( 'NONE', #256, .T. ) ;
#8222 = VECTOR ( 'NONE', #9427, 1000.000000000000000 ) ;
#8223 = ORIENTED_EDGE ( 'NONE', *, *, #2886, .T. ) ;
#8224 = ORIENTED_EDGE ( 'NONE', *, *, #9212, .T. ) ;
#8225 = ADVANCED_FACE ( 'NONE', ( #465 ), #2824, .F. ) ;
#8226 = CARTESIAN_POINT ( 'NONE',  ( 1.240000000000003100, 3.270000000000000018, -1.694635328422725488E-16 ) ) ;
#8227 = AXIS2_PLACEMENT_3D ( 'NONE', #1847, #5099, #5051 ) ;
#8228 = LINE ( 'NONE', #7605, #6821 ) ;
#8229 = CARTESIAN_POINT ( 'NONE',  ( 2.900000000000000799, 2.100000000000000089, -6.939999999999995950 ) ) ;
#8230 = LINE ( 'NONE', #1182, #10245 ) ;
#8231 = CARTESIAN_POINT ( 'NONE',  ( 9.500000000000000000, 4.721281787984062284, -5.549999999999998934 ) ) ;
#8232 = EDGE_LOOP ( 'NONE', ( #8275, #6096, #7612, #6683 ) ) ;
#8233 = VERTEX_POINT ( 'NONE', #7631 ) ;
#8234 = ORIENTED_EDGE ( 'NONE', *, *, #4386, .T. ) ;
#8235 = CARTESIAN_POINT ( 'NONE',  ( 9.500000000000000000, 4.721281787984062284, 7.149999999999998579 ) ) ;
#8236 = EDGE_LOOP ( 'NONE', ( #221, #7848, #8387, #10002 ) ) ;
#8237 = ORIENTED_EDGE ( 'NONE', *, *, #6691, .T. ) ;
#8238 = DIRECTION ( 'NONE',  ( 0.000000000000000000, 0.000000000000000000, -1.000000000000000000 ) ) ;
#8239 = FACE_BOUND ( 'NONE', #5625, .T. ) ;
#8240 = DIRECTION ( 'NONE',  ( 0.000000000000000000, 0.7071067811865452413, 0.7071067811865497932 ) ) ;
#8241 = CARTESIAN_POINT ( 'NONE',  ( 7.620000000000000107, 4.721281787984062284, 2.070000000000002505 ) ) ;
#8242 = EDGE_CURVE ( 'NONE', #738, #2753, #6136, .T. ) ;
#8243 = ORIENTED_EDGE ( 'NONE', *, *, #1450, .T. ) ;
#8244 = CARTESIAN_POINT ( 'NONE',  ( 0.000000000000000000, 1.599999999999999867, -4.610000000000000320 ) ) ;
#8245 = ORIENTED_EDGE ( 'NONE', *, *, #8025, .F. ) ;
#8246 = ORIENTED_EDGE ( 'NONE', *, *, #6553, .F. ) ;
#8247 = EDGE_CURVE ( 'NONE', #5812, #7672, #3713, .T. ) ;
#8248 = ORIENTED_EDGE ( 'NONE', *, *, #7547, .T. ) ;
#8249 = LINE ( 'NONE', #4132, #154 ) ;
#8250 = EDGE_CURVE ( 'NONE', #1532, #10237, #6911, .T. ) ;
#8252 = CARTESIAN_POINT ( 'NONE',  ( 7.620000000000188400, 4.721281787984062284, 9.398000000000008569 ) ) ;
#8251 = AXIS2_PLACEMENT_3D ( 'NONE', #5216, #9157, #4255 ) ;
#8253 = EDGE_CURVE ( 'NONE', #1688, #3801, #2138, .T. ) ;
#8254 = FILL_AREA_STYLE ('',( #7424 ) ) ;
#8255 = LINE ( 'NONE', #1152, #10306 ) ;
#8256 = DIRECTION ( 'NONE',  ( 0.000000000000000000, 0.000000000000000000, 1.000000000000000000 ) ) ;
#8257 =( LENGTH_UNIT ( ) NAMED_UNIT ( * ) SI_UNIT ( .MILLI., .METRE. ) );
#8258 = DIRECTION ( 'NONE',  ( -0.000000000000000000, -1.000000000000000000, -0.000000000000000000 ) ) ;
#8259 = CARTESIAN_POINT ( 'NONE',  ( 1.939999999999998836, 3.270000000000000018, -2.651284304145224122E-16 ) ) ;
#8260 = DIRECTION ( 'NONE',  ( -0.000000000000000000, -1.000000000000000000, -0.000000000000000000 ) ) ;
#8261 = ORIENTED_EDGE ( 'NONE', *, *, #1492, .F. ) ;
#8262 = EDGE_CURVE ( 'NONE', #8642, #9199, #9501, .T. ) ;
#8263 = ORIENTED_EDGE ( 'NONE', *, *, #487, .T. ) ;
#8264 = ORIENTED_EDGE ( 'NONE', *, *, #4522, .F. ) ;
#8265 = VECTOR ( 'NONE', #1830, 1000.000000000000000 ) ;
#8266 = CARTESIAN_POINT ( 'NONE',  ( 9.500000000000000000, 0.000000000000000000, 7.149999999999998579 ) ) ;
#8267 = AXIS2_PLACEMENT_3D ( 'NONE', #6205, #10144, #7739 ) ;
#8268 = CARTESIAN_POINT ( 'NONE',  ( 1.240000000000001545, 1.600000000000000755, -9.690000000000001279 ) ) ;
#8269 = DIRECTION ( 'NONE',  ( -1.000000000000000000, 0.000000000000000000, 0.000000000000000000 ) ) ;
#8270 = EDGE_CURVE ( 'NONE', #3482, #2562, #5711, .T. ) ;
#8271 = CARTESIAN_POINT ( 'NONE',  ( 1.589999999999999636, 2.970000000000000639, -9.340000000000003411 ) ) ;
#8272 = CARTESIAN_POINT ( 'NONE',  ( -9.500000000000000000, 1.599999999999999867, -9.690000000000001279 ) ) ;
#8273 = CARTESIAN_POINT ( 'NONE',  ( 0.000000000000000000, 1.600000000000000089, -0.4699999999999986411 ) ) ;
#8274 = AXIS2_PLACEMENT_3D ( 'NONE', #7415, #988, #5972 ) ;
#8275 = ORIENTED_EDGE ( 'NONE', *, *, #2001, .T. ) ;
#8276 = CARTESIAN_POINT ( 'NONE',  ( 5.239999999999999325, 2.100000000000000089, -9.279999999999992255 ) ) ;
#8277 = VERTEX_POINT ( 'NONE', #6291 ) ;
#8278 = CARTESIAN_POINT ( 'NONE',  ( -7.620000000000000995, 1.599999999999999867, -9.397999999999999687 ) ) ;
#8279 = ADVANCED_FACE ( 'NONE', ( #5657 ), #3131, .F. ) ;
#8280 = DIRECTION ( 'NONE',  ( -0.000000000000000000, 1.000000000000000000, 0.000000000000000000 ) ) ;
#8281 = PLANE ( 'NONE',  #7889 ) ;
#8282 = LINE ( 'NONE', #4265, #8874 ) ;
#8283 = CARTESIAN_POINT ( 'NONE',  ( 7.620000000000057838, 0.000000000000000000, -3.809999999999999165 ) ) ;
#8284 = ORIENTED_EDGE ( 'NONE', *, *, #1246, .F. ) ;
#8285 = ORIENTED_EDGE ( 'NONE', *, *, #683, .T. ) ;
#8286 = ORIENTED_EDGE ( 'NONE', *, *, #3596, .T. ) ;
#8287 = CARTESIAN_POINT ( 'NONE',  ( -7.619999999999819806, 0.000000000000000000, 9.398000000000003240 ) ) ;
#8288 = CIRCLE ( 'NONE', #4455, 0.5080000000000023386 ) ;
#8289 = ORIENTED_EDGE ( 'NONE', *, *, #1163, .F. ) ;
#8290 = ORIENTED_EDGE ( 'NONE', *, *, #5472, .F. ) ;
#8291 = AXIS2_PLACEMENT_3D ( 'NONE', #3255, #1632, #7280 ) ;
#8292 = DIRECTION ( 'NONE',  ( 1.000000000000000000, -0.000000000000000000, 0.000000000000000000 ) ) ;
#8293 = PRESENTATION_LAYER_ASSIGNMENT (  '', '', ( #6158 ) ) ;
#8294 = FACE_OUTER_BOUND ( 'NONE', #8151, .T. ) ;
#8295 = DIRECTION ( 'NONE',  ( -1.000000000000000000, 0.000000000000000000, -0.000000000000000000 ) ) ;
#8296 = VECTOR ( 'NONE', #7160, 1000.000000000000000 ) ;
#8297 = ORIENTED_EDGE ( 'NONE', *, *, #10275, .T. ) ;
#8298 = DIRECTION ( 'NONE',  ( -1.000000000000000000, 0.000000000000000000, 0.000000000000000000 ) ) ;
#8299 = VECTOR ( 'NONE', #3683, 1000.000000000000000 ) ;
#8300 = ORIENTED_EDGE ( 'NONE', *, *, #1873, .T. ) ;
#8301 = VERTEX_POINT ( 'NONE', #3237 ) ;
#8302 = EDGE_LOOP ( 'NONE', ( #90, #2489, #6440, #8020 ) ) ;
#8303 = VECTOR ( 'NONE', #5373, 1000.000000000000000 ) ;
#8304 = DIRECTION ( 'NONE',  ( 0.000000000000000000, 1.000000000000000000, -0.000000000000000000 ) ) ;
#8305 = VECTOR ( 'NONE', #1443, 1000.000000000000000 ) ;
#8306 = AXIS2_PLACEMENT_3D ( 'NONE', #2433, #3274, #8814 ) ;
#8307 = VECTOR ( 'NONE', #4039, 1000.000000000000000 ) ;
#8308 = EDGE_CURVE ( 'NONE', #2212, #4682, #3869, .T. ) ;
#8309 = CARTESIAN_POINT ( 'NONE',  ( -9.500000000000000000, 1.599999999999999867, -5.549999999999998934 ) ) ;
#8310 = DIRECTION ( 'NONE',  ( 0.000000000000000000, -1.000000000000000000, 0.000000000000000000 ) ) ;
#8311 = DIRECTION ( 'NONE',  ( -0.000000000000000000, -1.000000000000000000, -0.000000000000000000 ) ) ;
#8312 = CARTESIAN_POINT ( 'NONE',  ( 5.239999999999999325, 2.100000000000000089, -7.139999999999997016 ) ) ;
#8313 =( NAMED_UNIT ( * ) SI_UNIT ( $, .STERADIAN. ) SOLID_ANGLE_UNIT ( ) );
#8314 = CARTESIAN_POINT ( 'NONE',  ( -6.349999999999999645, 1.600000000000000089, 9.340000000000008740 ) ) ;
#8315 = AXIS2_PLACEMENT_3D ( 'NONE', #6871, #10041, #2880 ) ;
#8316 = SURFACE_STYLE_USAGE ( .BOTH. , #1100 ) ;
#8317 = CARTESIAN_POINT ( 'NONE',  ( 6.050000000000001599, 2.970000000000000195, 9.340000000000006963 ) ) ;
#8318 = VERTEX_POINT ( 'NONE', #9597 ) ;
#8319 = CIRCLE ( 'NONE', #5173, 0.5079999999999971205 ) ;
#8320 = ORIENTED_EDGE ( 'NONE', *, *, #7759, .T. ) ;
#8321 = ORIENTED_EDGE ( 'NONE', *, *, #2112, .T. ) ;
#8322 = EDGE_CURVE ( 'NONE', #667, #8951, #6244, .T. ) ;
#8323 = CARTESIAN_POINT ( 'NONE',  ( -9.499999999999996447, 0.000000000000000000, -10.99999999999999645 ) ) ;
#8324 = EDGE_CURVE ( 'NONE', #340, #1532, #8045, .T. ) ;
#8325 = CARTESIAN_POINT ( 'NONE',  ( 3.969999999999999751, 3.000000000000000000, -9.059999999999995168 ) ) ;
#8326 = ADVANCED_FACE ( 'NONE', ( #5556 ), #7937, .T. ) ;
#8327 = CARTESIAN_POINT ( 'NONE',  ( 7.620000000000188400, 1.599999999999999867, 8.381999999999999673 ) ) ;
#8328 = VECTOR ( 'NONE', #3953, 1000.000000000000000 ) ;
#8329 = DIRECTION ( 'NONE',  ( 0.000000000000000000, 1.000000000000000000, 0.000000000000000000 ) ) ;
#8330 = CIRCLE ( 'NONE', #3655, 0.5080000000000062244 ) ;
#8331 = CARTESIAN_POINT ( 'NONE',  ( 7.620000000000032969, 0.000000000000000000, -6.349999999999999645 ) ) ;
#8332 = DIRECTION ( 'NONE',  ( 0.000000000000000000, 0.000000000000000000, -1.000000000000000000 ) ) ;
#8333 = FACE_OUTER_BOUND ( 'NONE', #6474, .T. ) ;
#8334 = ORIENTED_EDGE ( 'NONE', *, *, #2208, .T. ) ;
#8335 = CARTESIAN_POINT ( 'NONE',  ( 0.000000000000000000, 1.600000000000000089, 0.000000000000000000 ) ) ;
#8336 = EDGE_LOOP ( 'NONE', ( #8373, #2585, #2945, #480 ) ) ;
#8337 = VECTOR ( 'NONE', #9372, 1000.000000000000000 ) ;
#8338 = EDGE_CURVE ( 'NONE', #10319, #7117, #2236, .T. ) ;
#8339 = DIRECTION ( 'NONE',  ( 0.000000000000000000, 0.000000000000000000, -1.000000000000000000 ) ) ;
#8340 = DIRECTION ( 'NONE',  ( 0.000000000000000000, 0.000000000000000000, 1.000000000000000000 ) ) ;
#8341 = EDGE_CURVE ( 'NONE', #388, #334, #5026, .T. ) ;
#8342 = AXIS2_PLACEMENT_3D ( 'NONE', #8926, #8304, #1722 ) ;
#8343 = FACE_OUTER_BOUND ( 'NONE', #4758, .T. ) ;
#8344 = DIRECTION ( 'NONE',  ( 0.000000000000000000, 0.000000000000000000, 1.000000000000000000 ) ) ;
#8345 = PRESENTATION_LAYER_ASSIGNMENT (  '', '', ( #1332 ) ) ;
#8346 = DIRECTION ( 'NONE',  ( 0.000000000000000000, -0.000000000000000000, -1.000000000000000000 ) ) ;
#8347 = ORIENTED_EDGE ( 'NONE', *, *, #6730, .F. ) ;
#8348 = VERTEX_POINT ( 'NONE', #7212 ) ;
#8349 = VERTEX_POINT ( 'NONE', #7162 ) ;
#8350 = ORIENTED_EDGE ( 'NONE', *, *, #8129, .F. ) ;
#8351 = EDGE_CURVE ( 'NONE', #3156, #8477, #3967, .T. ) ;
#8352 = COLOUR_RGB ( '',1.000000000000000000, 0.8117647058823529438, 0.5019607843137254832 ) ;
#8353 = DIRECTION ( 'NONE',  ( -0.000000000000000000, -1.000000000000000000, -0.000000000000000000 ) ) ;
#8354 = DIRECTION ( 'NONE',  ( -0.000000000000000000, -1.000000000000000000, -0.000000000000000000 ) ) ;
#8355 = DIRECTION ( 'NONE',  ( -0.000000000000000000, -1.000000000000000000, -0.000000000000000000 ) ) ;
#8356 = DIRECTION ( 'NONE',  ( 0.000000000000000000, 1.000000000000000000, -0.000000000000000000 ) ) ;
#8357 = VERTEX_POINT ( 'NONE', #728 ) ;
#8358 = STYLED_ITEM ( 'NONE', ( #3613 ), #8523 ) ;
#8359 = CARTESIAN_POINT ( 'NONE',  ( -7.619999999999922835, 4.721281787984062284, -1.269999999999998463 ) ) ;
#8360 = ORIENTED_EDGE ( 'NONE', *, *, #5560, .T. ) ;
#8361 = VERTEX_POINT ( 'NONE', #8722 ) ;
#8362 = ADVANCED_FACE ( 'NONE', ( #8824 ), #8677, .T. ) ;
#8363 = FACE_OUTER_BOUND ( 'NONE', #68, .T. ) ;
#8364 = DIRECTION ( 'NONE',  ( -0.000000000000000000, 0.000000000000000000, 1.000000000000000000 ) ) ;
#8365 = CARTESIAN_POINT ( 'NONE',  ( 2.900000000000000799, 2.100000000000000089, -6.939999999999995950 ) ) ;
#8366 = DIRECTION ( 'NONE',  ( -0.000000000000000000, -1.000000000000000000, -0.000000000000000000 ) ) ;
#8367 = FACE_BOUND ( 'NONE', #8520, .T. ) ;
#8368 =( NAMED_UNIT ( * ) SI_UNIT ( $, .STERADIAN. ) SOLID_ANGLE_UNIT ( ) );
#8369 = PLANE ( 'NONE',  #2484 ) ;
#8370 = DIRECTION ( 'NONE',  ( 0.000000000000000000, -0.000000000000000000, 1.000000000000000000 ) ) ;
#8371 = ORIENTED_EDGE ( 'NONE', *, *, #1525, .F. ) ;
#8372 = ORIENTED_EDGE ( 'NONE', *, *, #7109, .F. ) ;
#8373 = ORIENTED_EDGE ( 'NONE', *, *, #5276, .T. ) ;
#8374 = ORIENTED_EDGE ( 'NONE', *, *, #5425, .F. ) ;
#8375 = DIRECTION ( 'NONE',  ( 0.000000000000000000, 0.000000000000000000, 1.000000000000000000 ) ) ;
#8376 = DIRECTION ( 'NONE',  ( 0.000000000000000000, 0.000000000000000000, -1.000000000000000000 ) ) ;
#8377 = PLANE ( 'NONE',  #2631 ) ;
#8378 = CARTESIAN_POINT ( 'NONE',  ( 0.000000000000000000, 1.600000000000000089, 2.070000000000002505 ) ) ;
#8379 = DIRECTION ( 'NONE',  ( 0.000000000000000000, 0.000000000000000000, 1.000000000000000000 ) ) ;
#8380 = CARTESIAN_POINT ( 'NONE',  ( 7.620000000000140439, 0.000000000000000000, 3.810000000000000941 ) ) ;
#8381 = FACE_OUTER_BOUND ( 'NONE', #9089, .T. ) ;
#8382 = ADVANCED_FACE ( 'NONE', ( #1452 ), #2286, .T. ) ;
#8383 = MANIFOLD_SOLID_BREP ( 'Boss-Extrude7[5]', #2276 ) ;
#8384 = ORIENTED_EDGE ( 'NONE', *, *, #4116, .F. ) ;
#8385 = CARTESIAN_POINT ( 'NONE',  ( 0.000000000000000000, 0.000000000000000000, -4.609999999999998543 ) ) ;
#8386 = AXIS2_PLACEMENT_3D ( 'NONE', #381, #3586, #6783 ) ;
#8387 = ORIENTED_EDGE ( 'NONE', *, *, #4706, .T. ) ;
#8388 = EDGE_CURVE ( 'NONE', #4622, #5171, #5504, .T. ) ;
#8389 = DIRECTION ( 'NONE',  ( 1.000000000000000000, -0.000000000000000000, -2.768175759537458431E-15 ) ) ;
#8390 = PLANE ( 'NONE',  #6495 ) ;
#8391 = CARTESIAN_POINT ( 'NONE',  ( 0.000000000000000000, 0.000000000000000000, -3.009999999999998010 ) ) ;
#8392 = VECTOR ( 'NONE', #7984, 1000.000000000000000 ) ;
#8393 = DIRECTION ( 'NONE',  ( -1.000000000000000000, 0.000000000000000000, 0.000000000000000000 ) ) ;
#8394 = DIRECTION ( 'NONE',  ( 0.000000000000000000, 1.000000000000000000, 0.000000000000000000 ) ) ;
#8395 = CARTESIAN_POINT ( 'NONE',  ( -9.500000000000000000, 0.000000000000000000, 0.000000000000000000 ) ) ;
#8396 = EDGE_CURVE ( 'NONE', #373, #4221, #4178, .T. ) ;
#8397 = CARTESIAN_POINT ( 'NONE',  ( 9.500000000000000000, 0.000000000000000000, 9.397999999999999687 ) ) ;
#8398 = VERTEX_POINT ( 'NONE', #9705 ) ;
#8399 = VERTEX_POINT ( 'NONE', #292 ) ;
#8400 = ORIENTED_EDGE ( 'NONE', *, *, #5314, .F. ) ;
#8401 = EDGE_CURVE ( 'NONE', #1734, #1018, #1760, .T. ) ;
#8402 = DIRECTION ( 'NONE',  ( -0.000000000000000000, -1.000000000000000000, -0.000000000000000000 ) ) ;
#8403 = ORIENTED_EDGE ( 'NONE', *, *, #43, .F. ) ;
#8404 = EDGE_LOOP ( 'NONE', ( #10079, #4426, #5312, #4048, #8384, #3169 ) ) ;
#8405 = VECTOR ( 'NONE', #7656, 1000.000000000000000 ) ;
#8406 = LINE ( 'NONE', #7619, #4490 ) ;
#8407 = CARTESIAN_POINT ( 'NONE',  ( -9.499999999999996447, 0.000000000000000000, -0.000000000000000000 ) ) ;
#8408 = CARTESIAN_POINT ( 'NONE',  ( 9.500000000000000000, 1.599999999999999867, 4.610000000000000320 ) ) ;
#8409 = CARTESIAN_POINT ( 'NONE',  ( 3.969999999999999751, 3.000000000000000000, -7.409999999999993925 ) ) ;
#8410 = SURFACE_STYLE_FILL_AREA ( #10189 ) ;
#8411 = EDGE_CURVE ( 'NONE', #9532, #10335, #138, .T. ) ;
#8412 = AXIS2_PLACEMENT_3D ( 'NONE', #353, #3609, #406 ) ;
#8413 = ORIENTED_EDGE ( 'NONE', *, *, #5791, .F. ) ;
#8414 = DIRECTION ( 'NONE',  ( 0.000000000000000000, 0.000000000000000000, 1.000000000000000000 ) ) ;
#8415 = ORIENTED_EDGE ( 'NONE', *, *, #1614, .T. ) ;
#8416 = VERTEX_POINT ( 'NONE', #9066 ) ;
#8417 = CARTESIAN_POINT ( 'NONE',  ( 0.000000000000000000, 1.600000000000000089, -9.690000000000003055 ) ) ;
#8418 = DIRECTION ( 'NONE',  ( -0.000000000000000000, -1.000000000000000000, -0.000000000000000000 ) ) ;
#8419 = DIRECTION ( 'NONE',  ( -0.000000000000000000, -1.000000000000000000, -0.000000000000000000 ) ) ;
#8420 = ADVANCED_FACE ( 'NONE', ( #3344 ), #4330, .F. ) ;
#8421 = CARTESIAN_POINT ( 'NONE',  ( 7.620000000000000107, 1.600000000000000089, 0.4700000000000016387 ) ) ;
#8422 = CARTESIAN_POINT ( 'NONE',  ( 2.699999999999999289, 1.600000000000000089, -7.139999999999997016 ) ) ;
#8423 = LINE ( 'NONE', #6045, #9429 ) ;
#8424 = CARTESIAN_POINT ( 'NONE',  ( 3.969999999999999751, 2.950000000000000178, -8.209999999999995524 ) ) ;
#8425 = LINE ( 'NONE', #6046, #4315 ) ;
#8426 = ORIENTED_EDGE ( 'NONE', *, *, #7748, .F. ) ;
#8427 = EDGE_LOOP ( 'NONE', ( #6786, #3086, #4414, #5187 ) ) ;
#8428 = EDGE_LOOP ( 'NONE', ( #6381, #900, #2664, #54 ) ) ;
#8429 = VECTOR ( 'NONE', #9941, 1000.000000000000000 ) ;
#8430 = PLANE ( 'NONE',  #803 ) ;
#8431 = CARTESIAN_POINT ( 'NONE',  ( -6.349999999999999645, 29.71055027400083759, -9.490000000000000213 ) ) ;
#8432 = DIRECTION ( 'NONE',  ( 0.000000000000000000, 1.000000000000000000, -0.000000000000000000 ) ) ;
#8433 = DIRECTION ( 'NONE',  ( 0.000000000000000000, 1.000000000000000000, -0.000000000000000000 ) ) ;
#8434 = PLANE ( 'NONE',  #3727 ) ;
#8435 = MANIFOLD_SOLID_BREP ( 'Boss-Extrude7[14]', #1606 ) ;
#8436 = ORIENTED_EDGE ( 'NONE', *, *, #3081, .T. ) ;
#8437 = ORIENTED_EDGE ( 'NONE', *, *, #9584, .F. ) ;
#8438 = VECTOR ( 'NONE', #2567, 1000.000000000000000 ) ;
#8439 = CARTESIAN_POINT ( 'NONE',  ( -6.000000000000002665, 3.069999999999999840, 9.390000000000007674 ) ) ;
#8440 = VERTEX_POINT ( 'NONE', #1032 ) ;
#8441 = VECTOR ( 'NONE', #4488, 1000.000000000000000 ) ;
#8442 = DIRECTION ( 'NONE',  ( 0.000000000000000000, 1.000000000000000000, -0.000000000000000000 ) ) ;
#8443 = CARTESIAN_POINT ( 'NONE',  ( 1.289999999999999591, 3.069999999999999840, -9.340000000000003411 ) ) ;
#8444 = MECHANICAL_DESIGN_GEOMETRIC_PRESENTATION_REPRESENTATION (  '', ( #7108 ), #6131 ) ;
#8445 = DIRECTION ( 'NONE',  ( 0.000000000000000000, 0.000000000000000000, 1.000000000000000000 ) ) ;
#8446 = EDGE_CURVE ( 'NONE', #9316, #1736, #5066, .T. ) ;
#8447 = CARTESIAN_POINT ( 'NONE',  ( 9.500000000000000000, 4.721281787984062284, 0.000000000000000000 ) ) ;
#8448 = PLANE ( 'NONE',  #5161 ) ;
#8449 = ORIENTED_EDGE ( 'NONE', *, *, #3937, .T. ) ;
#8450 = VERTEX_POINT ( 'NONE', #3443 ) ;
#8451 = ORIENTED_EDGE ( 'NONE', *, *, #1376, .F. ) ;
#8452 = ORIENTED_EDGE ( 'NONE', *, *, #10171, .F. ) ;
#8453 = MANIFOLD_SOLID_BREP ( 'Boss-Extrude7[10]', #9109 ) ;
#8454 = CARTESIAN_POINT ( 'NONE',  ( 7.620000000000084484, 1.599999999999999867, -0.7619999999999939044 ) ) ;
#8455 = ADVANCED_FACE ( 'NONE', ( #6662 ), #9673, .F. ) ;
#8456 = EDGE_CURVE ( 'NONE', #1743, #632, #249, .T. ) ;
#8457 = DIRECTION ( 'NONE',  ( -1.000000000000000000, 0.000000000000000000, 0.000000000000000000 ) ) ;
#8458 = DIRECTION ( 'NONE',  ( 0.000000000000000000, 0.000000000000000000, 1.000000000000000000 ) ) ;
#8459 = ADVANCED_FACE ( 'NONE', ( #2524 ), #5731, .F. ) ;
#8460 = DIRECTION ( 'NONE',  ( -0.000000000000000000, -1.000000000000000000, 0.000000000000000000 ) ) ;
#8461 = CARTESIAN_POINT ( 'NONE',  ( 9.500000000000000000, 0.000000000000000000, 0.000000000000000000 ) ) ;
#8462 = ORIENTED_EDGE ( 'NONE', *, *, #909, .F. ) ;
#8463 = CIRCLE ( 'NONE', #2953, 0.8000000000000020428 ) ;
#8464 = ORIENTED_EDGE ( 'NONE', *, *, #559, .F. ) ;
#8465 = ORIENTED_EDGE ( 'NONE', *, *, #420, .T. ) ;
#8466 = CARTESIAN_POINT ( 'NONE',  ( 9.500000000000000000, 4.721281787984062284, -8.382000000000003226 ) ) ;
#8467 = EDGE_CURVE ( 'NONE', #4800, #1648, #4986, .T. ) ;
#8468 = VECTOR ( 'NONE', #6916, 1000.000000000000000 ) ;
#8469 = CIRCLE ( 'NONE', #9630, 0.7999999999999994893 ) ;
#8470 = EDGE_CURVE ( 'NONE', #8170, #102, #9521, .T. ) ;
#8471 = CARTESIAN_POINT ( 'NONE',  ( 0.000000000000000000, 1.600000000000000089, 3.010000000000002451 ) ) ;
#8472 = VECTOR ( 'NONE', #7814, 1000.000000000000000 ) ;
#8473 = CARTESIAN_POINT ( 'NONE',  ( -9.499999999999996447, 0.000000000000000000, -0.4699999999999986411 ) ) ;
#8474 = LINE ( 'NONE', #7693, #6618 ) ;
#8475 = SURFACE_SIDE_STYLE ('',( #4400 ) ) ;
#8476 = CARTESIAN_POINT ( 'NONE',  ( 2.399999999999999467, 1.750000000000000000, -8.009999999999994458 ) ) ;
#8477 = VERTEX_POINT ( 'NONE', #3457 ) ;
#8478 = VECTOR ( 'NONE', #8535, 1000.000000000000000 ) ;
#8479 = VECTOR ( 'NONE', #5445, 1000.000000000000000 ) ;
#8480 = ORIENTED_EDGE ( 'NONE', *, *, #2996, .T. ) ;
#8481 = VERTEX_POINT ( 'NONE', #1098 ) ;
#8482 = EDGE_CURVE ( 'NONE', #2837, #229, #8696, .T. ) ;
#8483 = AXIS2_PLACEMENT_3D ( 'NONE', #6388, #9538, #973 ) ;
#8484 = CONICAL_SURFACE ( 'NONE', #2462, 0.8000000000000012657, 0.7853981633974514986 ) ;
#8485 = PLANE ( 'NONE',  #7982 ) ;
#8486 = CARTESIAN_POINT ( 'NONE',  ( 0.000000000000000000, 1.600000000000000089, -2.069999999999998508 ) ) ;
#8487 =( GEOMETRIC_REPRESENTATION_CONTEXT ( 3 ) GLOBAL_UNCERTAINTY_ASSIGNED_CONTEXT ( ( #3108 ) ) GLOBAL_UNIT_ASSIGNED_CONTEXT ( ( #9675, #4830, #3362 ) ) REPRESENTATION_CONTEXT ( 'NONE', 'WORKASPACE' ) );
#8488 = LINE ( 'NONE', #1323, #7824 ) ;
#8489 = LINE ( 'NONE', #6157, #6302 ) ;
#8490 = DIRECTION ( 'NONE',  ( 1.000000000000000000, -0.000000000000000000, 0.000000000000000000 ) ) ;
#8491 = MANIFOLD_SOLID_BREP ( 'Cut-Extrude1', #4787 ) ;
#8492 = AXIS2_PLACEMENT_3D ( 'NONE', #9945, #9897, #9160 ) ;
#8493 = EDGE_LOOP ( 'NONE', ( #8859, #8452, #692, #3602 ) ) ;
#8494 = ORIENTED_EDGE ( 'NONE', *, *, #8133, .F. ) ;
#8495 = DIRECTION ( 'NONE',  ( 0.000000000000000000, 1.000000000000000000, -0.000000000000000000 ) ) ;
#8496 = ORIENTED_EDGE ( 'NONE', *, *, #7592, .F. ) ;
#8497 = ADVANCED_FACE ( 'NONE', ( #4143 ), #2677, .T. ) ;
#8498 = AXIS2_PLACEMENT_3D ( 'NONE', #114, #2424, #3899 ) ;
#8499 = CARTESIAN_POINT ( 'NONE',  ( -7.619999999999922835, 4.721281787984062284, -1.777999999999998693 ) ) ;
#8500 = AXIS2_PLACEMENT_3D ( 'NONE', #3890, #2211, #5627 ) ;
#8501 = CARTESIAN_POINT ( 'NONE',  ( -7.620000000000000107, 0.000000000000000000, -0.4700000000000012501 ) ) ;
#8502 = LINE ( 'NONE', #6112, #1055 ) ;
#8503 = CARTESIAN_POINT ( 'NONE',  ( -7.620000000000000107, 1.600000000000000089, 0.4700000000000016387 ) ) ;
#8504 = ORIENTED_EDGE ( 'NONE', *, *, #8191, .F. ) ;
#8505 = ORIENTED_EDGE ( 'NONE', *, *, #808, .F. ) ;
#8506 = ORIENTED_EDGE ( 'NONE', *, *, #209, .T. ) ;
#8507 = ORIENTED_EDGE ( 'NONE', *, *, #8672, .F. ) ;
#8508 = MANIFOLD_SOLID_BREP ( 'Boss-Extrude7[16]', #9286 ) ;
#8509 = DIRECTION ( 'NONE',  ( 1.000000000000000000, -0.000000000000000000, 0.000000000000000000 ) ) ;
#8510 = DIRECTION ( 'NONE',  ( 0.000000000000000000, 1.000000000000000000, -0.000000000000000000 ) ) ;
#8511 = AXIS2_PLACEMENT_3D ( 'NONE', #7826, #10229, #4734 ) ;
#8512 = CARTESIAN_POINT ( 'NONE',  ( -9.500000000000000000, 0.000000000000000000, 0.000000000000000000 ) ) ;
#8513 = CARTESIAN_POINT ( 'NONE',  ( -6.505213034913190293E-16, 1.599999999999999867, -0.4700000000000117972 ) ) ;
#8514 = ORIENTED_EDGE ( 'NONE', *, *, #8188, .T. ) ;
#8515 = ADVANCED_FACE ( 'NONE', ( #10145 ), #6565, .T. ) ;
#8516 = ADVANCED_FACE ( 'NONE', ( #523 ), #3769, .F. ) ;
#8517 = ORIENTED_EDGE ( 'NONE', *, *, #6575, .F. ) ;
#8519 = LINE ( 'NONE', #724, #5684 ) ;
#8518 = CIRCLE ( 'NONE', #5371, 0.5079999999999997851 ) ;
#8520 = EDGE_LOOP ( 'NONE', ( #3448, #5336 ) ) ;
#8521 = EDGE_CURVE ( 'NONE', #288, #5194, #5033, .T. ) ;
#8522 = CARTESIAN_POINT ( 'NONE',  ( 0.000000000000000000, 1.599999999999999867, -7.150000000000001243 ) ) ;
#8523 = MANIFOLD_SOLID_BREP ( 'Chamfer1', #5134 ) ;
#8524 = AXIS2_PLACEMENT_3D ( 'NONE', #1863, #8142, #9810 ) ;
#8525 = FACE_OUTER_BOUND ( 'NONE', #827, .T. ) ;
#8526 = DIRECTION ( 'NONE',  ( 0.000000000000000000, 0.000000000000000000, 1.000000000000000000 ) ) ;
#8527 = PLANE ( 'NONE',  #8966 ) ;
#8528 = EDGE_CURVE ( 'NONE', #10364, #3642, #8678, .T. ) ;
#8529 = CARTESIAN_POINT ( 'NONE',  ( -9.499999999999996447, 0.000000000000000000, -7.150000000000001243 ) ) ;
#8530 = EDGE_LOOP ( 'NONE', ( #1102, #9636, #5231, #4973 ) ) ;
#8531 = ORIENTED_EDGE ( 'NONE', *, *, #5232, .T. ) ;
#8532 = EDGE_CURVE ( 'NONE', #1868, #7515, #5306, .T. ) ;
#8533 = VERTEX_POINT ( 'NONE', #1259 ) ;
#8534 = DIRECTION ( 'NONE',  ( 0.000000000000000000, 0.000000000000000000, 1.000000000000000000 ) ) ;
#8535 = DIRECTION ( 'NONE',  ( 0.000000000000000000, 0.000000000000000000, 1.000000000000000000 ) ) ;
#8536 = CARTESIAN_POINT ( 'NONE',  ( -9.500000000000000000, 4.721281787984062284, -4.318000000000000504 ) ) ;
#8537 = FACE_OUTER_BOUND ( 'NONE', #704, .T. ) ;
#8538 = DIRECTION ( 'NONE',  ( 0.000000000000000000, 1.000000000000000000, -0.000000000000000000 ) ) ;
#8539 = CARTESIAN_POINT ( 'NONE',  ( 0.000000000000000000, 1.600000000000000089, 0.000000000000000000 ) ) ;
#8540 = EDGE_CURVE ( 'NONE', #5600, #2007, #6966, .T. ) ;
#8541 = MANIFOLD_SOLID_BREP ( 'Boss-Extrude7[2]', #2779 ) ;
#8542 = CARTESIAN_POINT ( 'NONE',  ( -7.619999999999845564, 1.599999999999999867, 5.842000000000001414 ) ) ;
#8543 = ORIENTED_EDGE ( 'NONE', *, *, #8521, .F. ) ;
#8544 = FACE_BOUND ( 'NONE', #6669, .T. ) ;
#8545 = EDGE_LOOP ( 'NONE', ( #6801, #3658, #9235, #6682 ) ) ;
#8546 = CARTESIAN_POINT ( 'NONE',  ( 1.290000000000000036, 2.970000000000000195, -5.279999999999999361 ) ) ;
#8547 = DIRECTION ( 'NONE',  ( 0.000000000000000000, 1.445602896647344044E-15, 1.000000000000000000 ) ) ;
#8548 = FACE_OUTER_BOUND ( 'NONE', #1850, .T. ) ;
#8549 = CARTESIAN_POINT ( 'NONE',  ( 1.589999999999999636, 1.600000000000000089, -9.690000000000001279 ) ) ;
#8550 = CARTESIAN_POINT ( 'NONE',  ( 5.121125155144291866E-15, 4.721281787984062284, 5.549999999999993605 ) ) ;
#8551 = EDGE_CURVE ( 'NONE', #8450, #3915, #10088, .T. ) ;
#8552 = EDGE_LOOP ( 'NONE', ( #2640, #10277, #9558, #7048 ) ) ;
#8553 = ORIENTED_EDGE ( 'NONE', *, *, #518, .T. ) ;
#8554 = ORIENTED_EDGE ( 'NONE', *, *, #3146, .T. ) ;
#8555 = ORIENTED_EDGE ( 'NONE', *, *, #3739, .T. ) ;
#8556 = DIRECTION ( 'NONE',  ( -1.000000000000000000, -0.000000000000000000, -0.000000000000000000 ) ) ;
#8557 = FACE_OUTER_BOUND ( 'NONE', #5564, .T. ) ;
#8558 = VECTOR ( 'NONE', #1880, 1000.000000000000000 ) ;
#8559 = PLANE ( 'NONE',  #9263 ) ;
#8560 = DIRECTION ( 'NONE',  ( 0.000000000000000000, 1.445602896647339706E-15, -1.000000000000000000 ) ) ;
#8561 = DIRECTION ( 'NONE',  ( 0.000000000000000000, 0.000000000000000000, -1.000000000000000000 ) ) ;
#8562 = LINE ( 'NONE', #4492, #4613 ) ;
#8563 = ORIENTED_EDGE ( 'NONE', *, *, #634, .F. ) ;
#8564 = AXIS2_PLACEMENT_3D ( 'NONE', #10000, #6159, #1373 ) ;
#8565 = EDGE_LOOP ( 'NONE', ( #4581, #475, #6699, #515 ) ) ;
#8566 = DIRECTION ( 'NONE',  ( -1.366641393889291440E-16, 0.000000000000000000, -1.000000000000000000 ) ) ;
#8567 = EDGE_LOOP ( 'NONE', ( #4655, #220, #30, #6059 ) ) ;
#8568 = DIRECTION ( 'NONE',  ( 0.000000000000000000, 0.000000000000000000, -1.000000000000000000 ) ) ;
#8569 = ADVANCED_FACE ( 'NONE', ( #4601 ), #2290, .F. ) ;
#8570 = MANIFOLD_SOLID_BREP ( 'Boss-Extrude7[7]', #9952 ) ;
#8571 = AXIS2_PLACEMENT_3D ( 'NONE', #3666, #6754, #2828 ) ;
#8572 = DIRECTION ( 'NONE',  ( 0.000000000000000000, 0.000000000000000000, -1.000000000000000000 ) ) ;
#8573 = DIRECTION ( 'NONE',  ( 0.000000000000000000, 0.000000000000000000, 1.000000000000000000 ) ) ;
#8574 = DIRECTION ( 'NONE',  ( -1.000000000000000000, 0.000000000000000000, 0.000000000000000000 ) ) ;
#8575 = ADVANCED_FACE ( 'NONE', ( #626 ), #6827, .T. ) ;
#8576 = CARTESIAN_POINT ( 'NONE',  ( 7.620000000000000107, 1.600000000000000089, -0.4699999999999986411 ) ) ;
#8577 = CARTESIAN_POINT ( 'NONE',  ( 0.000000000000000000, 0.000000000000000000, 0.000000000000000000 ) ) ;
#8578 = LINE ( 'NONE', #9451, #6992 ) ;
#8579 = ORIENTED_EDGE ( 'NONE', *, *, #4237, .F. ) ;
#8580 = EDGE_LOOP ( 'NONE', ( #1141, #9111, #8371, #580 ) ) ;
#8581 = ORIENTED_EDGE ( 'NONE', *, *, #9753, .T. ) ;
#8582 = EDGE_CURVE ( 'NONE', #2749, #8190, #6055, .T. ) ;
#8583 = EDGE_CURVE ( 'NONE', #3059, #3158, #5507, .T. ) ;
#8584 = CARTESIAN_POINT ( 'NONE',  ( -6.349999999999999645, 2.970000000000000639, 9.340000000000008740 ) ) ;
#8585 = CARTESIAN_POINT ( 'NONE',  ( 0.000000000000000000, 1.600000000000000089, -3.009999999999999787 ) ) ;
#8586 = CARTESIAN_POINT ( 'NONE',  ( 7.620000000000007212, 1.599999999999999867, -8.890000000000000568 ) ) ;
#8587 = ADVANCED_FACE ( 'NONE', ( #1404 ), #6004, .F. ) ;
#8588 = DIRECTION ( 'NONE',  ( 1.000000000000000000, 0.000000000000000000, -1.186541365237215306E-16 ) ) ;
#8589 = DIRECTION ( 'NONE',  ( 0.000000000000000000, 1.000000000000000000, -0.000000000000000000 ) ) ;
#8590 = MANIFOLD_SOLID_BREP ( 'Boss-Extrude7[4]', #7964 ) ;
#8591 = FACE_OUTER_BOUND ( 'NONE', #3939, .T. ) ;
#8592 = ORIENTED_EDGE ( 'NONE', *, *, #7314, .F. ) ;
#8593 = CYLINDRICAL_SURFACE ( 'NONE', #1475, 1.000000000000000888 ) ;
#8594 = EDGE_LOOP ( 'NONE', ( #336, #2764, #6326, #8794, #6971, #5378 ) ) ;
#8595 = AXIS2_PLACEMENT_3D ( 'NONE', #3530, #5948, #9046 ) ;
#8596 = CARTESIAN_POINT ( 'NONE',  ( 9.500000000000000000, 4.721281787984062284, 6.857999999999999652 ) ) ;
#8597 = EDGE_CURVE ( 'NONE', #4557, #9661, #5162, .T. ) ;
#8598 = CARTESIAN_POINT ( 'NONE',  ( 6.505213034913197195E-16, 0.000000000000000000, 0.4700000000000122413 ) ) ;
#8599 = AXIS2_PLACEMENT_3D ( 'NONE', #7635, #2876, #685 ) ;
#8600 = CARTESIAN_POINT ( 'NONE',  ( -9.500000000000000000, 0.000000000000000000, 0.000000000000000000 ) ) ;
#8601 = CARTESIAN_POINT ( 'NONE',  ( -7.619999999999948592, 0.000000000000000000, -4.318000000000001393 ) ) ;
#8602 = EDGE_LOOP ( 'NONE', ( #9904, #4245, #10045, #8403 ) ) ;
#8603 = VERTEX_POINT ( 'NONE', #8146 ) ;
#8604 = EDGE_LOOP ( 'NONE', ( #2392, #2906 ) ) ;
#8605 = LINE ( 'NONE', #7491, #3343 ) ;
#8606 = CARTESIAN_POINT ( 'NONE',  ( -9.500000000000000000, 4.721281787984062284, 0.4699999999999999178 ) ) ;
#8607 = EDGE_CURVE ( 'NONE', #7670, #3889, #4916, .T. ) ;
#8608 = VECTOR ( 'NONE', #7151, 1000.000000000000000 ) ;
#8609 = DIRECTION ( 'NONE',  ( -0.000000000000000000, -1.000000000000000000, -0.000000000000000000 ) ) ;
#8610 = DIRECTION ( 'NONE',  ( -0.000000000000000000, -1.000000000000000000, -0.000000000000000000 ) ) ;
#8611 = CARTESIAN_POINT ( 'NONE',  ( 3.969999999999999751, 3.000000000000000000, -7.209999999999994635 ) ) ;
#8612 = FACE_OUTER_BOUND ( 'NONE', #8565, .T. ) ;
#8613 = DIRECTION ( 'NONE',  ( 1.000000000000000000, -0.000000000000000000, 0.000000000000000000 ) ) ;
#8614 = ORIENTED_EDGE ( 'NONE', *, *, #926, .F. ) ;
#8615 = FACE_OUTER_BOUND ( 'NONE', #232, .T. ) ;
#8616 = ORIENTED_EDGE ( 'NONE', *, *, #3027, .T. ) ;
#8617 = DIRECTION ( 'NONE',  ( 0.000000000000000000, 0.000000000000000000, -1.000000000000000000 ) ) ;
#8618 = EDGE_CURVE ( 'NONE', #6254, #9417, #987, .T. ) ;
#8619 = FACE_OUTER_BOUND ( 'NONE', #5132, .T. ) ;
#8620 = CARTESIAN_POINT ( 'NONE',  ( 7.620000000000000107, 1.600000000000000089, 5.550000000000003375 ) ) ;
#8621 = CARTESIAN_POINT ( 'NONE',  ( -7.619999999999948592, 1.599999999999999867, -3.809999999999999165 ) ) ;
#8622 = ORIENTED_EDGE ( 'NONE', *, *, #6752, .F. ) ;
#8623 = PLANE ( 'NONE',  #1133 ) ;
#8624 = VECTOR ( 'NONE', #4880, 1000.000000000000000 ) ;
#8625 = VERTEX_POINT ( 'NONE', #6551 ) ;
#8626 = VERTEX_POINT ( 'NONE', #776 ) ;
#8627 = ORIENTED_EDGE ( 'NONE', *, *, #4807, .F. ) ;
#8628 = AXIS2_PLACEMENT_3D ( 'NONE', #3566, #1881, #4292 ) ;
#8629 = AXIS2_PLACEMENT_3D ( 'NONE', #5112, #8280, #435 ) ;
#8630 = EDGE_CURVE ( 'NONE', #3642, #10364, #3672, .T. ) ;
#8631 = VECTOR ( 'NONE', #10042, 1000.000000000000000 ) ;
#8632 = DIRECTION ( 'NONE',  ( 0.000000000000000000, 0.000000000000000000, 1.000000000000000000 ) ) ;
#8633 = LINE ( 'NONE', #1469, #9463 ) ;
#8634 = DIRECTION ( 'NONE',  ( -1.366641393889291440E-16, 0.000000000000000000, -1.000000000000000000 ) ) ;
#8635 = VECTOR ( 'NONE', #1256, 1000.000000000000000 ) ;
#8636 = FACE_OUTER_BOUND ( 'NONE', #1488, .T. ) ;
#8637 = VECTOR ( 'NONE', #8402, 1000.000000000000000 ) ;
#8638 = DIRECTION ( 'NONE',  ( 0.000000000000000000, 1.000000000000000000, -0.000000000000000000 ) ) ;
#8639 = ORIENTED_EDGE ( 'NONE', *, *, #10107, .T. ) ;
#8640 = CARTESIAN_POINT ( 'NONE',  ( -6.349999999999999645, 2.970000000000000639, -9.340000000000003411 ) ) ;
#8641 = EDGE_CURVE ( 'NONE', #1905, #8361, #7110, .T. ) ;
#8642 = VERTEX_POINT ( 'NONE', #6349 ) ;
#8643 = ADVANCED_FACE ( 'NONE', ( #1717 ), #4967, .F. ) ;
#8644 = ORIENTED_EDGE ( 'NONE', *, *, #9947, .T. ) ;
#8645 = VECTOR ( 'NONE', #3584, 1000.000000000000000 ) ;
#8646 = VECTOR ( 'NONE', #1695, 1000.000000000000000 ) ;
#8647 = ADVANCED_FACE ( 'NONE', ( #7165 ), #4751, .T. ) ;
#8648 = AXIS2_PLACEMENT_3D ( 'NONE', #3242, #3975, #10202 ) ;
#8649 = CARTESIAN_POINT ( 'NONE',  ( -7.619999999999922835, 1.599999999999999867, -1.777999999999998693 ) ) ;
#8650 = CIRCLE ( 'NONE', #3811, 0.5080000000000045590 ) ;
#8651 = UNCERTAINTY_MEASURE_WITH_UNIT (LENGTH_MEASURE( 1.000000000000000082E-05 ), #8257, 'distance_accuracy_value', 'NONE');
#8652 = VECTOR ( 'NONE', #8298, 1000.000000000000000 ) ;
#8653 = CARTESIAN_POINT ( 'NONE',  ( -9.500000000000000000, 1.599999999999999867, -3.301999999999999602 ) ) ;
#8654 = DIRECTION ( 'NONE',  ( -1.000000000000000000, 0.000000000000000000, 0.000000000000000000 ) ) ;
#8655 = ORIENTED_EDGE ( 'NONE', *, *, #727, .F. ) ;
#8656 = ORIENTED_EDGE ( 'NONE', *, *, #2406, .T. ) ;
#8657 = ADVANCED_FACE ( 'NONE', ( #7213 ), #3134, .F. ) ;
#8658 = AXIS2_PLACEMENT_3D ( 'NONE', #707, #1696, #3946 ) ;
#8659 = VERTEX_POINT ( 'NONE', #36 ) ;
#8660 = DIRECTION ( 'NONE',  ( 0.000000000000000000, 1.000000000000000000, 0.000000000000000000 ) ) ;
#8661 = VECTOR ( 'NONE', #8697, 1000.000000000000000 ) ;
#8662 = ADVANCED_FACE ( 'NONE', ( #2556 ), #1761, .F. ) ;
#8663 = DIRECTION ( 'NONE',  ( 0.000000000000000000, 1.000000000000000000, -0.000000000000000000 ) ) ;
#8664 = CARTESIAN_POINT ( 'NONE',  ( 9.500000000000000000, 4.721281787984062284, 1.270000000000000240 ) ) ;
#8665 = CARTESIAN_POINT ( 'NONE',  ( 6.349999999999999645, 29.71055027400083759, -4.580000000000003624 ) ) ;
#8666 = VECTOR ( 'NONE', #5054, 1000.000000000000000 ) ;
#8667 = DIRECTION ( 'NONE',  ( -0.000000000000000000, -1.000000000000000000, -0.000000000000000000 ) ) ;
#8668 = LINE ( 'NONE', #1015, #4589 ) ;
#8669 = DIRECTION ( 'NONE',  ( 0.000000000000000000, 0.000000000000000000, -1.000000000000000000 ) ) ;
#8670 = AXIS2_PLACEMENT_3D ( 'NONE', #9749, #6592, #8964 ) ;
#8671 = ORIENTED_EDGE ( 'NONE', *, *, #7971, .F. ) ;
#8672 = EDGE_CURVE ( 'NONE', #8477, #4082, #8872, .T. ) ;
#8673 = ORIENTED_EDGE ( 'NONE', *, *, #6425, .T. ) ;
#8674 = CARTESIAN_POINT ( 'NONE',  ( 1.290000000000000036, 2.970000000000000195, -5.279999999999999361 ) ) ;
#8675 = ORIENTED_EDGE ( 'NONE', *, *, #2033, .T. ) ;
#8676 = AXIS2_PLACEMENT_3D ( 'NONE', #5896, #9043, #5095 ) ;
#8677 = PLANE ( 'NONE',  #9852 ) ;
#8678 = CIRCLE ( 'NONE', #493, 1.000000000000000000 ) ;
#8679 =( NAMED_UNIT ( * ) PLANE_ANGLE_UNIT ( ) SI_UNIT ( $, .RADIAN. ) );
#8680 = FACE_OUTER_BOUND ( 'NONE', #2107, .T. ) ;
#8681 = DIRECTION ( 'NONE',  ( 0.000000000000000000, 1.000000000000000000, -0.000000000000000000 ) ) ;
#8682 = VECTOR ( 'NONE', #5841, 1000.000000000000000 ) ;
#8683 = ORIENTED_EDGE ( 'NONE', *, *, #201, .T. ) ;
#8684 = CARTESIAN_POINT ( 'NONE',  ( 9.500000000000000000, 4.721281787984062284, 0.000000000000000000 ) ) ;
#8685 = EDGE_CURVE ( 'NONE', #5044, #9090, #5557, .T. ) ;
#8686 = ORIENTED_EDGE ( 'NONE', *, *, #6712, .F. ) ;
#8687 = ORIENTED_EDGE ( 'NONE', *, *, #4885, .T. ) ;
#8688 = VECTOR ( 'NONE', #7261, 1000.000000000000000 ) ;
#8689 = DIRECTION ( 'NONE',  ( -0.000000000000000000, 1.000000000000000000, 0.000000000000000000 ) ) ;
#8690 = CARTESIAN_POINT ( 'NONE',  ( 1.590000000000000302, 2.970000000000000639, -5.279999999999999361 ) ) ;
#8691 = CARTESIAN_POINT ( 'NONE',  ( 1.289999999999999591, 3.270000000000000018, -9.340000000000003411 ) ) ;
#8692 = LINE ( 'NONE', #1527, #753 ) ;
#8693 = CARTESIAN_POINT ( 'NONE',  ( -7.619999999999922835, 0.000000000000000000, -1.269999999999998463 ) ) ;
#8694 = LINE ( 'NONE', #4719, #3633 ) ;
#8695 = EDGE_LOOP ( 'NONE', ( #4919, #9358, #5555, #10363 ) ) ;
#8696 = CIRCLE ( 'NONE', #2013, 0.8000000000000003775 ) ;
#8697 = DIRECTION ( 'NONE',  ( 0.000000000000000000, 0.000000000000000000, -1.000000000000000000 ) ) ;
#8698 = ORIENTED_EDGE ( 'NONE', *, *, #380, .T. ) ;
#8699 = VERTEX_POINT ( 'NONE', #9549 ) ;
#8700 = FACE_OUTER_BOUND ( 'NONE', #4051, .T. ) ;
#8701 = EDGE_CURVE ( 'NONE', #1906, #7698, #5767, .T. ) ;
#8702 = FACE_BOUND ( 'NONE', #1588, .T. ) ;
#8703 = ORIENTED_EDGE ( 'NONE', *, *, #9359, .T. ) ;
#8704 = ORIENTED_EDGE ( 'NONE', *, *, #302, .F. ) ;
#8705 = ADVANCED_FACE ( 'NONE', ( #9656 ), #2448, .F. ) ;
#8706 = VERTEX_POINT ( 'NONE', #8047 ) ;
#8707 = VERTEX_POINT ( 'NONE', #882 ) ;
#8708 = CARTESIAN_POINT ( 'NONE',  ( -6.000000000000002665, 3.270000000000000018, 9.390000000000007674 ) ) ;
#8709 = DIRECTION ( 'NONE',  ( 1.000000000000000000, 1.445602896647341283E-15, 0.000000000000000000 ) ) ;
#8710 = CARTESIAN_POINT ( 'NONE',  ( -7.620000000000000107, 4.721281787984062284, -9.689999999999999503 ) ) ;
#8711 = EDGE_CURVE ( 'NONE', #3156, #6558, #4340, .T. ) ;
#8712 = LINE ( 'NONE', #1707, #1610 ) ;
#8713 = PLANE ( 'NONE',  #1379 ) ;
#8714 = SURFACE_STYLE_FILL_AREA ( #5547 ) ;
#8715 = DIRECTION ( 'NONE',  ( 0.000000000000000000, 1.000000000000000000, -0.000000000000000000 ) ) ;
#8716 = ORIENTED_EDGE ( 'NONE', *, *, #789, .T. ) ;
#8717 = ADVANCED_FACE ( 'NONE', ( #3288 ), #5192, .F. ) ;
#8718 = CARTESIAN_POINT ( 'NONE',  ( -7.619999999999948592, 0.000000000000000000, -3.809999999999999165 ) ) ;
#8719 = ORIENTED_EDGE ( 'NONE', *, *, #8007, .T. ) ;
#8720 = DIRECTION ( 'NONE',  ( 0.000000000000000000, 0.000000000000000000, 1.000000000000000000 ) ) ;
#8721 = ORIENTED_EDGE ( 'NONE', *, *, #9658, .F. ) ;
#8722 = CARTESIAN_POINT ( 'NONE',  ( -6.349999999999999645, 1.600000000000000755, 9.340000000000008740 ) ) ;
#8723 = PRODUCT_DEFINITION_SHAPE ( 'NONE', 'NONE',  #4167 ) ;
#8724 = EDGE_CURVE ( 'NONE', #8603, #5233, #9913, .T. ) ;
#8725 = DIRECTION ( 'NONE',  ( -5.782411586589358822E-15, 0.000000000000000000, -1.000000000000000000 ) ) ;
#8726 = CYLINDRICAL_SURFACE ( 'NONE', #5119, 0.5080000000000002292 ) ;
#8727 = CARTESIAN_POINT ( 'NONE',  ( -9.499999999999996447, 1.600000000000000089, -2.069999999999998508 ) ) ;
#8728 = VECTOR ( 'NONE', #4180, 1000.000000000000000 ) ;
#8729 = DIRECTION ( 'NONE',  ( 0.000000000000000000, 0.000000000000000000, -1.000000000000000000 ) ) ;
#8730 = ORIENTED_EDGE ( 'NONE', *, *, #5071, .T. ) ;
#8731 = CARTESIAN_POINT ( 'NONE',  ( 9.500000000000000000, 1.599999999999999867, 0.000000000000000000 ) ) ;
#8732 = VERTEX_POINT ( 'NONE', #3503 ) ;
#8733 = ORIENTED_EDGE ( 'NONE', *, *, #8893, .F. ) ;
#8734 = CARTESIAN_POINT ( 'NONE',  ( -7.620000000000000107, 0.000000000000000000, -4.609999999999998543 ) ) ;
#8735 = EDGE_CURVE ( 'NONE', #3141, #5738, #156, .T. ) ;
#8736 = DIRECTION ( 'NONE',  ( 0.000000000000000000, 1.000000000000000000, -0.000000000000000000 ) ) ;
#8737 = DIRECTION ( 'NONE',  ( -0.000000000000000000, -1.000000000000000000, -0.000000000000000000 ) ) ;
#8738 = LINE ( 'NONE', #1573, #6487 ) ;
#8739 = CARTESIAN_POINT ( 'NONE',  ( -7.619999999999894413, 1.600000000000000089, 1.270000000000000240 ) ) ;
#8740 = CARTESIAN_POINT ( 'NONE',  ( 3.969999999999999751, 3.000000000000000000, -8.209999999999995524 ) ) ;
#8741 = LINE ( 'NONE', #6365, #8624 ) ;
#8742 = ORIENTED_EDGE ( 'NONE', *, *, #3725, .F. ) ;
#8743 = DIRECTION ( 'NONE',  ( 0.000000000000000000, 1.000000000000000000, -0.000000000000000000 ) ) ;
#8744 = VERTEX_POINT ( 'NONE', #235 ) ;
#8745 = ORIENTED_EDGE ( 'NONE', *, *, #2592, .T. ) ;
#8746 = CARTESIAN_POINT ( 'NONE',  ( 0.000000000000000000, 1.600000000000000089, -5.549999999999998934 ) ) ;
#8747 = ADVANCED_FACE ( 'NONE', ( #3445 ), #9023, .F. ) ;
#8748 = DIRECTION ( 'NONE',  ( 1.000000000000000000, 0.000000000000000000, -1.366641393889292426E-16 ) ) ;
#8749 = FACE_OUTER_BOUND ( 'NONE', #6627, .T. ) ;
#8750 = ORIENTED_EDGE ( 'NONE', *, *, #5246, .T. ) ;
#8751 = ORIENTED_EDGE ( 'NONE', *, *, #7748, .T. ) ;
#8752 = ORIENTED_EDGE ( 'NONE', *, *, #8963, .F. ) ;
#8753 = ORIENTED_EDGE ( 'NONE', *, *, #8242, .F. ) ;
#8754 = CARTESIAN_POINT ( 'NONE',  ( 9.500000000000000000, 1.599999999999999867, -4.318000000000000504 ) ) ;
#8755 = DIRECTION ( 'NONE',  ( 0.000000000000000000, 0.000000000000000000, -1.000000000000000000 ) ) ;
#8756 = LINE ( 'NONE', #7359, #9496 ) ;
#8757 = EDGE_CURVE ( 'NONE', #2961, #222, #5923, .T. ) ;
#8758 = CIRCLE ( 'NONE', #2420, 0.8000000000000003775 ) ;
#8759 = DIRECTION ( 'NONE',  ( 0.000000000000000000, 1.000000000000000000, -0.000000000000000000 ) ) ;
#8760 = LINE ( 'NONE', #9591, #3474 ) ;
#8761 = DIRECTION ( 'NONE',  ( 0.000000000000000000, 0.000000000000000000, 1.000000000000000000 ) ) ;
#8762 = ORIENTED_EDGE ( 'NONE', *, *, #1545, .T. ) ;
#8763 = VECTOR ( 'NONE', #1201, 1000.000000000000000 ) ;
#8764 = DIRECTION ( 'NONE',  ( 0.000000000000000000, 0.000000000000000000, 1.000000000000000000 ) ) ;
#8765 = EDGE_CURVE ( 'NONE', #288, #2475, #5024, .T. ) ;
#8766 = EDGE_LOOP ( 'NONE', ( #10132, #8464, #9497, #6253 ) ) ;
#8767 = ADVANCED_FACE ( 'NONE', ( #1972 ), #9754, .T. ) ;
#8768 = VECTOR ( 'NONE', #1864, 1000.000000000000000 ) ;
#8769 = DIRECTION ( 'NONE',  ( -0.000000000000000000, -1.000000000000000000, -0.000000000000000000 ) ) ;
#8770 = ADVANCED_FACE ( 'NONE', ( #8294, #6795 ), #1193, .T. ) ;
#8771 = CARTESIAN_POINT ( 'NONE',  ( 2.900000000000000799, 2.100000000000000089, -9.479999999999995097 ) ) ;
#8772 = FACE_OUTER_BOUND ( 'NONE', #10289, .T. ) ;
#8773 = VECTOR ( 'NONE', #5396, 1000.000000000000000 ) ;
#8774 = PLANE ( 'NONE',  #6001 ) ;
#8775 = VERTEX_POINT ( 'NONE', #9869 ) ;
#8776 = DIRECTION ( 'NONE',  ( 0.000000000000000000, 0.000000000000000000, -1.000000000000000000 ) ) ;
#8777 = ORIENTED_EDGE ( 'NONE', *, *, #1175, .T. ) ;
#8778 = ORIENTED_EDGE ( 'NONE', *, *, #2954, .T. ) ;
#8779 = EDGE_CURVE ( 'NONE', #4513, #7767, #7568, .T. ) ;
#8780 = ADVANCED_FACE ( 'NONE', ( #4333, #1913 ), #5126, .F. ) ;
#8781 = CARTESIAN_POINT ( 'NONE',  ( 5.039999999999999147, 2.100000000000000089, -7.139999999999995239 ) ) ;
#8782 = CARTESIAN_POINT ( 'NONE',  ( -7.620000000000000107, 1.600000000000000089, -8.090000000000001634 ) ) ;
#8783 = DIRECTION ( 'NONE',  ( 0.000000000000000000, 1.000000000000000000, -0.000000000000000000 ) ) ;
#8784 = CLOSED_SHELL ( 'NONE', ( #1505, #5292, #5008, #4372, #2898, #2589, #9210, #6322, #4854, #10011 ) ) ;
#8785 = CARTESIAN_POINT ( 'NONE',  ( 0.000000000000000000, 4.721281787984062284, 0.4699999999999999178 ) ) ;
#8786 = CARTESIAN_POINT ( 'NONE',  ( -6.000000000000001776, 2.970000000000000195, -9.390000000000000568 ) ) ;
#8787 = DIRECTION ( 'NONE',  ( -0.000000000000000000, -1.000000000000000000, -0.000000000000000000 ) ) ;
#8788 = FACE_OUTER_BOUND ( 'NONE', #7323, .T. ) ;
#8789 = ORIENTED_EDGE ( 'NONE', *, *, #7572, .F. ) ;
#8790 = VECTOR ( 'NONE', #413, 1000.000000000000000 ) ;
#8791 = DIRECTION ( 'NONE',  ( 0.000000000000000000, 0.000000000000000000, 1.000000000000000000 ) ) ;
#8792 = AXIS2_PLACEMENT_3D ( 'NONE', #75, #2498, #5705 ) ;
#8793 = ORIENTED_EDGE ( 'NONE', *, *, #888, .T. ) ;
#8794 = ORIENTED_EDGE ( 'NONE', *, *, #3848, .F. ) ;
#8795 = EDGE_CURVE ( 'NONE', #1433, #6555, #3392, .T. ) ;
#8796 = DIRECTION ( 'NONE',  ( 0.000000000000000000, 0.000000000000000000, 1.000000000000000000 ) ) ;
#8797 = LINE ( 'NONE', #60, #6170 ) ;
#8798 = AXIS2_PLACEMENT_3D ( 'NONE', #8621, #1458, #3826 ) ;
#8799 = VECTOR ( 'NONE', #3611, 1000.000000000000000 ) ;
#8800 = CARTESIAN_POINT ( 'NONE',  ( 7.620000000000140439, 1.600000000000000089, 3.810000000000000941 ) ) ;
#8801 = AXIS2_PLACEMENT_3D ( 'NONE', #9362, #5461, #1468 ) ;
#8802 = VERTEX_POINT ( 'NONE', #395 ) ;
#8803 = EDGE_LOOP ( 'NONE', ( #1848, #3245, #8869, #2019 ) ) ;
#8804 = ORIENTED_EDGE ( 'NONE', *, *, #3664, .F. ) ;
#8805 = EDGE_CURVE ( 'NONE', #3963, #3843, #1080, .T. ) ;
#8806 = CIRCLE ( 'NONE', #2469, 0.1000000000000002554 ) ;
#8807 = VECTOR ( 'NONE', #382, 1000.000000000000000 ) ;
#8808 = EDGE_LOOP ( 'NONE', ( #5565, #1766, #6380, #2149 ) ) ;
#8809 = VERTEX_POINT ( 'NONE', #9182 ) ;
#8810 = PLANE ( 'NONE',  #5197 ) ;
#8811 = CARTESIAN_POINT ( 'NONE',  ( -7.619999999999948592, 4.721281787984062284, -3.809999999999999165 ) ) ;
#8812 = AXIS2_PLACEMENT_3D ( 'NONE', #9694, #2544, #8340 ) ;
#8813 = AXIS2_PLACEMENT_3D ( 'NONE', #7854, #697, #3885 ) ;
#8814 = DIRECTION ( 'NONE',  ( 0.000000000000000000, 0.000000000000000000, 1.000000000000000000 ) ) ;
#8815 = CARTESIAN_POINT ( 'NONE',  ( -7.620000000000000107, 0.000000000000000000, 8.090000000000003411 ) ) ;
#8816 = VECTOR ( 'NONE', #5937, 1000.000000000000000 ) ;
#8817 = DIRECTION ( 'NONE',  ( -1.000000000000000000, 0.000000000000000000, 4.613626265895764052E-16 ) ) ;
#8818 = CIRCLE ( 'NONE', #7324, 0.7999999999999994893 ) ;
#8819 = DIRECTION ( 'NONE',  ( 1.000000000000000000, 0.000000000000000000, 0.000000000000000000 ) ) ;
#8820 = AXIS2_PLACEMENT_3D ( 'NONE', #3601, #1084, #2761 ) ;
#8821 = ORIENTED_EDGE ( 'NONE', *, *, #137, .T. ) ;
#8822 = DIRECTION ( 'NONE',  ( 0.000000000000000000, 1.000000000000000000, 0.000000000000000000 ) ) ;
#8823 = ORIENTED_EDGE ( 'NONE', *, *, #9281, .T. ) ;
#8824 = FACE_OUTER_BOUND ( 'NONE', #8236, .T. ) ;
#8825 = VECTOR ( 'NONE', #3694, 1000.000000000000000 ) ;
#8826 = DIRECTION ( 'NONE',  ( 0.000000000000000000, 0.000000000000000000, 1.000000000000000000 ) ) ;
#8827 = PLANE ( 'NONE',  #7112 ) ;
#8828 = DIRECTION ( 'NONE',  ( 0.000000000000000000, 0.000000000000000000, -1.000000000000000000 ) ) ;
#8829 = EDGE_CURVE ( 'NONE', #5750, #9417, #2758, .T. ) ;
#8830 = CARTESIAN_POINT ( 'NONE',  ( 9.500000000000000000, 4.721281787984062284, 0.000000000000000000 ) ) ;
#8831 = LINE ( 'NONE', #8051, #2140 ) ;
#8832 = ORIENTED_EDGE ( 'NONE', *, *, #6525, .F. ) ;
#8833 = ORIENTED_EDGE ( 'NONE', *, *, #403, .F. ) ;
#8834 = EDGE_CURVE ( 'NONE', #288, #6548, #9122, .T. ) ;
#8835 = AXIS2_PLACEMENT_3D ( 'NONE', #223, #1851, #69 ) ;
#8836 = DIRECTION ( 'NONE',  ( 1.000000000000000000, -0.000000000000000000, 0.000000000000000000 ) ) ;
#8837 = FACE_OUTER_BOUND ( 'NONE', #567, .T. ) ;
#8838 = CIRCLE ( 'NONE', #4339, 0.2999999999999999334 ) ;
#8839 = DIRECTION ( 'NONE',  ( -0.000000000000000000, -1.000000000000000000, -0.000000000000000000 ) ) ;
#8840 = VECTOR ( 'NONE', #3189, 1000.000000000000000 ) ;
#8841 = EDGE_CURVE ( 'NONE', #6505, #6817, #7368, .T. ) ;
#8842 = CARTESIAN_POINT ( 'NONE',  ( 7.620000000000000107, 0.000000000000000000, 5.550000000000003375 ) ) ;
#8843 = CARTESIAN_POINT ( 'NONE',  ( 9.500000000000003553, 1.600000000000000089, -7.150000000000001243 ) ) ;
#8844 = DIRECTION ( 'NONE',  ( 0.000000000000000000, 0.000000000000000000, 1.000000000000000000 ) ) ;
#8845 = DIRECTION ( 'NONE',  ( -1.000000000000000000, 0.000000000000000000, 0.000000000000000000 ) ) ;
#8846 = DIRECTION ( 'NONE',  ( 1.000000000000000000, -0.000000000000000000, -6.920439398843646079E-16 ) ) ;
#8847 = FACE_OUTER_BOUND ( 'NONE', #2299, .T. ) ;
#8848 = ORIENTED_EDGE ( 'NONE', *, *, #7987, .F. ) ;
#8849 = EDGE_CURVE ( 'NONE', #6105, #1364, #3053, .T. ) ;
#8850 = CARTESIAN_POINT ( 'NONE',  ( -7.619999999999842011, 1.599999999999999867, 6.349999999999999645 ) ) ;
#8851 = VERTEX_POINT ( 'NONE', #6235 ) ;
#8852 = EDGE_LOOP ( 'NONE', ( #4964, #2789, #7292, #7516, #7321, #1839 ) ) ;
#8853 = VECTOR ( 'NONE', #6923, 1000.000000000000000 ) ;
#8854 = CARTESIAN_POINT ( 'NONE',  ( -7.620000000000000107, 4.721281787984062284, -0.4700000000000012501 ) ) ;
#8855 = CARTESIAN_POINT ( 'NONE',  ( -9.500000000000000000, 1.599999999999999867, 6.857999999999999652 ) ) ;
#8856 = EDGE_CURVE ( 'NONE', #8851, #8, #715, .T. ) ;
#8857 = LINE ( 'NONE', #9575, #7297 ) ;
#8858 = VECTOR ( 'NONE', #5601, 1000.000000000000000 ) ;
#8859 = ORIENTED_EDGE ( 'NONE', *, *, #5656, .F. ) ;
#8860 = ORIENTED_EDGE ( 'NONE', *, *, #4417, .T. ) ;
#8861 = ORIENTED_EDGE ( 'NONE', *, *, #2577, .F. ) ;
#8862 = ORIENTED_EDGE ( 'NONE', *, *, #2788, .F. ) ;
#8863 = DIRECTION ( 'NONE',  ( 0.000000000000000000, 1.000000000000000000, -0.000000000000000000 ) ) ;
#8864 = FACE_OUTER_BOUND ( 'NONE', #5206, .T. ) ;
#8865 = EDGE_CURVE ( 'NONE', #4267, #5598, #10126, .T. ) ;
#8866 = DIRECTION ( 'NONE',  ( 1.000000000000000000, -0.000000000000000000, -2.768175759537458431E-15 ) ) ;
#8867 = CARTESIAN_POINT ( 'NONE',  ( -6.000000000000001776, 3.270000000000000018, -9.340000000000003411 ) ) ;
#8868 = CARTESIAN_POINT ( 'NONE',  ( 0.000000000000000000, 3.069999999999999840, -9.340000000000003411 ) ) ;
#8869 = ORIENTED_EDGE ( 'NONE', *, *, #2908, .T. ) ;
#8870 = CARTESIAN_POINT ( 'NONE',  ( 3.219999999999999751, 1.750000000000000000, -6.939999999999995062 ) ) ;
#8871 = VERTEX_POINT ( 'NONE', #674 ) ;
#8872 = LINE ( 'NONE', #10355, #8840 ) ;
#8873 = SURFACE_STYLE_USAGE ( .BOTH. , #3289 ) ;
#8874 = VECTOR ( 'NONE', #8344, 1000.000000000000000 ) ;
#8875 = LINE ( 'NONE', #6449, #6656 ) ;
#8876 = ORIENTED_EDGE ( 'NONE', *, *, #8247, .T. ) ;
#8877 = VERTEX_POINT ( 'NONE', #3068 ) ;
#8878 = VECTOR ( 'NONE', #6996, 1000.000000000000000 ) ;
#8879 = CARTESIAN_POINT ( 'NONE',  ( 7.620000000000032081, 0.000000000000000000, -6.349999999999999645 ) ) ;
#8880 = EDGE_CURVE ( 'NONE', #3642, #5260, #6190, .T. ) ;
#8881 = CARTESIAN_POINT ( 'NONE',  ( -7.619999999999845564, 4.721281787984062284, 5.842000000000001414 ) ) ;
#8882 = DIRECTION ( 'NONE',  ( 0.000000000000000000, 1.000000000000000000, -0.000000000000000000 ) ) ;
#8883 = CARTESIAN_POINT ( 'NONE',  ( -9.499999999999920064, 0.000000000000000000, -1.270000000000000240 ) ) ;
#8884 = FILL_AREA_STYLE ('',( #2570 ) ) ;
#8885 = DIRECTION ( 'NONE',  ( 0.000000000000000000, 1.000000000000000000, -0.000000000000000000 ) ) ;
#8886 = FILL_AREA_STYLE_COLOUR ( '', #7457 ) ;
#8887 = CARTESIAN_POINT ( 'NONE',  ( -9.500000000000000000, 4.721281787984062284, -2.069999999999998508 ) ) ;
#8888 = VERTEX_POINT ( 'NONE', #4435 ) ;
#8889 = CARTESIAN_POINT ( 'NONE',  ( 0.000000000000000000, 0.000000000000000000, 4.610000000000002984 ) ) ;
#8890 = ORIENTED_EDGE ( 'NONE', *, *, #6469, .T. ) ;
#8891 = ORIENTED_EDGE ( 'NONE', *, *, #1235, .F. ) ;
#8892 = AXIS2_PLACEMENT_3D ( 'NONE', #4158, #2584, #174 ) ;
#8893 = EDGE_CURVE ( 'NONE', #4278, #6750, #10078, .T. ) ;
#8894 = ORIENTED_EDGE ( 'NONE', *, *, #8213, .T. ) ;
#8895 = EDGE_CURVE ( 'NONE', #936, #313, #4541, .T. ) ;
#8896 = LINE ( 'NONE', #1640, #5691 ) ;
#8897 = CARTESIAN_POINT ( 'NONE',  ( 7.620000000000188400, 4.721281787984062284, 8.381999999999999673 ) ) ;
#8898 = EDGE_CURVE ( 'NONE', #3087, #2201, #2973, .T. ) ;
#8899 = CARTESIAN_POINT ( 'NONE',  ( 0.000000000000000000, 0.000000000000000000, -3.009999999999999787 ) ) ;
#8900 =( NAMED_UNIT ( * ) PLANE_ANGLE_UNIT ( ) SI_UNIT ( $, .RADIAN. ) );
#8901 = FACE_OUTER_BOUND ( 'NONE', #7322, .T. ) ;
#8902 = ORIENTED_EDGE ( 'NONE', *, *, #9307, .T. ) ;
#8903 = EDGE_LOOP ( 'NONE', ( #4938, #8922, #2439, #2883 ) ) ;
#8904 = ORIENTED_EDGE ( 'NONE', *, *, #10218, .F. ) ;
#8905 = ORIENTED_EDGE ( 'NONE', *, *, #4841, .F. ) ;
#8906 = ADVANCED_FACE ( 'NONE', ( #7623 ), #452, .F. ) ;
#8907 = LINE ( 'NONE', #2496, #309 ) ;
#8908 = CARTESIAN_POINT ( 'NONE',  ( 6.049999999999999822, 2.970000000000000195, -4.580000000000003624 ) ) ;
#8909 = EDGE_CURVE ( 'NONE', #5911, #4267, #1397, .T. ) ;
#8910 = LINE ( 'NONE', #3120, #4126 ) ;
#8911 = FACE_OUTER_BOUND ( 'NONE', #1144, .T. ) ;
#8912 = DIRECTION ( 'NONE',  ( -1.000000000000000000, 0.000000000000000000, 0.000000000000000000 ) ) ;
#8913 = ORIENTED_EDGE ( 'NONE', *, *, #4533, .T. ) ;
#8914 = DIRECTION ( 'NONE',  ( 0.000000000000000000, 1.000000000000000000, -0.000000000000000000 ) ) ;
#8915 = ORIENTED_EDGE ( 'NONE', *, *, #4514, .F. ) ;
#8916 = ADVANCED_FACE ( 'NONE', ( #6954 ), #9339, .F. ) ;
#8917 = VECTOR ( 'NONE', #3909, 1000.000000000000000 ) ;
#8918 = DIRECTION ( 'NONE',  ( 1.000000000000000000, 0.000000000000000000, 0.000000000000000000 ) ) ;
#8919 = CARTESIAN_POINT ( 'NONE',  ( 7.620000000000112905, 4.721281787984062284, 1.270000000000000240 ) ) ;
#8920 = FACE_OUTER_BOUND ( 'NONE', #7015, .T. ) ;
#8921 = VECTOR ( 'NONE', #7639, 1000.000000000000000 ) ;
#8922 = ORIENTED_EDGE ( 'NONE', *, *, #4027, .T. ) ;
#8923 = ORIENTED_EDGE ( 'NONE', *, *, #5164, .T. ) ;
#8924 = ORIENTED_EDGE ( 'NONE', *, *, #3348, .T. ) ;
#8925 = ADVANCED_FACE ( 'NONE', ( #9232 ), #2076, .F. ) ;
#8926 = CARTESIAN_POINT ( 'NONE',  ( 0.000000000000000000, 0.000000000000000000, 0.000000000000000000 ) ) ;
#8927 = PRESENTATION_LAYER_ASSIGNMENT (  '', '', ( #1759 ) ) ;
#8928 = CARTESIAN_POINT ( 'NONE',  ( 3.969999999999999751, 3.000000000000000000, -8.209999999999995524 ) ) ;
#8929 = CARTESIAN_POINT ( 'NONE',  ( 0.000000000000000000, 1.600000000000000089, -5.549999999999998934 ) ) ;
#8930 =( NAMED_UNIT ( * ) PLANE_ANGLE_UNIT ( ) SI_UNIT ( $, .RADIAN. ) );
#8931 = DIRECTION ( 'NONE',  ( 0.000000000000000000, 0.000000000000000000, -1.000000000000000000 ) ) ;
#8932 = DIRECTION ( 'NONE',  ( 0.000000000000000000, 1.000000000000000000, -0.000000000000000000 ) ) ;
#8933 = CARTESIAN_POINT ( 'NONE',  ( 2.699999999999999289, 1.750000000000000000, -8.409999999999993037 ) ) ;
#8934 = FACE_OUTER_BOUND ( 'NONE', #3223, .T. ) ;
#8935 = ORIENTED_EDGE ( 'NONE', *, *, #677, .T. ) ;
#8936 = CARTESIAN_POINT ( 'NONE',  ( 0.000000000000000000, 0.000000000000000000, -7.150000000000001243 ) ) ;
#8937 = ORIENTED_EDGE ( 'NONE', *, *, #10313, .T. ) ;
#8938 = ORIENTED_EDGE ( 'NONE', *, *, #6370, .F. ) ;
#8939 = CARTESIAN_POINT ( 'NONE',  ( 9.500000000000000000, 4.721281787984062284, -3.009999999999999343 ) ) ;
#8940 = DIRECTION ( 'NONE',  ( -0.000000000000000000, -1.000000000000000000, -0.000000000000000000 ) ) ;
#8941 = PLANE ( 'NONE',  #2983 ) ;
#8942 = DIRECTION ( 'NONE',  ( 0.000000000000000000, 0.000000000000000000, -1.000000000000000000 ) ) ;
#8943 = PLANE ( 'NONE',  #3055 ) ;
#8944 = ADVANCED_FACE ( 'NONE', ( #10285 ), #3958, .F. ) ;
#8945 = AXIS2_PLACEMENT_3D ( 'NONE', #1336, #7607, #5277 ) ;
#8946 = EDGE_CURVE ( 'NONE', #10337, #3114, #3180, .T. ) ;
#8947 = ORIENTED_EDGE ( 'NONE', *, *, #2760, .F. ) ;
#8948 = ORIENTED_EDGE ( 'NONE', *, *, #6436, .F. ) ;
#8949 = ORIENTED_EDGE ( 'NONE', *, *, #2155, .F. ) ;
#8950 = EDGE_CURVE ( 'NONE', #9285, #1351, #3335, .T. ) ;
#8951 = VERTEX_POINT ( 'NONE', #5546 ) ;
#8952 = CIRCLE ( 'NONE', #4797, 0.5079999999999997851 ) ;
#8953 = LINE ( 'NONE', #5007, #1322 ) ;
#8954 = CARTESIAN_POINT ( 'NONE',  ( 0.000000000000000000, 0.000000000000000000, 0.000000000000000000 ) ) ;
#8955 = CIRCLE ( 'NONE', #4468, 0.7999999999999969358 ) ;
#8956 = CARTESIAN_POINT ( 'NONE',  ( 7.620000000000000107, 1.600000000000000089, 9.690000000000004832 ) ) ;
#8957 = EDGE_CURVE ( 'NONE', #3115, #7589, #8083, .T. ) ;
#8958 = CARTESIAN_POINT ( 'NONE',  ( 4.719999999999999751, 1.750000000000000000, -9.979999999999996874 ) ) ;
#8959 = ORIENTED_EDGE ( 'NONE', *, *, #1995, .T. ) ;
#8960 = AXIS2_PLACEMENT_3D ( 'NONE', #5946, #7704, #7594 ) ;
#8961 = AXIS2_PLACEMENT_3D ( 'NONE', #3185, #8914, #9702 ) ;
#8962 = VERTEX_POINT ( 'NONE', #1499 ) ;
#8963 = EDGE_CURVE ( 'NONE', #1480, #7198, #1044, .T. ) ;
#8964 = DIRECTION ( 'NONE',  ( 0.000000000000000000, 0.000000000000000000, -1.000000000000000000 ) ) ;
#8965 = VERTEX_POINT ( 'NONE', #2387 ) ;
#8966 = AXIS2_PLACEMENT_3D ( 'NONE', #3876, #576, #1460 ) ;
#8967 = AXIS2_PLACEMENT_3D ( 'NONE', #9665, #2518, #5724 ) ;
#8968 =( NAMED_UNIT ( * ) PLANE_ANGLE_UNIT ( ) SI_UNIT ( $, .RADIAN. ) );
#8969 = AXIS2_PLACEMENT_3D ( 'NONE', #10026, #5293, #3861 ) ;
#8970 = AXIS2_PLACEMENT_3D ( 'NONE', #7255, #1552, #3864 ) ;
#8971 = CARTESIAN_POINT ( 'NONE',  ( -7.620000000000000995, 1.599999999999999867, -8.382000000000001450 ) ) ;
#8972 = EDGE_CURVE ( 'NONE', #7963, #1868, #9539, .T. ) ;
#8973 = AXIS2_PLACEMENT_3D ( 'NONE', #6437, #4799, #7988 ) ;
#8974 = CARTESIAN_POINT ( 'NONE',  ( 0.000000000000000000, 1.600000000000000089, 11.00000000000000355 ) ) ;
#8975 = ORIENTED_EDGE ( 'NONE', *, *, #3676, .F. ) ;
#8976 = ORIENTED_EDGE ( 'NONE', *, *, #2577, .T. ) ;
#8977 = ORIENTED_EDGE ( 'NONE', *, *, #521, .F. ) ;
#8978 = CIRCLE ( 'NONE', #130, 0.5079999999999997851 ) ;
#8979 = CARTESIAN_POINT ( 'NONE',  ( 6.150000000000000355, 29.71055027400083759, -4.580000000000003624 ) ) ;
#8980 = CIRCLE ( 'NONE', #305, 0.5080000000000045590 ) ;
#8981 = DIRECTION ( 'NONE',  ( -0.000000000000000000, -1.000000000000000000, -0.000000000000000000 ) ) ;
#8982 = CARTESIAN_POINT ( 'NONE',  ( 9.500000000000000000, 1.599999999999999867, 0.000000000000000000 ) ) ;
#8983 = EDGE_CURVE ( 'NONE', #1351, #913, #3908, .T. ) ;
#8984 = CARTESIAN_POINT ( 'NONE',  ( 1.282602633025372779E-15, 2.970000000000000195, 9.390000000000005898 ) ) ;
#8985 = LINE ( 'NONE', #410, #9758 ) ;
#8986 = DIRECTION ( 'NONE',  ( 0.000000000000000000, 0.000000000000000000, 1.000000000000000000 ) ) ;
#8987 = CARTESIAN_POINT ( 'NONE',  ( 3.969999999999999751, 3.000000000000000000, -7.259999999999995346 ) ) ;
#8988 = SURFACE_SIDE_STYLE ('',( #4091 ) ) ;
#8989 = LINE ( 'NONE', #6760, #9961 ) ;
#8990 = VERTEX_POINT ( 'NONE', #4114 ) ;
#8991 = DIRECTION ( 'NONE',  ( 1.000000000000000000, -0.000000000000000000, 0.000000000000000000 ) ) ;
#8992 = ORIENTED_EDGE ( 'NONE', *, *, #1049, .T. ) ;
#8993 = ORIENTED_EDGE ( 'NONE', *, *, #6684, .T. ) ;
#8994 = DIRECTION ( 'NONE',  ( -1.000000000000000000, 0.000000000000000000, -0.000000000000000000 ) ) ;
#8995 = AXIS2_PLACEMENT_3D ( 'NONE', #5588, #5487, #8556 ) ;
#8996 = CARTESIAN_POINT ( 'NONE',  ( 0.000000000000000000, 1.600000000000000089, 0.4700000000000016387 ) ) ;
#8997 = AXIS2_PLACEMENT_3D ( 'NONE', #7786, #2733, #10199 ) ;
#8998 = DIRECTION ( 'NONE',  ( 0.000000000000000000, 0.000000000000000000, 1.000000000000000000 ) ) ;
#8999 = PLANE ( 'NONE',  #10161 ) ;
#9000 = DIRECTION ( 'NONE',  ( 0.000000000000000000, 0.000000000000000000, 1.000000000000000000 ) ) ;
#9001 = ORIENTED_EDGE ( 'NONE', *, *, #9676, .T. ) ;
#9002 = CIRCLE ( 'NONE', #4018, 0.5080000000000062244 ) ;
#9003 = ORIENTED_EDGE ( 'NONE', *, *, #5683, .T. ) ;
#9004 = ORIENTED_EDGE ( 'NONE', *, *, #4430, .F. ) ;
#9005 = CARTESIAN_POINT ( 'NONE',  ( 3.219999999999999751, 1.600000000000000089, -9.979999999999996874 ) ) ;
#9006 = ADVANCED_FACE ( 'NONE', ( #3228 ), #8713, .F. ) ;
#9007 = CARTESIAN_POINT ( 'NONE',  ( 9.500000000000000000, 4.721281787984062284, 0.000000000000000000 ) ) ;
#9008 = EDGE_CURVE ( 'NONE', #388, #9211, #4698, .T. ) ;
#9009 = CARTESIAN_POINT ( 'NONE',  ( -6.505213034912861929E-16, 4.721281787984062284, -0.4699999999999880385 ) ) ;
#9010 = FACE_OUTER_BOUND ( 'NONE', #8552, .T. ) ;
#9011 = DIRECTION ( 'NONE',  ( -0.000000000000000000, -1.000000000000000000, -0.000000000000000000 ) ) ;
#9012 = VERTEX_POINT ( 'NONE', #4906 ) ;
#9013 = ORIENTED_EDGE ( 'NONE', *, *, #7399, .T. ) ;
#9014 = ORIENTED_EDGE ( 'NONE', *, *, #10119, .F. ) ;
#9015 = CYLINDRICAL_SURFACE ( 'NONE', #1120, 0.5079999999999963434 ) ;
#9016 = ORIENTED_EDGE ( 'NONE', *, *, #5668, .F. ) ;
#9017 = VERTEX_POINT ( 'NONE', #5647 ) ;
#9018 = CARTESIAN_POINT ( 'NONE',  ( 0.000000000000000000, 0.000000000000000000, -7.150000000000001243 ) ) ;
#9019 = EDGE_CURVE ( 'NONE', #8190, #1449, #4019, .T. ) ;
#9020 = ADVANCED_FACE ( 'NONE', ( #3121 ), #6338, .T. ) ;
#9021 = LINE ( 'NONE', #1079, #8768 ) ;
#9022 = EDGE_CURVE ( 'NONE', #9678, #4913, #7222, .T. ) ;
#9023 = PLANE ( 'NONE',  #148 ) ;
#9024 = FACE_OUTER_BOUND ( 'NONE', #9446, .T. ) ;
#9025 = VERTEX_POINT ( 'NONE', #9590 ) ;
#9026 = DIRECTION ( 'NONE',  ( 0.000000000000000000, 0.000000000000000000, 1.000000000000000000 ) ) ;
#9027 = VERTEX_POINT ( 'NONE', #2436 ) ;
#9028 = VERTEX_POINT ( 'NONE', #8039 ) ;
#9029 = CYLINDRICAL_SURFACE ( 'NONE', #998, 0.7999999999999999334 ) ;
#9030 = EDGE_CURVE ( 'NONE', #2749, #5771, #871, .T. ) ;
#9031 = LINE ( 'NONE', #2768, #8763 ) ;
#9032 = LINE ( 'NONE', #247, #1622 ) ;
#9033 = CARTESIAN_POINT ( 'NONE',  ( -9.499999999999996447, 1.600000000000000089, -0.4699999999999986411 ) ) ;
#9034 = DIRECTION ( 'NONE',  ( 0.000000000000000000, 0.000000000000000000, -1.000000000000000000 ) ) ;
#9035 = CARTESIAN_POINT ( 'NONE',  ( -7.620000000000000995, 0.000000000000000000, -9.397999999999999687 ) ) ;
#9036 = ORIENTED_EDGE ( 'NONE', *, *, #9626, .T. ) ;
#9037 = CARTESIAN_POINT ( 'NONE',  ( -6.150000000000000355, 2.970000000000000195, -9.340000000000003411 ) ) ;
#9038 = VERTEX_POINT ( 'NONE', #6588 ) ;
#9039 = ORIENTED_EDGE ( 'NONE', *, *, #7884, .T. ) ;
#9040 = VECTOR ( 'NONE', #3098, 1000.000000000000000 ) ;
#9041 = EDGE_CURVE ( 'NONE', #5091, #4513, #4390, .T. ) ;
#9042 = VECTOR ( 'NONE', #5348, 1000.000000000000000 ) ;
#9043 = DIRECTION ( 'NONE',  ( 0.000000000000000000, 1.000000000000000000, -0.000000000000000000 ) ) ;
#9044 = CARTESIAN_POINT ( 'NONE',  ( -9.499999999999996447, 1.600000000000000089, 0.000000000000000000 ) ) ;
#9045 = DIRECTION ( 'NONE',  ( -0.000000000000000000, -1.000000000000000000, -0.000000000000000000 ) ) ;
#9046 = DIRECTION ( 'NONE',  ( 0.000000000000000000, 0.000000000000000000, -1.000000000000000000 ) ) ;
#9047 = PLANE ( 'NONE',  #9048 ) ;
#9048 = AXIS2_PLACEMENT_3D ( 'NONE', #8273, #5267, #6058 ) ;
#9049 = VERTEX_POINT ( 'NONE', #4264 ) ;
#9050 = DIRECTION ( 'NONE',  ( -0.000000000000000000, -1.000000000000000000, -0.000000000000000000 ) ) ;
#9051 = ORIENTED_EDGE ( 'NONE', *, *, #7175, .F. ) ;
#9052 = EDGE_CURVE ( 'NONE', #9819, #663, #226, .T. ) ;
#9053 = DIRECTION ( 'NONE',  ( 0.000000000000000000, 0.000000000000000000, 1.000000000000000000 ) ) ;
#9054 = AXIS2_PLACEMENT_3D ( 'NONE', #5179, #9602, #9797 ) ;
#9055 = CARTESIAN_POINT ( 'NONE',  ( 0.000000000000000000, 3.069999999999999840, 9.340000000000006963 ) ) ;
#9056 = FACE_OUTER_BOUND ( 'NONE', #608, .T. ) ;
#9057 = DIRECTION ( 'NONE',  ( 1.000000000000000000, 0.000000000000000000, 0.000000000000000000 ) ) ;
#9058 = FACE_OUTER_BOUND ( 'NONE', #4367, .T. ) ;
#9059 = FACE_OUTER_BOUND ( 'NONE', #1262, .T. ) ;
#9060 = ORIENTED_EDGE ( 'NONE', *, *, #3985, .F. ) ;
#9061 = ORIENTED_EDGE ( 'NONE', *, *, #5536, .T. ) ;
#9062 = DIRECTION ( 'NONE',  ( 0.000000000000000000, 0.000000000000000000, 1.000000000000000000 ) ) ;
#9063 = ORIENTED_EDGE ( 'NONE', *, *, #9626, .F. ) ;
#9064 = EDGE_LOOP ( 'NONE', ( #620, #5020, #10253, #7627 ) ) ;
#9065 = ADVANCED_FACE ( 'NONE', ( #8911 ), #9105, .T. ) ;
#9066 = CARTESIAN_POINT ( 'NONE',  ( 7.620000000000188400, 0.000000000000000000, 9.398000000000008569 ) ) ;
#9067 = FACE_OUTER_BOUND ( 'NONE', #11, .T. ) ;
#9068 = DIRECTION ( 'NONE',  ( 0.000000000000000000, 0.000000000000000000, -1.000000000000000000 ) ) ;
#9069 = EDGE_LOOP ( 'NONE', ( #6959, #145, #5299, #6315, #8531, #10105 ) ) ;
#9070 = ADVANCED_FACE ( 'NONE', ( #4320 ), #7507, .F. ) ;
#9071 = DIRECTION ( 'NONE',  ( 1.000000000000000000, 0.000000000000000000, -0.000000000000000000 ) ) ;
#9072 = EDGE_CURVE ( 'NONE', #7795, #9012, #1547, .T. ) ;
#9073 = VERTEX_POINT ( 'NONE', #4958 ) ;
#9074 = ORIENTED_EDGE ( 'NONE', *, *, #7629, .F. ) ;
#9075 = ORIENTED_EDGE ( 'NONE', *, *, #4253, .F. ) ;
#9076 = EDGE_CURVE ( 'NONE', #3479, #3783, #5908, .T. ) ;
#9077 = FACE_OUTER_BOUND ( 'NONE', #2505, .T. ) ;
#9078 = CIRCLE ( 'NONE', #71, 0.8500000000000000888 ) ;
#9080 = DIRECTION ( 'NONE',  ( -6.920439398843646079E-16, 0.000000000000000000, -1.000000000000000000 ) ) ;
#9079 = AXIS2_PLACEMENT_3D ( 'NONE', #4193, #2523, #8931 ) ;
#9081 = CARTESIAN_POINT ( 'NONE',  ( -9.499999999999996447, 0.000000000000000000, -0.000000000000000000 ) ) ;
#9082 = DIRECTION ( 'NONE',  ( -0.000000000000000000, -1.000000000000000000, -0.000000000000000000 ) ) ;
#9083 = DIRECTION ( 'NONE',  ( -0.000000000000000000, -1.000000000000000000, -0.000000000000000000 ) ) ;
#9084 = LINE ( 'NONE', #248, #8921 ) ;
#9085 = CARTESIAN_POINT ( 'NONE',  ( 9.500000000000000000, 4.721281787984062284, -9.397999999999996135 ) ) ;
#9086 = ADVANCED_FACE ( 'NONE', ( #8343 ), #3488, .T. ) ;
#9087 = DIRECTION ( 'NONE',  ( -0.000000000000000000, -1.000000000000000000, -0.000000000000000000 ) ) ;
#9088 = VERTEX_POINT ( 'NONE', #8956 ) ;
#9089 = EDGE_LOOP ( 'NONE', ( #5468, #3531, #4314, #2990 ) ) ;
#9090 = VERTEX_POINT ( 'NONE', #5014 ) ;
#9091 = EDGE_CURVE ( 'NONE', #3570, #8301, #7406, .T. ) ;
#9092 = LINE ( 'NONE', #4300, #5868 ) ;
#9093 = AXIS2_PLACEMENT_3D ( 'NONE', #5989, #1987, #1205 ) ;
#9094 = CARTESIAN_POINT ( 'NONE',  ( 3.219999999999999751, 1.750000000000000000, -9.979999999999996874 ) ) ;
#9095 = FACE_OUTER_BOUND ( 'NONE', #4387, .T. ) ;
#9096 = CARTESIAN_POINT ( 'NONE',  ( 1.240000000000001545, 3.069999999999999840, -9.390000000000000568 ) ) ;
#9097 = DIRECTION ( 'NONE',  ( -0.000000000000000000, -1.000000000000000000, -0.000000000000000000 ) ) ;
#9098 = CARTESIAN_POINT ( 'NONE',  ( -7.620000000000000107, 0.000000000000000000, 3.010000000000002451 ) ) ;
#9099 = ADVANCED_FACE ( 'NONE', ( #6633 ), #8281, .F. ) ;
#9100 = AXIS2_PLACEMENT_3D ( 'NONE', #9123, #8356, #4385 ) ;
#9101 = ORIENTED_EDGE ( 'NONE', *, *, #2778, .F. ) ;
#9102 = CARTESIAN_POINT ( 'NONE',  ( 4.719999999999999751, 1.750000000000000000, -9.479999999999995097 ) ) ;
#9103 = ORIENTED_EDGE ( 'NONE', *, *, #2826, .T. ) ;
#9104 = CARTESIAN_POINT ( 'NONE',  ( -7.620000000000000107, 4.721281787984062284, 8.090000000000003411 ) ) ;
#9105 = PLANE ( 'NONE',  #10232 ) ;
#9106 = CARTESIAN_POINT ( 'NONE',  ( -9.500000000000000000, 4.721281787984062284, 0.000000000000000000 ) ) ;
#9107 = CARTESIAN_POINT ( 'NONE',  ( -7.620000000000000107, 0.000000000000000000, 2.070000000000000728 ) ) ;
#9108 = ADVANCED_FACE ( 'NONE', ( #9901 ), #2744, .F. ) ;
#9109 = CLOSED_SHELL ( 'NONE', ( #8420, #9803, #3532, #1096, #4261, #9134, #9598, #1308, #4552, #6999 ) ) ;
#9110 = ORIENTED_EDGE ( 'NONE', *, *, #7441, .T. ) ;
#9111 = ORIENTED_EDGE ( 'NONE', *, *, #7912, .T. ) ;
#9112 = ORIENTED_EDGE ( 'NONE', *, *, #9091, .T. ) ;
#9113 = VECTOR ( 'NONE', #5039, 1000.000000000000000 ) ;
#9114 = LINE ( 'NONE', #6697, #4798 ) ;
#9115 = VECTOR ( 'NONE', #5857, 1000.000000000000000 ) ;
#9116 = VERTEX_POINT ( 'NONE', #8229 ) ;
#9117 = VERTEX_POINT ( 'NONE', #603 ) ;
#9118 = CARTESIAN_POINT ( 'NONE',  ( 6.150000000000000355, 1.600000000000000755, -4.580000000000003624 ) ) ;
#9119 = VECTOR ( 'NONE', #1585, 1000.000000000000000 ) ;
#9120 = CARTESIAN_POINT ( 'NONE',  ( 7.620000000000000107, 1.600000000000000089, -4.610000000000000320 ) ) ;
#9121 = AXIS2_PLACEMENT_3D ( 'NONE', #4397, #3767, #408 ) ;
#9122 = LINE ( 'NONE', #8409, #8728 ) ;
#9123 = CARTESIAN_POINT ( 'NONE',  ( 7.620000000000135998, 0.000000000000000000, 3.810000000000002718 ) ) ;
#9124 = VECTOR ( 'NONE', #6394, 1000.000000000000000 ) ;
#9125 = ORIENTED_EDGE ( 'NONE', *, *, #8834, .F. ) ;
#9126 = DIRECTION ( 'NONE',  ( -1.000000000000000000, -0.000000000000000000, 1.365923996832131609E-16 ) ) ;
#9127 = VECTOR ( 'NONE', #4080, 1000.000000000000000 ) ;
#9128 = VECTOR ( 'NONE', #6674, 1000.000000000000000 ) ;
#9129 = ORIENTED_EDGE ( 'NONE', *, *, #6086, .T. ) ;
#9130 = ORIENTED_EDGE ( 'NONE', *, *, #4687, .T. ) ;
#9131 = VECTOR ( 'NONE', #5034, 1000.000000000000000 ) ;
#9132 = DIRECTION ( 'NONE',  ( -0.000000000000000000, -1.000000000000000000, -0.000000000000000000 ) ) ;
#9133 = VECTOR ( 'NONE', #9011, 1000.000000000000000 ) ;
#9134 = ADVANCED_FACE ( 'NONE', ( #3013 ), #1338, .F. ) ;
#9135 = AXIS2_PLACEMENT_3D ( 'NONE', #1142, #347, #2390 ) ;
#9136 = DIRECTION ( 'NONE',  ( 0.000000000000000000, 0.000000000000000000, -1.000000000000000000 ) ) ;
#9137 = DIRECTION ( 'NONE',  ( 0.000000000000000000, 0.000000000000000000, 1.000000000000000000 ) ) ;
#9138 = DIRECTION ( 'NONE',  ( 0.000000000000000000, 0.000000000000000000, 1.000000000000000000 ) ) ;
#9139 = LINE ( 'NONE', #1986, #8799 ) ;
#9140 = EDGE_CURVE ( 'NONE', #7673, #8699, #3554, .T. ) ;
#9141 = CARTESIAN_POINT ( 'NONE',  ( 1.589999999999999636, 29.71055027400083759, -9.340000000000003411 ) ) ;
#9142 = CARTESIAN_POINT ( 'NONE',  ( 9.500000000000000000, 0.000000000000000000, 0.000000000000000000 ) ) ;
#9143 = DIRECTION ( 'NONE',  ( -0.000000000000000000, -1.000000000000000000, -0.000000000000000000 ) ) ;
#9144 = ORIENTED_EDGE ( 'NONE', *, *, #5666, .T. ) ;
#9145 = VECTOR ( 'NONE', #6792, 1000.000000000000000 ) ;
#9146 = EDGE_LOOP ( 'NONE', ( #10070, #8451, #7003, #4034 ) ) ;
#9147 = ORIENTED_EDGE ( 'NONE', *, *, #3216, .F. ) ;
#9148 = CIRCLE ( 'NONE', #131, 0.7999999999999994893 ) ;
#9149 = DIRECTION ( 'NONE',  ( 0.000000000000000000, 1.000000000000000000, -0.000000000000000000 ) ) ;
#9150 = EDGE_CURVE ( 'NONE', #7197, #5337, #9323, .T. ) ;
#9151 = DIRECTION ( 'NONE',  ( -1.365923996832131609E-16, 0.000000000000000000, -1.000000000000000000 ) ) ;
#9152 = DIRECTION ( 'NONE',  ( 0.000000000000000000, 0.000000000000000000, -1.000000000000000000 ) ) ;
#9153 = VECTOR ( 'NONE', #4015, 1000.000000000000000 ) ;
#9154 = VECTOR ( 'NONE', #8088, 1000.000000000000000 ) ;
#9155 = CARTESIAN_POINT ( 'NONE',  ( -7.619999999999869544, 0.000000000000000000, 3.810000000000000941 ) ) ;
#9156 = EDGE_CURVE ( 'NONE', #6531, #4666, #9218, .T. ) ;
#9157 = DIRECTION ( 'NONE',  ( 0.000000000000000000, 0.000000000000000000, -1.000000000000000000 ) ) ;
#9158 = LINE ( 'NONE', #3780, #1555 ) ;
#9159 = ORIENTED_EDGE ( 'NONE', *, *, #4227, .F. ) ;
#9160 = DIRECTION ( 'NONE',  ( 0.000000000000000000, 0.000000000000000000, -1.000000000000000000 ) ) ;
#9161 = ORIENTED_EDGE ( 'NONE', *, *, #6255, .T. ) ;
#9162 = AXIS2_PLACEMENT_3D ( 'NONE', #9433, #2272, #6330 ) ;
#9163 = CARTESIAN_POINT ( 'NONE',  ( 9.500000000000003553, 1.600000000000000089, 0.000000000000000000 ) ) ;
#9164 = ADVANCED_FACE ( 'NONE', ( #8548 ), #10013, .F. ) ;
#9165 = DIRECTION ( 'NONE',  ( 0.000000000000000000, 0.000000000000000000, 1.000000000000000000 ) ) ;
#9166 = UNCERTAINTY_MEASURE_WITH_UNIT (LENGTH_MEASURE( 1.000000000000000082E-05 ), #4077, 'distance_accuracy_value', 'NONE');
#9167 = FACE_OUTER_BOUND ( 'NONE', #9300, .T. ) ;
#9168 = VECTOR ( 'NONE', #10365, 1000.000000000000000 ) ;
#9169 = LINE ( 'NONE', #2857, #3894 ) ;
#9170 = LINE ( 'NONE', #5909, #6421 ) ;
#9171 = DIRECTION ( 'NONE',  ( -0.000000000000000000, -1.000000000000000000, -0.000000000000000000 ) ) ;
#9172 = ORIENTED_EDGE ( 'NONE', *, *, #3060, .T. ) ;
#9173 = VERTEX_POINT ( 'NONE', #7044 ) ;
#9174 = DIRECTION ( 'NONE',  ( -1.000000000000000000, 0.000000000000000000, -0.000000000000000000 ) ) ;
#9175 = EDGE_LOOP ( 'NONE', ( #6785, #4625, #7674, #6176, #9368, #6848 ) ) ;
#9176 = VERTEX_POINT ( 'NONE', #5432 ) ;
#9177 = VECTOR ( 'NONE', #10034, 1000.000000000000000 ) ;
#9178 = PLANE ( 'NONE',  #6013 ) ;
#9179 = EDGE_CURVE ( 'NONE', #9884, #4598, #9169, .T. ) ;
#9180 = LINE ( 'NONE', #5125, #2763 ) ;
#9181 = DIRECTION ( 'NONE',  ( 0.000000000000000000, -0.000000000000000000, 1.000000000000000000 ) ) ;
#9182 = CARTESIAN_POINT ( 'NONE',  ( -7.619999999999870433, 0.000000000000000000, 3.302000000000001378 ) ) ;
#9183 = DIRECTION ( 'NONE',  ( -0.000000000000000000, -1.000000000000000000, -0.000000000000000000 ) ) ;
#9184 = EDGE_LOOP ( 'NONE', ( #9051, #177, #8184, #10302 ) ) ;
#9185 = MECHANICAL_DESIGN_GEOMETRIC_PRESENTATION_REPRESENTATION (  '', ( #2346 ), #1510 ) ;
#9186 = DIRECTION ( 'NONE',  ( 0.000000000000000000, 0.000000000000000000, -1.000000000000000000 ) ) ;
#9187 = EDGE_LOOP ( 'NONE', ( #7910, #8179, #8347, #8462 ) ) ;
#9188 = EDGE_LOOP ( 'NONE', ( #8079, #7356, #3083, #3950 ) ) ;
#9189 = CARTESIAN_POINT ( 'NONE',  ( 0.000000000000000000, 0.000000000000000000, 2.070000000000002505 ) ) ;
#9190 = DIRECTION ( 'NONE',  ( 1.000000000000000000, 0.000000000000000000, -1.366641393889290701E-16 ) ) ;
#9191 = CARTESIAN_POINT ( 'NONE',  ( 7.620000000000000107, 0.000000000000000000, -3.009999999999998010 ) ) ;
#9192 = DIRECTION ( 'NONE',  ( 0.000000000000000000, 0.000000000000000000, 1.000000000000000000 ) ) ;
#9193 = CARTESIAN_POINT ( 'NONE',  ( 9.500000000000003553, 1.600000000000000089, 0.000000000000000000 ) ) ;
#9194 = DIRECTION ( 'NONE',  ( 1.000000000000000000, -0.000000000000000000, -1.384087879768729216E-15 ) ) ;
#9195 = FILL_AREA_STYLE_COLOUR ( '', #1846 ) ;
#9196 = DIRECTION ( 'NONE',  ( -0.000000000000000000, -1.000000000000000000, -0.000000000000000000 ) ) ;
#9197 = VERTEX_POINT ( 'NONE', #5227 ) ;
#9198 = ORIENTED_EDGE ( 'NONE', *, *, #8247, .F. ) ;
#9199 = VERTEX_POINT ( 'NONE', #2903 ) ;
#9200 = EDGE_CURVE ( 'NONE', #6505, #5236, #5278, .T. ) ;
#9201 = CARTESIAN_POINT ( 'NONE',  ( -7.464847298219355056E-15, 0.000000000000000000, -8.090000000000008740 ) ) ;
#9202 = FACE_OUTER_BOUND ( 'NONE', #1904, .T. ) ;
#9203 = SURFACE_SIDE_STYLE ('',( #7595 ) ) ;
#9204 = CARTESIAN_POINT ( 'NONE',  ( 7.620000000000084484, 0.000000000000000000, -1.269999999999998463 ) ) ;
#9205 = FACE_OUTER_BOUND ( 'NONE', #2748, .T. ) ;
#9206 = DIRECTION ( 'NONE',  ( 1.000000000000000000, 0.000000000000000000, 9.227252531791528105E-16 ) ) ;
#9207 = CARTESIAN_POINT ( 'NONE',  ( 9.500000000000000000, 0.000000000000000000, -6.857999999999999652 ) ) ;
#9208 = EDGE_LOOP ( 'NONE', ( #9303, #2478 ) ) ;
#9209 = CARTESIAN_POINT ( 'NONE',  ( 3.219999999999999751, 1.750000000000000000, -6.439999999999992397 ) ) ;
#9210 = ADVANCED_FACE ( 'NONE', ( #6893 ), #7765, .F. ) ;
#9211 = VERTEX_POINT ( 'NONE', #10065 ) ;
#9212 = EDGE_CURVE ( 'NONE', #6164, #8775, #8502, .T. ) ;
#9213 = STYLED_ITEM ( 'NONE', ( #9601 ), #1429 ) ;
#9214 = EDGE_CURVE ( 'NONE', #9738, #6598, #3743, .T. ) ;
#9215 = CARTESIAN_POINT ( 'NONE',  ( 2.699999999999999289, 1.750000000000000000, -8.409999999999993037 ) ) ;
#9216 = AXIS2_PLACEMENT_3D ( 'NONE', #1901, #1805, #9856 ) ;
#9217 = CARTESIAN_POINT ( 'NONE',  ( 1.590000000000000302, 2.970000000000000195, -5.279999999999999361 ) ) ;
#9218 = LINE ( 'NONE', #4530, #2213 ) ;
#9219 = CARTESIAN_POINT ( 'NONE',  ( -9.500000000000000000, 4.721281787984062284, 4.318000000000000504 ) ) ;
#9220 = DIRECTION ( 'NONE',  ( 0.000000000000000000, 0.000000000000000000, -1.000000000000000000 ) ) ;
#9221 = ORIENTED_EDGE ( 'NONE', *, *, #5603, .F. ) ;
#9222 = ORIENTED_EDGE ( 'NONE', *, *, #5100, .T. ) ;
#9223 = EDGE_CURVE ( 'NONE', #7002, #1378, #10074, .T. ) ;
#9224 = ORIENTED_EDGE ( 'NONE', *, *, #9076, .T. ) ;
#9225 = PLANE ( 'NONE',  #8135 ) ;
#9226 = VERTEX_POINT ( 'NONE', #2956 ) ;
#9227 = EDGE_LOOP ( 'NONE', ( #5248, #10092, #8052, #1896 ) ) ;
#9228 = EDGE_CURVE ( 'NONE', #5337, #9453, #6173, .T. ) ;
#9229 = CARTESIAN_POINT ( 'NONE',  ( 2.699999999999999289, 2.100000000000000089, -7.139999999999997016 ) ) ;
#9230 = CARTESIAN_POINT ( 'NONE',  ( -7.619999999999819806, 0.000000000000000000, 8.890000000000004121 ) ) ;
#9231 = LINE ( 'NONE', #1440, #2642 ) ;
#9232 = FACE_OUTER_BOUND ( 'NONE', #3827, .T. ) ;
#9233 = FILL_AREA_STYLE_COLOUR ( '', #3942 ) ;
#9234 = AXIS2_PLACEMENT_3D ( 'NONE', #2308, #5622, #5520 ) ;
#9235 = ORIENTED_EDGE ( 'NONE', *, *, #1600, .T. ) ;
#9236 = CARTESIAN_POINT ( 'NONE',  ( 9.500000000000000000, 4.721281787984062284, -9.690000000000003055 ) ) ;
#9237 = EDGE_CURVE ( 'NONE', #4559, #9908, #3850, .T. ) ;
#9238 = ORIENTED_EDGE ( 'NONE', *, *, #137, .F. ) ;
#9239 = ORIENTED_EDGE ( 'NONE', *, *, #6224, .T. ) ;
#9240 = LINE ( 'NONE', #9189, #9177 ) ;
#9241 =( NAMED_UNIT ( * ) SI_UNIT ( $, .STERADIAN. ) SOLID_ANGLE_UNIT ( ) );
#9242 = FACE_OUTER_BOUND ( 'NONE', #7959, .T. ) ;
#9243 = CARTESIAN_POINT ( 'NONE',  ( 9.500000000000003553, 0.000000000000000000, -2.069999999999998508 ) ) ;
#9244 = PLANE ( 'NONE',  #919 ) ;
#9245 = DIRECTION ( 'NONE',  ( 1.000000000000000000, 0.000000000000000000, 0.000000000000000000 ) ) ;
#9246 = DIRECTION ( 'NONE',  ( 0.000000000000000000, 0.000000000000000000, -1.000000000000000000 ) ) ;
#9247 = ADVANCED_FACE ( 'NONE', ( #4782 ), #1646, .F. ) ;
#9248 = CARTESIAN_POINT ( 'NONE',  ( 0.000000000000000000, 1.600000000000000089, 8.090000000000003411 ) ) ;
#9249 = ORIENTED_EDGE ( 'NONE', *, *, #5283, .F. ) ;
#9250 = VERTEX_POINT ( 'NONE', #10334 ) ;
#9251 = ORIENTED_EDGE ( 'NONE', *, *, #1570, .F. ) ;
#9252 = AXIS2_PLACEMENT_3D ( 'NONE', #4090, #6458, #1575 ) ;
#9253 = CARTESIAN_POINT ( 'NONE',  ( 1.590000000000000302, 2.970000000000000639, -4.730000000000001315 ) ) ;
#9254 = CARTESIAN_POINT ( 'NONE',  ( -6.597485560230948354E-15, 4.721281787984062284, 7.150000000000006573 ) ) ;
#9255 = CARTESIAN_POINT ( 'NONE',  ( -9.499999999999969802, 1.599999999999999867, -6.349999999999999645 ) ) ;
#9256 = CARTESIAN_POINT ( 'NONE',  ( 0.000000000000000000, 1.600000000000000089, 0.4700000000000016387 ) ) ;
#9257 = CARTESIAN_POINT ( 'NONE',  ( -9.499999999999996447, 1.600000000000000089, -4.609999999999998543 ) ) ;
#9258 = VERTEX_POINT ( 'NONE', #7242 ) ;
#9259 = VERTEX_POINT ( 'NONE', #3900 ) ;
#9260 = AXIS2_PLACEMENT_3D ( 'NONE', #6605, #5138, #5035 ) ;
#9261 = FACE_OUTER_BOUND ( 'NONE', #873, .T. ) ;
#9262 = ORIENTED_EDGE ( 'NONE', *, *, #5142, .T. ) ;
#9263 = AXIS2_PLACEMENT_3D ( 'NONE', #3020, #7051, #7007 ) ;
#9264 = DIRECTION ( 'NONE',  ( -0.000000000000000000, -1.000000000000000000, -0.000000000000000000 ) ) ;
#9265 = CARTESIAN_POINT ( 'NONE',  ( -9.500000000000000000, 4.721281787984062284, 4.610000000000002984 ) ) ;
#9266 = EDGE_CURVE ( 'NONE', #7948, #5738, #10273, .T. ) ;
#9267 = VECTOR ( 'NONE', #9340, 1000.000000000000000 ) ;
#9268 = CARTESIAN_POINT ( 'NONE',  ( 0.000000000000000000, 0.000000000000000000, 0.000000000000000000 ) ) ;
#9269 = CARTESIAN_POINT ( 'NONE',  ( 6.000000000000001776, 3.270000000000000018, -4.580000000000003624 ) ) ;
#9270 = DIRECTION ( 'NONE',  ( 1.000000000000000000, 0.000000000000000000, -9.227252531791528105E-16 ) ) ;
#9271 = ORIENTED_EDGE ( 'NONE', *, *, #7128, .F. ) ;
#9272 = EDGE_CURVE ( 'NONE', #5652, #8744, #907, .T. ) ;
#9273 = ORIENTED_EDGE ( 'NONE', *, *, #1816, .T. ) ;
#9274 = ORIENTED_EDGE ( 'NONE', *, *, #5346, .T. ) ;
#9275 = ORIENTED_EDGE ( 'NONE', *, *, #6368, .F. ) ;
#9276 = CARTESIAN_POINT ( 'NONE',  ( -7.619999999999975238, 1.599999999999999867, -6.349999999999999645 ) ) ;
#9277 = CYLINDRICAL_SURFACE ( 'NONE', #290, 0.5080000000000001181 ) ;
#9278 = EDGE_CURVE ( 'NONE', #7375, #7354, #4007, .T. ) ;
#9279 = DIRECTION ( 'NONE',  ( 0.000000000000000000, 0.000000000000000000, -1.000000000000000000 ) ) ;
#9280 = DIRECTION ( 'NONE',  ( 0.000000000000000000, 0.000000000000000000, 1.000000000000000000 ) ) ;
#9281 = EDGE_CURVE ( 'NONE', #3702, #9646, #5534, .T. ) ;
#9282 = VECTOR ( 'NONE', #8547, 1000.000000000000000 ) ;
#9283 = EDGE_LOOP ( 'NONE', ( #1345, #2118, #7713, #2533 ) ) ;
#9284 = DIRECTION ( 'NONE',  ( 0.000000000000000000, 0.000000000000000000, 1.000000000000000000 ) ) ;
#9285 = VERTEX_POINT ( 'NONE', #6323 ) ;
#9286 = CLOSED_SHELL ( 'NONE', ( #3249, #2802, #4936, #8767, #6696, #2952, #4187, #91, #2085, #7063 ) ) ;
#9287 = CARTESIAN_POINT ( 'NONE',  ( 0.000000000000000000, 0.000000000000000000, 3.010000000000002451 ) ) ;
#9288 = CIRCLE ( 'NONE', #8798, 0.5080000000000023386 ) ;
#9289 = AXIS2_PLACEMENT_3D ( 'NONE', #6072, #1075, #3497 ) ;
#9290 = EDGE_CURVE ( 'NONE', #10120, #7431, #7563, .T. ) ;
#9291 = SURFACE_SIDE_STYLE ('',( #4660 ) ) ;
#9292 = DIRECTION ( 'NONE',  ( -1.366641393889291440E-16, -0.000000000000000000, -1.000000000000000000 ) ) ;
#9293 = VECTOR ( 'NONE', #859, 1000.000000000000000 ) ;
#9294 = CARTESIAN_POINT ( 'NONE',  ( 9.500000000000000000, 1.599999999999999867, -6.857999999999999652 ) ) ;
#9295 = CARTESIAN_POINT ( 'NONE',  ( 7.620000000000192841, 4.721281787984062284, 8.890000000000000568 ) ) ;
#9296 = CARTESIAN_POINT ( 'NONE',  ( 0.000000000000000000, 2.970000000000000195, -9.390000000000000568 ) ) ;
#9297 = SHAPE_DEFINITION_REPRESENTATION ( #8723, #1783 ) ;
#9298 = CARTESIAN_POINT ( 'NONE',  ( 9.500000000000000000, 1.599999999999999867, -2.069999999999998508 ) ) ;
#9299 = DIRECTION ( 'NONE',  ( 0.000000000000000000, 0.000000000000000000, 1.000000000000000000 ) ) ;
#9300 = EDGE_LOOP ( 'NONE', ( #681, #8733, #678, #7320 ) ) ;
#9301 = AXIS2_PLACEMENT_3D ( 'NONE', #8431, #6768, #3730 ) ;
#9302 = VECTOR ( 'NONE', #2651, 1000.000000000000000 ) ;
#9303 = ORIENTED_EDGE ( 'NONE', *, *, #1525, .T. ) ;
#9304 = ORIENTED_EDGE ( 'NONE', *, *, #2370, .F. ) ;
#9305 = AXIS2_PLACEMENT_3D ( 'NONE', #4539, #8510, #767 ) ;
#9306 = AXIS2_PLACEMENT_3D ( 'NONE', #9044, #8269, #2000 ) ;
#9307 = EDGE_CURVE ( 'NONE', #8990, #6637, #2322, .T. ) ;
#9308 = FACE_OUTER_BOUND ( 'NONE', #3048, .T. ) ;
#9309 = CARTESIAN_POINT ( 'NONE',  ( -7.620000000000000107, 1.600000000000000089, -8.090000000000001634 ) ) ;
#9310 = LINE ( 'NONE', #8536, #6657 ) ;
#9311 = DIRECTION ( 'NONE',  ( 0.000000000000000000, 0.000000000000000000, 1.000000000000000000 ) ) ;
#9312 = LINE ( 'NONE', #4717, #3607 ) ;
#9313 = CARTESIAN_POINT ( 'NONE',  ( 9.500000000000000000, 0.000000000000000000, -1.778000000000000469 ) ) ;
#9314 = VECTOR ( 'NONE', #1661, 1000.000000000000000 ) ;
#9315 = LINE ( 'NONE', #3782, #95 ) ;
#9316 = VERTEX_POINT ( 'NONE', #2268 ) ;
#9317 = ORIENTED_EDGE ( 'NONE', *, *, #1481, .F. ) ;
#9318 = AXIS2_PLACEMENT_3D ( 'NONE', #10052, #5317, #5419 ) ;
#9319 = CYLINDRICAL_SURFACE ( 'NONE', #5013, 0.1000000000000002554 ) ;
#9320 = VECTOR ( 'NONE', #4199, 1000.000000000000000 ) ;
#9321 = LINE ( 'NONE', #9373, #8472 ) ;
#9322 = DIRECTION ( 'NONE',  ( 0.000000000000000000, 0.000000000000000000, 1.000000000000000000 ) ) ;
#9323 = LINE ( 'NONE', #8600, #880 ) ;
#9324 = DIRECTION ( 'NONE',  ( 0.000000000000000000, 1.000000000000000000, 0.000000000000000000 ) ) ;
#9325 = LINE ( 'NONE', #3699, #6167 ) ;
#9326 = ORIENTED_EDGE ( 'NONE', *, *, #5355, .F. ) ;
#9327 = ORIENTED_EDGE ( 'NONE', *, *, #8242, .T. ) ;
#9328 = VECTOR ( 'NONE', #8709, 1000.000000000000000 ) ;
#9329 = ORIENTED_EDGE ( 'NONE', *, *, #9019, .T. ) ;
#9330 = VERTEX_POINT ( 'NONE', #3947 ) ;
#9331 = ADVANCED_FACE ( 'NONE', ( #2372 ), #7140, .F. ) ;
#9332 = PLANE ( 'NONE',  #3170 ) ;
#9333 = CARTESIAN_POINT ( 'NONE',  ( -7.620000000000000995, 0.000000000000000000, -8.890000000000000568 ) ) ;
#9334 = DIRECTION ( 'NONE',  ( 0.000000000000000000, 0.000000000000000000, -1.000000000000000000 ) ) ;
#9335 = ADVANCED_FACE ( 'NONE', ( #1062 ), #7443, .F. ) ;
#9336 = AXIS2_PLACEMENT_3D ( 'NONE', #712, #2224, #3062 ) ;
#9337 = VECTOR ( 'NONE', #6758, 1000.000000000000000 ) ;
#9338 = DIRECTION ( 'NONE',  ( 0.000000000000000000, 0.000000000000000000, -1.000000000000000000 ) ) ;
#9339 = CYLINDRICAL_SURFACE ( 'NONE', #1715, 0.5080000000000045590 ) ;
#9340 = DIRECTION ( 'NONE',  ( -1.000000000000000000, 0.000000000000000000, 0.000000000000000000 ) ) ;
#9341 = ORIENTED_EDGE ( 'NONE', *, *, #6005, .T. ) ;
#9342 = ORIENTED_EDGE ( 'NONE', *, *, #3229, .T. ) ;
#9343 = ORIENTED_EDGE ( 'NONE', *, *, #1925, .T. ) ;
#9345 = DIRECTION ( 'NONE',  ( 0.000000000000000000, -1.000000000000000000, 0.000000000000000000 ) ) ;
#9344 = AXIS2_PLACEMENT_3D ( 'NONE', #9838, #5895, #2730 ) ;
#9346 = ADVANCED_FACE ( 'NONE', ( #1790 ), #6530, .F. ) ;
#9347 = ORIENTED_EDGE ( 'NONE', *, *, #3348, .F. ) ;
#9348 = EDGE_CURVE ( 'NONE', #5700, #3479, #5949, .T. ) ;
#9349 = DIRECTION ( 'NONE',  ( 1.000000000000000000, -0.000000000000000000, 0.000000000000000000 ) ) ;
#9350 = EDGE_CURVE ( 'NONE', #8440, #5458, #2054, .T. ) ;
#9351 = VECTOR ( 'NONE', #1078, 1000.000000000000000 ) ;
#9352 = CYLINDRICAL_SURFACE ( 'NONE', #404, 0.5080000000000050031 ) ;
#9353 = CARTESIAN_POINT ( 'NONE',  ( 4.719999999999999751, 1.750000000000000000, -6.939999999999995062 ) ) ;
#9354 = PLANE ( 'NONE',  #5649 ) ;
#9355 = LINE ( 'NONE', #8576, #7271 ) ;
#9356 = CARTESIAN_POINT ( 'NONE',  ( 9.500000000000000000, 1.599999999999999867, 8.090000000000003411 ) ) ;
#9357 = ORIENTED_EDGE ( 'NONE', *, *, #9399, .T. ) ;
#9358 = ORIENTED_EDGE ( 'NONE', *, *, #2340, .F. ) ;
#9359 = EDGE_CURVE ( 'NONE', #7850, #9025, #5847, .T. ) ;
#9360 = ORIENTED_EDGE ( 'NONE', *, *, #8618, .F. ) ;
#9361 = LINE ( 'NONE', #640, #7189 ) ;
#9362 = CARTESIAN_POINT ( 'NONE',  ( 7.620000000000032081, 1.599999999999999867, -6.349999999999999645 ) ) ;
#9363 = DIRECTION ( 'NONE',  ( 1.000000000000000000, 0.000000000000000000, 0.000000000000000000 ) ) ;
#9364 = DIRECTION ( 'NONE',  ( -0.000000000000000000, -1.000000000000000000, -0.000000000000000000 ) ) ;
#9365 = CARTESIAN_POINT ( 'NONE',  ( 8.941207703305983145E-15, 1.600000000000000089, -9.689999999999992397 ) ) ;
#9366 = CARTESIAN_POINT ( 'NONE',  ( -7.620000000000000995, 0.000000000000000000, -5.549999999999998934 ) ) ;
#9367 = ORIENTED_EDGE ( 'NONE', *, *, #5488, .T. ) ;
#9368 = ORIENTED_EDGE ( 'NONE', *, *, #178, .T. ) ;
#9369 = DIRECTION ( 'NONE',  ( -0.000000000000000000, -1.000000000000000000, -0.000000000000000000 ) ) ;
#9370 = VERTEX_POINT ( 'NONE', #9098 ) ;
#9371 = EDGE_CURVE ( 'NONE', #7431, #431, #2690, .T. ) ;
#9372 = DIRECTION ( 'NONE',  ( -0.000000000000000000, -1.000000000000000000, -0.000000000000000000 ) ) ;
#9373 = CARTESIAN_POINT ( 'NONE',  ( 9.500000000000003553, 1.600000000000000089, 2.070000000000002505 ) ) ;
#9374 = UNCERTAINTY_MEASURE_WITH_UNIT (LENGTH_MEASURE( 1.000000000000000082E-05 ), #3504, 'distance_accuracy_value', 'NONE');
#9375 = CARTESIAN_POINT ( 'NONE',  ( 6.350000000000001421, 29.71055027400083759, 9.490000000000003766 ) ) ;
#9376 = CARTESIAN_POINT ( 'NONE',  ( 7.620000000000032969, 1.600000000000000089, -6.349999999999999645 ) ) ;
#9377 = CARTESIAN_POINT ( 'NONE',  ( 7.620000000000162643, 1.599999999999999867, 5.841999999999997861 ) ) ;
#9378 = EDGE_LOOP ( 'NONE', ( #2894, #3979, #2279, #5151 ) ) ;
#9379 = EDGE_LOOP ( 'NONE', ( #8860, #3209, #7187, #135 ) ) ;
#9380 = ADVANCED_FACE ( 'NONE', ( #8901 ), #1017, .F. ) ;
#9381 = ORIENTED_EDGE ( 'NONE', *, *, #8532, .F. ) ;
#9382 = ORIENTED_EDGE ( 'NONE', *, *, #4982, .F. ) ;
#9383 = DIRECTION ( 'NONE',  ( 0.000000000000000000, 1.000000000000000000, 0.000000000000000000 ) ) ;
#9384 = CARTESIAN_POINT ( 'NONE',  ( -7.619999999999922835, 4.721281787984062284, -1.269999999999998463 ) ) ;
#9385 = MECHANICAL_DESIGN_GEOMETRIC_PRESENTATION_REPRESENTATION (  '', ( #9887 ), #5748 ) ;
#9386 = AXIS2_PLACEMENT_3D ( 'NONE', #9376, #6018, #4578 ) ;
#9387 = CARTESIAN_POINT ( 'NONE',  ( 9.500000000000000000, 0.000000000000000000, 0.000000000000000000 ) ) ;
#9388 = CARTESIAN_POINT ( 'NONE',  ( 7.620000000000057838, 0.000000000000000000, -4.318000000000004057 ) ) ;
#9389 = DIRECTION ( 'NONE',  ( -0.000000000000000000, -1.000000000000000000, -0.000000000000000000 ) ) ;
#9390 = CARTESIAN_POINT ( 'NONE',  ( 1.290000000000000036, 3.069999999999999840, -5.279999999999999361 ) ) ;
#9391 = ORIENTED_EDGE ( 'NONE', *, *, #3542, .F. ) ;
#9392 = VECTOR ( 'NONE', #7081, 1000.000000000000000 ) ;
#9393 = ORIENTED_EDGE ( 'NONE', *, *, #4299, .F. ) ;
#9394 = EDGE_CURVE ( 'NONE', #9625, #6037, #3477, .T. ) ;
#9395 = CARTESIAN_POINT ( 'NONE',  ( -9.499999999999996447, 0.000000000000000000, -0.000000000000000000 ) ) ;
#9396 = ORIENTED_EDGE ( 'NONE', *, *, #9150, .F. ) ;
#9397 = CARTESIAN_POINT ( 'NONE',  ( -6.000000000000002665, 2.970000000000000195, 9.390000000000005898 ) ) ;
#9398 = AXIS2_PLACEMENT_3D ( 'NONE', #9551, #733, #2349 ) ;
#9399 = EDGE_CURVE ( 'NONE', #5218, #2863, #219, .T. ) ;
#9400 = DIRECTION ( 'NONE',  ( 1.000000000000000000, -0.000000000000000000, -0.000000000000000000 ) ) ;
#9401 = CARTESIAN_POINT ( 'NONE',  ( 9.500000000000003553, 1.600000000000000089, 0.4700000000000016387 ) ) ;
#9402 = ADVANCED_FACE ( 'NONE', ( #9782 ), #6679, .T. ) ;
#9403 = CARTESIAN_POINT ( 'NONE',  ( -9.500000000000000000, 1.599999999999999867, 0.000000000000000000 ) ) ;
#9404 = ORIENTED_EDGE ( 'NONE', *, *, #9871, .F. ) ;
#9405 = LINE ( 'NONE', #4664, #2480 ) ;
#9406 = ORIENTED_EDGE ( 'NONE', *, *, #6924, .F. ) ;
#9407 = EDGE_CURVE ( 'NONE', #9699, #3540, #7290, .T. ) ;
#9408 = EDGE_LOOP ( 'NONE', ( #8719, #2190, #8750, #10268 ) ) ;
#9409 = FACE_OUTER_BOUND ( 'NONE', #4096, .T. ) ;
#9410 = CARTESIAN_POINT ( 'NONE',  ( 3.969999999999999751, 2.950000000000001066, -8.209999999999995524 ) ) ;
#9411 = DIRECTION ( 'NONE',  ( 0.000000000000000000, 0.000000000000000000, 1.000000000000000000 ) ) ;
#9412 = EDGE_CURVE ( 'NONE', #4993, #4742, #1942, .T. ) ;
#9413 = DIRECTION ( 'NONE',  ( 0.000000000000000000, 0.000000000000000000, -1.000000000000000000 ) ) ;
#9414 = DIRECTION ( 'NONE',  ( 0.000000000000000000, 1.000000000000000000, -0.000000000000000000 ) ) ;
#9415 = DIRECTION ( 'NONE',  ( -0.000000000000000000, -1.000000000000000000, -0.000000000000000000 ) ) ;
#9416 = DIRECTION ( 'NONE',  ( 1.000000000000000000, 0.000000000000000000, 0.000000000000000000 ) ) ;
#9417 = VERTEX_POINT ( 'NONE', #8117 ) ;
#9418 = ADVANCED_FACE ( 'NONE', ( #1893 ), #8943, .F. ) ;
#9419 = LINE ( 'NONE', #2365, #7164 ) ;
#9420 = ORIENTED_EDGE ( 'NONE', *, *, #1186, .F. ) ;
#9421 = VECTOR ( 'NONE', #10212, 1000.000000000000000 ) ;
#9422 = CYLINDRICAL_SURFACE ( 'NONE', #10184, 0.5079999999999997851 ) ;
#9423 = LINE ( 'NONE', #3107, #9119 ) ;
#9424 = ADVANCED_FACE ( 'NONE', ( #8333 ), #3324, .F. ) ;
#9425 = CARTESIAN_POINT ( 'NONE',  ( 1.939999999999998170, 3.069999999999999840, 0.000000000000000000 ) ) ;
#9426 = VECTOR ( 'NONE', #7481, 1000.000000000000000 ) ;
#9427 = DIRECTION ( 'NONE',  ( -0.000000000000000000, -1.000000000000000000, -0.000000000000000000 ) ) ;
#9428 = CARTESIAN_POINT ( 'NONE',  ( 0.000000000000000000, 1.599999999999999867, -4.609999999999998543 ) ) ;
#9429 = VECTOR ( 'NONE', #6812, 1000.000000000000000 ) ;
#9430 = EDGE_LOOP ( 'NONE', ( #2029, #4693, #655, #6119 ) ) ;
#9431 = ORIENTED_EDGE ( 'NONE', *, *, #3976, .F. ) ;
#9432 = ORIENTED_EDGE ( 'NONE', *, *, #7176, .F. ) ;
#9433 = CARTESIAN_POINT ( 'NONE',  ( 1.939999999999998170, 2.970000000000000195, -4.630000000000001670 ) ) ;
#9434 = VECTOR ( 'NONE', #7214, 1000.000000000000000 ) ;
#9435 = DIRECTION ( 'NONE',  ( 0.000000000000000000, 0.000000000000000000, 1.000000000000000000 ) ) ;
#9436 = STYLED_ITEM ( 'NONE', ( #7624 ), #1601 ) ;
#9437 = CARTESIAN_POINT ( 'NONE',  ( -7.619999999999975238, 0.000000000000000000, -6.349999999999999645 ) ) ;
#9438 = ADVANCED_FACE ( 'NONE', ( #8221 ), #9047, .T. ) ;
#9439 = CARTESIAN_POINT ( 'NONE',  ( 7.620000000000000107, 1.600000000000000089, -7.150000000000001243 ) ) ;
#9440 = CARTESIAN_POINT ( 'NONE',  ( 6.150000000000000355, 1.600000000000000755, -4.930000000000001492 ) ) ;
#9441 = CARTESIAN_POINT ( 'NONE',  ( 9.500000000000003553, 1.600000000000000089, -10.99999999999999645 ) ) ;
#9442 = VERTEX_POINT ( 'NONE', #7708 ) ;
#9443 = AXIS2_PLACEMENT_3D ( 'NONE', #6057, #9097, #2051 ) ;
#9444 = ORIENTED_EDGE ( 'NONE', *, *, #9688, .T. ) ;
#9445 = CARTESIAN_POINT ( 'NONE',  ( 9.500000000000000000, 1.599999999999999867, 1.778000000000000469 ) ) ;
#9446 = EDGE_LOOP ( 'NONE', ( #3449, #3186, #9740, #10254 ) ) ;
#9447 = CARTESIAN_POINT ( 'NONE',  ( 2.699999999999999289, 1.750000000000000000, -8.409999999999993037 ) ) ;
#9448 = CARTESIAN_POINT ( 'NONE',  ( 0.000000000000000000, 0.000000000000000000, 3.010000000000002451 ) ) ;
#9449 = CARTESIAN_POINT ( 'NONE',  ( 0.000000000000000000, 4.721281787984062284, -5.549999999999998934 ) ) ;
#9450 = ORIENTED_EDGE ( 'NONE', *, *, #839, .F. ) ;
#9451 = CARTESIAN_POINT ( 'NONE',  ( -6.349999999999999645, 1.600000000000000089, -9.340000000000003411 ) ) ;
#9452 = VERTEX_POINT ( 'NONE', #538 ) ;
#9453 = VERTEX_POINT ( 'NONE', #9366 ) ;
#9454 = STYLED_ITEM ( 'NONE', ( #9825 ), #5153 ) ;
#9455 = DIRECTION ( 'NONE',  ( 0.000000000000000000, 1.000000000000000000, -0.000000000000000000 ) ) ;
#9456 = AXIS2_PLACEMENT_3D ( 'NONE', #4263, #2695, #5907 ) ;
#9457 = EDGE_CURVE ( 'NONE', #166, #1127, #1325, .T. ) ;
#9458 = AXIS2_PLACEMENT_3D ( 'NONE', #4146, #1158, #1882 ) ;
#9459 = ADVANCED_FACE ( 'NONE', ( #2848, #6830 ), #4521, .T. ) ;
#9460 = CARTESIAN_POINT ( 'NONE',  ( 9.500000000000000000, 4.721281787984062284, 0.7620000000000002327 ) ) ;
#9461 = PLANE ( 'NONE',  #9621 ) ;
#9462 = LINE ( 'NONE', #2306, #5279 ) ;
#9463 = VECTOR ( 'NONE', #4672, 1000.000000000000000 ) ;
#9464 = LINE ( 'NONE', #5, #4067 ) ;
#9465 = LINE ( 'NONE', #6, #32 ) ;
#9466 = VECTOR ( 'NONE', #2675, 1000.000000000000000 ) ;
#9467 = PLANE ( 'NONE',  #3621 ) ;
#9468 = ORIENTED_EDGE ( 'NONE', *, *, #1982, .F. ) ;
#9469 = DIRECTION ( 'NONE',  ( 0.000000000000000000, 0.000000000000000000, -1.000000000000000000 ) ) ;
#9470 = ORIENTED_EDGE ( 'NONE', *, *, #2256, .F. ) ;
#9471 = ORIENTED_EDGE ( 'NONE', *, *, #394, .T. ) ;
#9472 = CIRCLE ( 'NONE', #5491, 0.5080000000000002292 ) ;
#9473 = ADVANCED_FACE ( 'NONE', ( #3579 ), #4568, .F. ) ;
#9474 = AXIS2_PLACEMENT_3D ( 'NONE', #3597, #7329, #1243 ) ;
#9475 = CARTESIAN_POINT ( 'NONE',  ( 7.620000000000060503, 1.600000000000000089, -3.810000000000000053 ) ) ;
#9476 = CIRCLE ( 'NONE', #3969, 0.8500000000000000888 ) ;
#9477 = CARTESIAN_POINT ( 'NONE',  ( 9.500000000000003553, 0.000000000000000000, -8.089999999999998082 ) ) ;
#9478 = EDGE_CURVE ( 'NONE', #1777, #4908, #7754, .T. ) ;
#9479 = UNCERTAINTY_MEASURE_WITH_UNIT (LENGTH_MEASURE( 1.000000000000000082E-05 ), #7383, 'distance_accuracy_value', 'NONE');
#9480 = AXIS2_PLACEMENT_3D ( 'NONE', #7522, #1037, #9071 ) ;
#9481 = FACE_OUTER_BOUND ( 'NONE', #1798, .T. ) ;
#9482 = ORIENTED_EDGE ( 'NONE', *, *, #6798, .F. ) ;
#9483 = ORIENTED_EDGE ( 'NONE', *, *, #5631, .F. ) ;
#9484 = VECTOR ( 'NONE', #5189, 1000.000000000000000 ) ;
#9485 = ORIENTED_EDGE ( 'NONE', *, *, #2976, .T. ) ;
#9486 = PLANE ( 'NONE',  #8995 ) ;
#9487 = EDGE_CURVE ( 'NONE', #3675, #3543, #9158, .T. ) ;
#9488 = AXIS2_PLACEMENT_3D ( 'NONE', #2343, #9345, #1401 ) ;
#9489 = FACE_OUTER_BOUND ( 'NONE', #299, .T. ) ;
#9490 = DIRECTION ( 'NONE',  ( 1.000000000000000000, 0.000000000000000000, -1.186541365237213826E-16 ) ) ;
#9491 = DIRECTION ( 'NONE',  ( 0.000000000000000000, 0.000000000000000000, 1.000000000000000000 ) ) ;
#9492 = VECTOR ( 'NONE', #10341, 1000.000000000000000 ) ;
#9493 = CARTESIAN_POINT ( 'NONE',  ( 1.240000000000001545, 29.71055027400083759, -9.690000000000001279 ) ) ;
#9494 = FACE_OUTER_BOUND ( 'NONE', #106, .T. ) ;
#9495 = ORIENTED_EDGE ( 'NONE', *, *, #1660, .F. ) ;
#9496 = VECTOR ( 'NONE', #6481, 1000.000000000000000 ) ;
#9497 = ORIENTED_EDGE ( 'NONE', *, *, #7243, .F. ) ;
#9498 = EDGE_LOOP ( 'NONE', ( #7200, #2260, #5751, #10129 ) ) ;
#9499 = ADVANCED_FACE ( 'NONE', ( #8381 ), #5217, .F. ) ;
#9500 = VECTOR ( 'NONE', #9383, 1000.000000000000000 ) ;
#9501 = LINE ( 'NONE', #682, #8688 ) ;
#9502 = CARTESIAN_POINT ( 'NONE',  ( -9.500000000000000000, 4.721281787984062284, 0.000000000000000000 ) ) ;
#9503 =( LENGTH_UNIT ( ) NAMED_UNIT ( * ) SI_UNIT ( .MILLI., .METRE. ) );
#9504 = FACE_OUTER_BOUND ( 'NONE', #1813, .T. ) ;
#9505 = CARTESIAN_POINT ( 'NONE',  ( -9.500000000000000000, 4.721281787984062284, 0.000000000000000000 ) ) ;
#9506 = VECTOR ( 'NONE', #5566, 1000.000000000000000 ) ;
#9507 = VERTEX_POINT ( 'NONE', #1221 ) ;
#9508 = LINE ( 'NONE', #1408, #3136 ) ;
#9509 = VERTEX_POINT ( 'NONE', #9313 ) ;
#9510 = VERTEX_POINT ( 'NONE', #2161 ) ;
#9511 = DIRECTION ( 'NONE',  ( 0.000000000000000000, 0.000000000000000000, 1.000000000000000000 ) ) ;
#9512 = PRESENTATION_LAYER_ASSIGNMENT (  '', '', ( #4182 ) ) ;
#9513 = DIRECTION ( 'NONE',  ( 0.000000000000000000, 0.000000000000000000, 1.000000000000000000 ) ) ;
#9514 = LINE ( 'NONE', #10210, #6653 ) ;
#9515 = CARTESIAN_POINT ( 'NONE',  ( 3.969999999999999751, 2.100000000000000089, -8.209999999999995524 ) ) ;
#9516 = CARTESIAN_POINT ( 'NONE',  ( 2.899999999999999467, 1.600000000000000089, -7.139999999999995239 ) ) ;
#9517 = CARTESIAN_POINT ( 'NONE',  ( -7.215866559735457344E-16, 3.270000000000000018, -5.279999999999999361 ) ) ;
#9518 = DIRECTION ( 'NONE',  ( 0.000000000000000000, 1.000000000000000000, -0.000000000000000000 ) ) ;
#9519 = DIRECTION ( 'NONE',  ( -1.000000000000000000, 0.000000000000000000, -0.000000000000000000 ) ) ;
#9520 = EDGE_LOOP ( 'NONE', ( #9482, #2935, #10348, #2874 ) ) ;
#9521 = CIRCLE ( 'NONE', #3856, 0.7999999999999994893 ) ;
#9522 = DIRECTION ( 'NONE',  ( -0.000000000000000000, -1.000000000000000000, -0.000000000000000000 ) ) ;
#9523 = VERTEX_POINT ( 'NONE', #9257 ) ;
#9524 = VERTEX_POINT ( 'NONE', #6982 ) ;
#9525 = ADVANCED_FACE ( 'NONE', ( #2207 ), #2891, .F. ) ;
#9526 = DIRECTION ( 'NONE',  ( 1.000000000000000000, 0.000000000000000000, -1.366641393889291440E-16 ) ) ;
#9527 = DIRECTION ( 'NONE',  ( -0.000000000000000000, -1.000000000000000000, -0.000000000000000000 ) ) ;
#9528 = LINE ( 'NONE', #1484, #7494 ) ;
#9529 = ADVANCED_FACE ( 'NONE', ( #4363 ), #8434, .F. ) ;
#9530 = ADVANCED_FACE ( 'NONE', ( #6771, #427 ), #2052, .T. ) ;
#9531 = ORIENTED_EDGE ( 'NONE', *, *, #3536, .T. ) ;
#9532 = VERTEX_POINT ( 'NONE', #5320 ) ;
#9533 = ORIENTED_EDGE ( 'NONE', *, *, #6936, .T. ) ;
#9534 = EDGE_CURVE ( 'NONE', #7589, #2490, #3734, .T. ) ;
#9535 = EDGE_LOOP ( 'NONE', ( #3723, #4059, #6094, #7159 ) ) ;
#9536 = FACE_OUTER_BOUND ( 'NONE', #1006, .T. ) ;
#9537 = CARTESIAN_POINT ( 'NONE',  ( 1.240000000000001545, 2.970000000000000639, -9.690000000000001279 ) ) ;
#9538 = DIRECTION ( 'NONE',  ( 0.000000000000000000, 1.000000000000000000, -0.000000000000000000 ) ) ;
#9539 = LINE ( 'NONE', #3277, #6908 ) ;
#9540 = EDGE_CURVE ( 'NONE', #3816, #9787, #2786, .T. ) ;
#9541 = DIRECTION ( 'NONE',  ( 0.000000000000000000, 0.000000000000000000, -1.000000000000000000 ) ) ;
#9542 = CARTESIAN_POINT ( 'NONE',  ( -9.500000000000000000, 0.000000000000000000, 0.000000000000000000 ) ) ;
#9543 = EDGE_LOOP ( 'NONE', ( #7233, #6062, #2105, #5610 ) ) ;
#9544 = ADVANCED_FACE ( 'NONE', ( #486 ), #3687, .F. ) ;
#9545 = CARTESIAN_POINT ( 'NONE',  ( 7.620000000000000107, 1.600000000000000089, -8.089999999999998082 ) ) ;
#9546 = EDGE_LOOP ( 'NONE', ( #4008, #9431, #375, #4816 ) ) ;
#9547 = AXIS2_PLACEMENT_3D ( 'NONE', #1033, #4225, #6646 ) ;
#9548 = DIRECTION ( 'NONE',  ( -0.000000000000000000, -1.000000000000000000, -0.000000000000000000 ) ) ;
#9549 = CARTESIAN_POINT ( 'NONE',  ( 9.500000000000000000, 1.599999999999999867, -3.301999999999999602 ) ) ;
#9550 = LINE ( 'NONE', #5558, #9434 ) ;
#9551 = CARTESIAN_POINT ( 'NONE',  ( 5.039999999999999147, 1.600000000000000089, -7.139999999999995239 ) ) ;
#9552 = ADVANCED_FACE ( 'NONE', ( #10100 ), #7858, .F. ) ;
#9553 = VECTOR ( 'NONE', #758, 1000.000000000000000 ) ;
#9554 = DIRECTION ( 'NONE',  ( -1.000000000000000000, 0.000000000000000000, 0.000000000000000000 ) ) ;
#9555 = ORIENTED_EDGE ( 'NONE', *, *, #1035, .T. ) ;
#9556 = CARTESIAN_POINT ( 'NONE',  ( 7.620000000000192841, 1.600000000000000089, 8.890000000000000568 ) ) ;
#9557 = ORIENTED_EDGE ( 'NONE', *, *, #3444, .T. ) ;
#9558 = ORIENTED_EDGE ( 'NONE', *, *, #5246, .F. ) ;
#9559 = AXIS2_PLACEMENT_3D ( 'NONE', #4753, #3191, #8573 ) ;
#9560 = DIRECTION ( 'NONE',  ( 0.000000000000000000, 0.000000000000000000, 1.000000000000000000 ) ) ;
#9561 = FACE_OUTER_BOUND ( 'NONE', #9227, .T. ) ;
#9562 = ADVANCED_FACE ( 'NONE', ( #10213 ), #745, .T. ) ;
#9563 =( NAMED_UNIT ( * ) SI_UNIT ( $, .STERADIAN. ) SOLID_ANGLE_UNIT ( ) );
#9564 = FACE_OUTER_BOUND ( 'NONE', #6012, .T. ) ;
#9565 = DIRECTION ( 'NONE',  ( 1.000000000000000000, -0.000000000000000000, 0.000000000000000000 ) ) ;
#9566 = LINE ( 'NONE', #3888, #9392 ) ;
#9567 = SURFACE_STYLE_USAGE ( .BOTH. , #8988 ) ;
#9568 = DIRECTION ( 'NONE',  ( 0.000000000000000000, 0.000000000000000000, 1.000000000000000000 ) ) ;
#9569 = ORIENTED_EDGE ( 'NONE', *, *, #1416, .F. ) ;
#9570 = LINE ( 'NONE', #8018, #5845 ) ;
#9571 = ORIENTED_EDGE ( 'NONE', *, *, #4818, .F. ) ;
#9572 = VERTEX_POINT ( 'NONE', #5466 ) ;
#9573 = DIRECTION ( 'NONE',  ( 0.000000000000000000, 0.000000000000000000, 1.000000000000000000 ) ) ;
#9574 = LINE ( 'NONE', #7239, #8646 ) ;
#9575 = CARTESIAN_POINT ( 'NONE',  ( -9.500000000000000000, 4.721281787984062284, 9.397999999999999687 ) ) ;
#9576 = CARTESIAN_POINT ( 'NONE',  ( 7.620000000000007212, 0.000000000000000000, -8.890000000000000568 ) ) ;
#9577 = ORIENTED_EDGE ( 'NONE', *, *, #9281, .F. ) ;
#9578 = ORIENTED_EDGE ( 'NONE', *, *, #2731, .F. ) ;
#9579 = EDGE_LOOP ( 'NONE', ( #3015, #9773, #8198, #4401 ) ) ;
#9580 = ORIENTED_EDGE ( 'NONE', *, *, #5786, .T. ) ;
#9581 = DIRECTION ( 'NONE',  ( 0.000000000000000000, 0.000000000000000000, 1.000000000000000000 ) ) ;
#9582 = DIRECTION ( 'NONE',  ( -0.000000000000000000, -1.000000000000000000, -0.000000000000000000 ) ) ;
#9583 = ADVANCED_FACE ( 'NONE', ( #8636 ), #1528, .F. ) ;
#9584 = EDGE_CURVE ( 'NONE', #415, #10072, #4828, .T. ) ;
#9585 = DIRECTION ( 'NONE',  ( -1.000000000000000000, 0.000000000000000000, 0.000000000000000000 ) ) ;
#9586 = CIRCLE ( 'NONE', #6949, 0.5080000000000046700 ) ;
#9587 = AXIS2_PLACEMENT_3D ( 'NONE', #4, #2468, #6515 ) ;
#9588 = LINE ( 'NONE', #9695, #9957 ) ;
#9589 = EDGE_CURVE ( 'NONE', #7730, #9993, #9464, .T. ) ;
#9590 = CARTESIAN_POINT ( 'NONE',  ( 6.049999999999999822, 3.069999999999999840, -4.580000000000003624 ) ) ;
#9591 = CARTESIAN_POINT ( 'NONE',  ( 3.219999999999999751, 1.600000000000000089, -6.439999999999992397 ) ) ;
#9592 = DIRECTION ( 'NONE',  ( 1.000000000000000000, 0.000000000000000000, 0.000000000000000000 ) ) ;
#9593 = ORIENTED_EDGE ( 'NONE', *, *, #1678, .F. ) ;
#9594 = CARTESIAN_POINT ( 'NONE',  ( 7.620000000000110241, 0.000000000000000000, 1.778000000000008241 ) ) ;
#9595 = VERTEX_POINT ( 'NONE', #4043 ) ;
#9596 = CIRCLE ( 'NONE', #3092, 0.5080000000000050031 ) ;
#9597 = CARTESIAN_POINT ( 'NONE',  ( 7.620000000000032081, 0.000000000000000000, -5.841999999999996085 ) ) ;
#9598 = ADVANCED_FACE ( 'NONE', ( #1629 ), #10263, .F. ) ;
#9599 = ADVANCED_FACE ( 'NONE', ( #7183 ), #650, .F. ) ;
#9600 = CARTESIAN_POINT ( 'NONE',  ( 8.941207703305983145E-15, 0.000000000000000000, -9.689999999999992397 ) ) ;
#9601 = PRESENTATION_STYLE_ASSIGNMENT (( #3239 ) ) ;
#9602 = DIRECTION ( 'NONE',  ( 4.613626265895764052E-16, 0.000000000000000000, -1.000000000000000000 ) ) ;
#9603 = MECHANICAL_DESIGN_GEOMETRIC_PRESENTATION_REPRESENTATION (  '', ( #9436 ), #4948 ) ;
#9604 = PLANE ( 'NONE',  #1128 ) ;
#9605 = ORIENTED_EDGE ( 'NONE', *, *, #7897, .F. ) ;
#9606 = FACE_OUTER_BOUND ( 'NONE', #9378, .T. ) ;
#9607 = ORIENTED_EDGE ( 'NONE', *, *, #7345, .T. ) ;
#9608 = ORIENTED_EDGE ( 'NONE', *, *, #2139, .T. ) ;
#9609 = DIRECTION ( 'NONE',  ( 0.000000000000000000, 1.000000000000000000, -0.000000000000000000 ) ) ;
#9610 = EDGE_CURVE ( 'NONE', #7947, #7698, #6364, .T. ) ;
#9611 = CARTESIAN_POINT ( 'NONE',  ( 0.000000000000000000, 0.000000000000000000, 5.550000000000003375 ) ) ;
#9612 = DIRECTION ( 'NONE',  ( 1.000000000000000000, -0.000000000000000000, -6.920439398843646079E-16 ) ) ;
#9613 = CARTESIAN_POINT ( 'NONE',  ( 9.500000000000000000, 0.000000000000000000, -5.841999999999999638 ) ) ;
#9614 = DIRECTION ( 'NONE',  ( -0.000000000000000000, -1.000000000000000000, -0.000000000000000000 ) ) ;
#9615 = LINE ( 'NONE', #8843, #9966 ) ;
#9616 = LINE ( 'NONE', #3204, #73 ) ;
#9617 = DIRECTION ( 'NONE',  ( 0.000000000000000000, 1.000000000000000000, -0.000000000000000000 ) ) ;
#9618 = DIRECTION ( 'NONE',  ( 0.000000000000000000, 0.000000000000000000, -1.000000000000000000 ) ) ;
#9619 = CARTESIAN_POINT ( 'NONE',  ( 0.000000000000000000, 0.000000000000000000, 0.000000000000000000 ) ) ;
#9620 = ORIENTED_EDGE ( 'NONE', *, *, #4600, .T. ) ;
#9621 = AXIS2_PLACEMENT_3D ( 'NONE', #8785, #7953, #7180 ) ;
#9622 = DIRECTION ( 'NONE',  ( 1.000000000000000000, -0.000000000000000000, -1.366641393889291440E-16 ) ) ;
#9623 = VERTEX_POINT ( 'NONE', #4677 ) ;
#9624 = ORIENTED_EDGE ( 'NONE', *, *, #5722, .T. ) ;
#9625 = VERTEX_POINT ( 'NONE', #699 ) ;
#9626 = EDGE_CURVE ( 'NONE', #5295, #3772, #9566, .T. ) ;
#9627 = CIRCLE ( 'NONE', #9458, 0.3175000000000000600 ) ;
#9628 = LINE ( 'NONE', #8939, #3835 ) ;
#9629 = DIRECTION ( 'NONE',  ( 1.366641393889291440E-16, -0.000000000000000000, 1.000000000000000000 ) ) ;
#9630 = AXIS2_PLACEMENT_3D ( 'NONE', #4860, #10349, #8764 ) ;
#9631 = DIRECTION ( 'NONE',  ( -0.000000000000000000, 1.000000000000000000, 0.000000000000000000 ) ) ;
#9632 = CARTESIAN_POINT ( 'NONE',  ( 2.699999999999999289, 1.600000000000000089, -8.409999999999993037 ) ) ;
#9633 = CIRCLE ( 'NONE', #6496, 0.5079999999999997851 ) ;
#9634 = ORIENTED_EDGE ( 'NONE', *, *, #1492, .T. ) ;
#9635 = ORIENTED_EDGE ( 'NONE', *, *, #8396, .F. ) ;
#9636 = ORIENTED_EDGE ( 'NONE', *, *, #1091, .T. ) ;
#9637 = AXIS2_PLACEMENT_3D ( 'NONE', #6259, #8736, #9411 ) ;
#9638 = CIRCLE ( 'NONE', #4648, 0.7999999999999999334 ) ;
#9639 = ORIENTED_EDGE ( 'NONE', *, *, #2650, .F. ) ;
#9640 = DIRECTION ( 'NONE',  ( -1.186541365237213826E-16, 0.000000000000000000, -1.000000000000000000 ) ) ;
#9641 = VECTOR ( 'NONE', #6036, 1000.000000000000000 ) ;
#9642 = CARTESIAN_POINT ( 'NONE',  ( 9.500000000000003553, 1.600000000000000089, -9.690000000000003055 ) ) ;
#9643 = DIRECTION ( 'NONE',  ( -0.000000000000000000, -1.000000000000000000, -0.000000000000000000 ) ) ;
#9644 = MECHANICAL_DESIGN_GEOMETRIC_PRESENTATION_REPRESENTATION (  '', ( #645 ), #4284 ) ;
#9645 = DIRECTION ( 'NONE',  ( -0.000000000000000000, -1.000000000000000000, -0.000000000000000000 ) ) ;
#9646 = VERTEX_POINT ( 'NONE', #1576 ) ;
#9647 = CIRCLE ( 'NONE', #6508, 0.5080000000000046700 ) ;
#9648 = DIRECTION ( 'NONE',  ( 1.000000000000000000, 0.000000000000000000, -0.000000000000000000 ) ) ;
#9649 = VECTOR ( 'NONE', #9968, 1000.000000000000000 ) ;
#9650 = ORIENTED_EDGE ( 'NONE', *, *, #2971, .F. ) ;
#9651 = DIRECTION ( 'NONE',  ( 0.000000000000000000, 0.000000000000000000, 1.000000000000000000 ) ) ;
#9652 = ORIENTED_EDGE ( 'NONE', *, *, #3088, .F. ) ;
#9653 = EDGE_CURVE ( 'NONE', #3482, #7599, #3097, .T. ) ;
#9654 = AXIS2_PLACEMENT_3D ( 'NONE', #2432, #8663, #9435 ) ;
#9655 = VECTOR ( 'NONE', #2008, 1000.000000000000000 ) ;
#9656 = FACE_OUTER_BOUND ( 'NONE', #7418, .T. ) ;
#9657 = SURFACE_SIDE_STYLE ('',( #37 ) ) ;
#9658 = EDGE_CURVE ( 'NONE', #9330, #3877, #372, .T. ) ;
#9659 = CARTESIAN_POINT ( 'NONE',  ( -7.620000000000000107, 0.000000000000000000, 9.690000000000004832 ) ) ;
#9660 = EDGE_CURVE ( 'NONE', #334, #388, #9729, .T. ) ;
#9661 = VERTEX_POINT ( 'NONE', #3253 ) ;
#9662 = ORIENTED_EDGE ( 'NONE', *, *, #2886, .F. ) ;
#9663 = CIRCLE ( 'NONE', #9162, 0.1000000000000002554 ) ;
#9664 = EDGE_CURVE ( 'NONE', #1921, #8123, #6747, .T. ) ;
#9665 = CARTESIAN_POINT ( 'NONE',  ( 9.500000000000003553, 1.600000000000000089, 0.000000000000000000 ) ) ;
#9666 = CARTESIAN_POINT ( 'NONE',  ( 7.620000000000162643, 0.000000000000000000, 6.350000000000003197 ) ) ;
#9667 = AXIS2_PLACEMENT_3D ( 'NONE', #242, #6654, #9822 ) ;
#9668 = DIRECTION ( 'NONE',  ( 1.000000000000000000, -0.000000000000000000, -1.384087879768729216E-15 ) ) ;
#9669 = AXIS2_PLACEMENT_3D ( 'NONE', #9502, #8918, #6443 ) ;
#9670 =( NAMED_UNIT ( * ) PLANE_ANGLE_UNIT ( ) SI_UNIT ( $, .RADIAN. ) );
#9671 = CARTESIAN_POINT ( 'NONE',  ( 1.390000000000000124, 2.970000000000000195, -5.279999999999999361 ) ) ;
#9672 = FACE_OUTER_BOUND ( 'NONE', #9408, .T. ) ;
#9673 = PLANE ( 'NONE',  #6041 ) ;
#9674 = DIRECTION ( 'NONE',  ( -0.000000000000000000, -1.000000000000000000, -0.000000000000000000 ) ) ;
#9675 =( LENGTH_UNIT ( ) NAMED_UNIT ( * ) SI_UNIT ( .MILLI., .METRE. ) );
#9676 = EDGE_CURVE ( 'NONE', #8067, #5325, #1202, .T. ) ;
#9677 = DIRECTION ( 'NONE',  ( 0.000000000000000000, 1.000000000000000000, -0.000000000000000000 ) ) ;
#9678 = VERTEX_POINT ( 'NONE', #2362 ) ;
#9679 = LINE ( 'NONE', #9772, #6015 ) ;
#9680 = ORIENTED_EDGE ( 'NONE', *, *, #5918, .T. ) ;
#9681 = ORIENTED_EDGE ( 'NONE', *, *, #6553, .T. ) ;
#9682 = LINE ( 'NONE', #4251, #4506 ) ;
#9683 = CARTESIAN_POINT ( 'NONE',  ( 7.620000000000135998, 1.599999999999999867, 3.301999999999998270 ) ) ;
#9684 = DIRECTION ( 'NONE',  ( 0.000000000000000000, 1.000000000000000000, -0.000000000000000000 ) ) ;
#9685 = DIRECTION ( 'NONE',  ( 1.000000000000000000, -0.000000000000000000, 0.000000000000000000 ) ) ;
#9686 = VECTOR ( 'NONE', #3307, 1000.000000000000000 ) ;
#9687 = CARTESIAN_POINT ( 'NONE',  ( 1.939999999999998170, 29.71055027400083759, -4.930000000000001492 ) ) ;
#9688 = EDGE_CURVE ( 'NONE', #1856, #5637, #3041, .T. ) ;
#9689 = ORIENTED_EDGE ( 'NONE', *, *, #7093, .F. ) ;
#9690 = ORIENTED_EDGE ( 'NONE', *, *, #6066, .T. ) ;
#9691 = ORIENTED_EDGE ( 'NONE', *, *, #8470, .T. ) ;
#9692 = ORIENTED_EDGE ( 'NONE', *, *, #5668, .T. ) ;
#9693 = CARTESIAN_POINT ( 'NONE',  ( 9.500000000000003553, 1.600000000000000089, 11.00000000000000355 ) ) ;
#9694 = CARTESIAN_POINT ( 'NONE',  ( 9.500000000000000000, 1.599999999999999867, -6.349999999999999645 ) ) ;
#9695 = CARTESIAN_POINT ( 'NONE',  ( 5.039999999999997371, 2.100000000000000089, -6.939999999999995950 ) ) ;
#9696 = DIRECTION ( 'NONE',  ( -0.000000000000000000, -1.000000000000000000, -0.000000000000000000 ) ) ;
#9697 = DIRECTION ( 'NONE',  ( 0.000000000000000000, 0.000000000000000000, 1.000000000000000000 ) ) ;
#9698 = EDGE_CURVE ( 'NONE', #5812, #7283, #6264, .T. ) ;
#9699 = VERTEX_POINT ( 'NONE', #5252 ) ;
#9700 = LINE ( 'NONE', #2549, #7989 ) ;
#9701 = VERTEX_POINT ( 'NONE', #9191 ) ;
#9702 = DIRECTION ( 'NONE',  ( 0.000000000000000000, 0.000000000000000000, 1.000000000000000000 ) ) ;
#9703 = ORIENTED_EDGE ( 'NONE', *, *, #3537, .F. ) ;
#9704 = ORIENTED_EDGE ( 'NONE', *, *, #3696, .T. ) ;
#9705 = CARTESIAN_POINT ( 'NONE',  ( -7.620000000000000107, 0.000000000000000000, 9.689999999999999503 ) ) ;
#9706 = CARTESIAN_POINT ( 'NONE',  ( 3.969999999999999751, 2.950000000000000178, -8.209999999999995524 ) ) ;
#9707 = DIRECTION ( 'NONE',  ( -0.000000000000000000, -1.000000000000000000, -0.000000000000000000 ) ) ;
#9708 = VECTOR ( 'NONE', #7045, 1000.000000000000000 ) ;
#9709 = CARTESIAN_POINT ( 'NONE',  ( -9.499999999999996447, 1.600000000000000089, 8.090000000000003411 ) ) ;
#9710 = ORIENTED_EDGE ( 'NONE', *, *, #8972, .F. ) ;
#9711 = ORIENTED_EDGE ( 'NONE', *, *, #3848, .T. ) ;
#9712 = ORIENTED_EDGE ( 'NONE', *, *, #4746, .F. ) ;
#9713 = ADVANCED_FACE ( 'NONE', ( #1150 ), #4346, .T. ) ;
#9714 = EDGE_CURVE ( 'NONE', #9523, #7340, #7529, .T. ) ;
#9715 = AXIS2_PLACEMENT_3D ( 'NONE', #1957, #1123, #5178 ) ;
#9716 = CARTESIAN_POINT ( 'NONE',  ( 4.719999999999999751, 1.600000000000000089, -6.439999999999992397 ) ) ;
#9717 = CARTESIAN_POINT ( 'NONE',  ( -6.000000000000001776, 3.270000000000000018, 0.000000000000000000 ) ) ;
#9718 = DIRECTION ( 'NONE',  ( -1.000000000000000000, 0.000000000000000000, -0.000000000000000000 ) ) ;
#9719 = EDGE_CURVE ( 'NONE', #9017, #1027, #1311, .T. ) ;
#9720 = DIRECTION ( 'NONE',  ( -0.000000000000000000, 0.000000000000000000, 1.000000000000000000 ) ) ;
#9721 = CARTESIAN_POINT ( 'NONE',  ( -7.619999999999947704, 4.721281787984062284, -3.810000000000000053 ) ) ;
#9722 = DIRECTION ( 'NONE',  ( 0.000000000000000000, 0.000000000000000000, 1.000000000000000000 ) ) ;
#9723 = CARTESIAN_POINT ( 'NONE',  ( 7.620000000000164420, 1.600000000000000089, 6.349999999999999645 ) ) ;
#9724 = LINE ( 'NONE', #1101, #1290 ) ;
#9725 = ORIENTED_EDGE ( 'NONE', *, *, #2441, .T. ) ;
#9726 = LINE ( 'NONE', #8936, #8156 ) ;
#9727 = ORIENTED_EDGE ( 'NONE', *, *, #7345, .F. ) ;
#9728 = ORIENTED_EDGE ( 'NONE', *, *, #10046, .T. ) ;
#9729 = CIRCLE ( 'NONE', #9234, 0.5080000000000045590 ) ;
#9730 = CARTESIAN_POINT ( 'NONE',  ( 1.939999999999998170, 1.600000000000000089, -4.930000000000001492 ) ) ;
#9731 = ADVANCED_FACE ( 'NONE', ( #9242 ), #4503, .F. ) ;
#9732 = LINE ( 'NONE', #807, #3130 ) ;
#9733 = VECTOR ( 'NONE', #1024, 1000.000000000000000 ) ;
#9734 = DIRECTION ( 'NONE',  ( 0.000000000000000000, 0.000000000000000000, -1.000000000000000000 ) ) ;
#9735 = ADVANCED_FACE ( 'NONE', ( #1255 ), #7579, .T. ) ;
#9736 = DIRECTION ( 'NONE',  ( 0.000000000000000000, 0.000000000000000000, -1.000000000000000000 ) ) ;
#9737 = DIRECTION ( 'NONE',  ( 1.000000000000000000, -0.000000000000000000, 0.000000000000000000 ) ) ;
#9738 = VERTEX_POINT ( 'NONE', #4444 ) ;
#9739 = ORIENTED_EDGE ( 'NONE', *, *, #1843, .F. ) ;
#9740 = ORIENTED_EDGE ( 'NONE', *, *, #7943, .F. ) ;
#9741 = ORIENTED_EDGE ( 'NONE', *, *, #10083, .F. ) ;
#9742 = FACE_OUTER_BOUND ( 'NONE', #4294, .T. ) ;
#9743 = ADVANCED_FACE ( 'NONE', ( #469 ), #6808, .F. ) ;
#9744 = FACE_BOUND ( 'NONE', #6763, .T. ) ;
#9745 = DIRECTION ( 'NONE',  ( -0.000000000000000000, -1.000000000000000000, -0.000000000000000000 ) ) ;
#9746 = DIRECTION ( 'NONE',  ( 1.000000000000000000, 0.000000000000000000, -4.613626265895764052E-16 ) ) ;
#9747 = CARTESIAN_POINT ( 'NONE',  ( 7.620000000000085372, 0.000000000000000000, -1.270000000000000240 ) ) ;
#9748 = ORIENTED_EDGE ( 'NONE', *, *, #3537, .T. ) ;
#9749 = CARTESIAN_POINT ( 'NONE',  ( 3.969999999999999751, 3.000000000000000000, -8.209999999999995524 ) ) ;
#9750 = ORIENTED_EDGE ( 'NONE', *, *, #7128, .T. ) ;
#9751 = SURFACE_STYLE_FILL_AREA ( #3284 ) ;
#9752 = VECTOR ( 'NONE', #6723, 1000.000000000000000 ) ;
#9753 = EDGE_CURVE ( 'NONE', #3818, #8301, #6915, .T. ) ;
#9754 = CYLINDRICAL_SURFACE ( 'NONE', #6580, 0.8000000000000020428 ) ;
#9755 = CARTESIAN_POINT ( 'NONE',  ( 7.620000000000188400, 1.599999999999999867, 9.398000000000008569 ) ) ;
#9756 = COLOUR_RGB ( '',1.000000000000000000, 0.8117647058823529438, 0.5019607843137254832 ) ;
#9757 = LINE ( 'NONE', #8974, #9127 ) ;
#9758 = VECTOR ( 'NONE', #5203, 1000.000000000000000 ) ;
#9759 = ORIENTED_EDGE ( 'NONE', *, *, #9658, .T. ) ;
#9760 = ORIENTED_EDGE ( 'NONE', *, *, #3596, .F. ) ;
#9761 = ORIENTED_EDGE ( 'NONE', *, *, #8779, .F. ) ;
#9762 = DIRECTION ( 'NONE',  ( 0.000000000000000000, 0.000000000000000000, 1.000000000000000000 ) ) ;
#9763 = LINE ( 'NONE', #2613, #3644 ) ;
#9764 = DIRECTION ( 'NONE',  ( 0.000000000000000000, 1.000000000000000000, -0.000000000000000000 ) ) ;
#9765 = SURFACE_STYLE_FILL_AREA ( #1727 ) ;
#9766 = DIRECTION ( 'NONE',  ( 0.000000000000000000, 0.000000000000000000, -1.000000000000000000 ) ) ;
#9767 = PLANE ( 'NONE',  #4939 ) ;
#9768 = LINE ( 'NONE', #8987, #714 ) ;
#9769 =( NAMED_UNIT ( * ) SI_UNIT ( $, .STERADIAN. ) SOLID_ANGLE_UNIT ( ) );
#9770 = PLANE ( 'NONE',  #4288 ) ;
#9771 = ORIENTED_EDGE ( 'NONE', *, *, #2546, .F. ) ;
#9772 = CARTESIAN_POINT ( 'NONE',  ( 3.219999999999999751, 1.750000000000000000, -6.939999999999995062 ) ) ;
#9773 = ORIENTED_EDGE ( 'NONE', *, *, #5717, .T. ) ;
#9774 = EDGE_CURVE ( 'NONE', #7918, #3688, #1723, .T. ) ;
#9775 = ORIENTED_EDGE ( 'NONE', *, *, #4921, .T. ) ;
#9776 = CYLINDRICAL_SURFACE ( 'NONE', #3178, 0.5080000000000006732 ) ;
#9777 = EDGE_CURVE ( 'NONE', #373, #3702, #7636, .T. ) ;
#9778 = DIRECTION ( 'NONE',  ( -0.000000000000000000, 0.000000000000000000, 1.000000000000000000 ) ) ;
#9779 = DIRECTION ( 'NONE',  ( -0.000000000000000000, -1.000000000000000000, -0.000000000000000000 ) ) ;
#9780 = CARTESIAN_POINT ( 'NONE',  ( 9.500000000000000000, 4.721281787984062284, 8.090000000000003411 ) ) ;
#9781 = DIRECTION ( 'NONE',  ( -1.366641393889291440E-16, -0.000000000000000000, -1.000000000000000000 ) ) ;
#9782 = FACE_OUTER_BOUND ( 'NONE', #1103, .T. ) ;
#9783 = VECTOR ( 'NONE', #4168, 1000.000000000000000 ) ;
#9784 = VERTEX_POINT ( 'NONE', #2143 ) ;
#9785 = ORIENTED_EDGE ( 'NONE', *, *, #9237, .T. ) ;
#9786 = ADVANCED_FACE ( 'NONE', ( #10036 ), #1924, .F. ) ;
#9787 = VERTEX_POINT ( 'NONE', #6398 ) ;
#9788 = EDGE_CURVE ( 'NONE', #3270, #8809, #5605, .T. ) ;
#9789 = AXIS2_PLACEMENT_3D ( 'NONE', #5574, #8107, #948 ) ;
#9790 = ORIENTED_EDGE ( 'NONE', *, *, #1090, .F. ) ;
#9791 = ADVANCED_FACE ( 'NONE', ( #7022 ), #1456, .T. ) ;
#9792 = FACE_OUTER_BOUND ( 'NONE', #6694, .T. ) ;
#9793 = VECTOR ( 'NONE', #7614, 1000.000000000000000 ) ;
#9794 = VECTOR ( 'NONE', #599, 1000.000000000000000 ) ;
#9795 = DIRECTION ( 'NONE',  ( 0.000000000000000000, 0.000000000000000000, -1.000000000000000000 ) ) ;
#9796 = DIRECTION ( 'NONE',  ( -1.186541365237213826E-16, -0.000000000000000000, -1.000000000000000000 ) ) ;
#9797 = DIRECTION ( 'NONE',  ( -1.000000000000000000, 0.000000000000000000, -4.613626265895764052E-16 ) ) ;
#9798 = DIRECTION ( 'NONE',  ( 0.000000000000000000, 1.000000000000000000, -0.000000000000000000 ) ) ;
#9799 = VERTEX_POINT ( 'NONE', #1611 ) ;
#9800 = ORIENTED_EDGE ( 'NONE', *, *, #4319, .F. ) ;
#9801 = CIRCLE ( 'NONE', #9637, 0.5080000000000002292 ) ;
#9802 = VECTOR ( 'NONE', #3910, 1000.000000000000000 ) ;
#9803 = ADVANCED_FACE ( 'NONE', ( #8680 ), #38, .F. ) ;
#9804 = ORIENTED_EDGE ( 'NONE', *, *, #9359, .F. ) ;
#9805 = PLANE ( 'NONE',  #275 ) ;
#9806 = EDGE_LOOP ( 'NONE', ( #3221, #1652, #4074, #2296 ) ) ;
#9807 = ORIENTED_EDGE ( 'NONE', *, *, #2636, .T. ) ;
#9808 = VECTOR ( 'NONE', #1567, 1000.000000000000000 ) ;
#9809 = CIRCLE ( 'NONE', #10142, 0.8000000000000012657 ) ;
#9810 = DIRECTION ( 'NONE',  ( 0.000000000000000000, 0.000000000000000000, -1.000000000000000000 ) ) ;
#9811 = AXIS2_PLACEMENT_3D ( 'NONE', #199, #3405, #6603 ) ;
#9812 = COLOUR_RGB ( '',0.7921568627450980005, 0.8196078431372548767, 0.9333333333333333481 ) ;
#9813 = DIRECTION ( 'NONE',  ( -0.000000000000000000, -1.000000000000000000, -0.000000000000000000 ) ) ;
#9814 = SURFACE_STYLE_USAGE ( .BOTH. , #6647 ) ;
#9815 = CIRCLE ( 'NONE', #1644, 0.09999999999999939493 ) ;
#9816 = ORIENTED_EDGE ( 'NONE', *, *, #10049, .F. ) ;
#9817 = CARTESIAN_POINT ( 'NONE',  ( 0.000000000000000000, 1.600000000000000089, 9.690000000000004832 ) ) ;
#9818 = ORIENTED_EDGE ( 'NONE', *, *, #9664, .T. ) ;
#9819 = VERTEX_POINT ( 'NONE', #8620 ) ;
#9820 = ORIENTED_EDGE ( 'NONE', *, *, #4441, .F. ) ;
#9821 = AXIS2_PLACEMENT_3D ( 'NONE', #2734, #1740, #218 ) ;
#9822 = DIRECTION ( 'NONE',  ( -1.000000000000000000, 0.000000000000000000, -0.000000000000000000 ) ) ;
#9823 = VECTOR ( 'NONE', #5089, 1000.000000000000000 ) ;
#9824 = CARTESIAN_POINT ( 'NONE',  ( -9.500000000000000000, 1.599999999999999867, 0.000000000000000000 ) ) ;
#9825 = PRESENTATION_STYLE_ASSIGNMENT (( #4875 ) ) ;
#9826 = LINE ( 'NONE', #6713, #10138 ) ;
#9827 = CARTESIAN_POINT ( 'NONE',  ( -7.619999999999922835, 0.000000000000000000, -1.269999999999998463 ) ) ;
#9828 = AXIS2_PLACEMENT_3D ( 'NONE', #8226, #4066, #916 ) ;
#9829 = DIRECTION ( 'NONE',  ( -0.000000000000000000, -1.000000000000000000, -0.000000000000000000 ) ) ;
#9830 = CARTESIAN_POINT ( 'NONE',  ( -6.150000000000000355, 29.71055027400083759, 9.690000000000006608 ) ) ;
#9831 = FACE_OUTER_BOUND ( 'NONE', #2503, .T. ) ;
#9832 = EDGE_CURVE ( 'NONE', #6873, #8180, #686, .T. ) ;
#9833 = CARTESIAN_POINT ( 'NONE',  ( 3.969999999999999751, 2.950000000000001066, -7.409999999999993925 ) ) ;
#9834 = ORIENTED_EDGE ( 'NONE', *, *, #5932, .F. ) ;
#9835 = DIRECTION ( 'NONE',  ( 0.000000000000000000, 0.000000000000000000, -1.000000000000000000 ) ) ;
#9836 = VERTEX_POINT ( 'NONE', #7888 ) ;
#9837 = ORIENTED_EDGE ( 'NONE', *, *, #3187, .T. ) ;
#9838 = CARTESIAN_POINT ( 'NONE',  ( 1.389999999999999458, 29.71055027400083759, -9.690000000000001279 ) ) ;
#9839 = CIRCLE ( 'NONE', #9336, 0.5079999999999997851 ) ;
#9840 = FACE_BOUND ( 'NONE', #8111, .T. ) ;
#9841 = VECTOR ( 'NONE', #9891, 1000.000000000000000 ) ;
#9842 = DIRECTION ( 'NONE',  ( 0.000000000000000000, 1.000000000000000000, -0.000000000000000000 ) ) ;
#9843 = DIRECTION ( 'NONE',  ( 1.000000000000000000, 1.445602896647338522E-15, 0.000000000000000000 ) ) ;
#9844 = CARTESIAN_POINT ( 'NONE',  ( 9.500000000000000000, 0.000000000000000000, -5.549999999999998934 ) ) ;
#9845 = CARTESIAN_POINT ( 'NONE',  ( 3.219999999999999751, 1.750000000000000000, -6.439999999999992397 ) ) ;
#9846 = ORIENTED_EDGE ( 'NONE', *, *, #7728, .F. ) ;
#9847 = EDGE_CURVE ( 'NONE', #4870, #3772, #2564, .T. ) ;
#9848 = CIRCLE ( 'NONE', #3680, 0.8000000000000012657 ) ;
#9849 = ORIENTED_EDGE ( 'NONE', *, *, #7265, .F. ) ;
#9850 = FACE_OUTER_BOUND ( 'NONE', #2178, .T. ) ;
#9851 = DIRECTION ( 'NONE',  ( -9.227252531791528105E-16, 0.000000000000000000, -1.000000000000000000 ) ) ;
#9852 = AXIS2_PLACEMENT_3D ( 'NONE', #6346, #4749, #10292 ) ;
#9853 = EDGE_CURVE ( 'NONE', #1301, #8349, #4661, .T. ) ;
#9854 = ADVANCED_FACE ( 'NONE', ( #2193 ), #10357, .F. ) ;
#9855 = DIRECTION ( 'NONE',  ( 0.000000000000000000, 0.000000000000000000, 1.000000000000000000 ) ) ;
#9856 = DIRECTION ( 'NONE',  ( 0.000000000000000000, 0.000000000000000000, 1.000000000000000000 ) ) ;
#9857 = DIRECTION ( 'NONE',  ( -0.000000000000000000, -1.000000000000000000, -0.000000000000000000 ) ) ;
#9858 = DIRECTION ( 'NONE',  ( 0.000000000000000000, 0.000000000000000000, 1.000000000000000000 ) ) ;
#9859 = EDGE_LOOP ( 'NONE', ( #9800, #7613, #3351, #6220 ) ) ;
#9860 = VERTEX_POINT ( 'NONE', #6203 ) ;
#9861 = ADVANCED_FACE ( 'NONE', ( #9504 ), #7787, .T. ) ;
#9862 = ORIENTED_EDGE ( 'NONE', *, *, #717, .F. ) ;
#9863 = PLANE ( 'NONE',  #9289 ) ;
#9864 = ORIENTED_EDGE ( 'NONE', *, *, #4959, .T. ) ;
#9865 = EDGE_LOOP ( 'NONE', ( #9834, #10214, #7474, #5577 ) ) ;
#9866 = SURFACE_STYLE_USAGE ( .BOTH. , #983 ) ;
#9867 = CARTESIAN_POINT ( 'NONE',  ( -9.500000000000000000, 1.599999999999999867, 0.000000000000000000 ) ) ;
#9868 = EDGE_CURVE ( 'NONE', #3071, #3390, #2399, .T. ) ;
#9869 = CARTESIAN_POINT ( 'NONE',  ( -9.500000000000000000, 1.599999999999999867, 3.302000000000000490 ) ) ;
#9870 = ORIENTED_EDGE ( 'NONE', *, *, #10119, .T. ) ;
#9871 = EDGE_CURVE ( 'NONE', #9967, #2188, #10296, .T. ) ;
#9872 = FACE_OUTER_BOUND ( 'NONE', #6329, .T. ) ;
#9873 = EDGE_LOOP ( 'NONE', ( #9347, #2043, #2132, #6705 ) ) ;
#9874 = ORIENTED_EDGE ( 'NONE', *, *, #1395, .T. ) ;
#9875 = ORIENTED_EDGE ( 'NONE', *, *, #4237, .T. ) ;
#9876 = FACE_OUTER_BOUND ( 'NONE', #2692, .T. ) ;
#9877 = ADVANCED_FACE ( 'NONE', ( #8772 ), #7998, .F. ) ;
#9878 = DIRECTION ( 'NONE',  ( -0.000000000000000000, -1.000000000000000000, -0.000000000000000000 ) ) ;
#9879 = CARTESIAN_POINT ( 'NONE',  ( 9.500000000000000000, 0.000000000000000000, 3.302000000000000490 ) ) ;
#9880 = PLANE ( 'NONE',  #1214 ) ;
#9881 = FILL_AREA_STYLE_COLOUR ( '', #7960 ) ;
#9882 = CARTESIAN_POINT ( 'NONE',  ( -9.500000000000000000, 1.599999999999999867, -8.089999999999999858 ) ) ;
#9883 = EDGE_LOOP ( 'NONE', ( #3866, #2599, #4098, #4744 ) ) ;
#9884 = VERTEX_POINT ( 'NONE', #9401 ) ;
#9885 = VERTEX_POINT ( 'NONE', #2239 ) ;
#9886 = LINE ( 'NONE', #1653, #8178 ) ;
#9887 = STYLED_ITEM ( 'NONE', ( #412 ), #1783 ) ;
#9888 = AXIS2_PLACEMENT_3D ( 'NONE', #4476, #436, #7668 ) ;
#9889 = EDGE_CURVE ( 'NONE', #5171, #2737, #1392, .T. ) ;
#9890 = PLANE ( 'NONE',  #4136 ) ;
#9891 = DIRECTION ( 'NONE',  ( 1.186541365237213826E-16, 0.000000000000000000, 1.000000000000000000 ) ) ;
#9892 = CARTESIAN_POINT ( 'NONE',  ( 1.290000000000000036, 3.270000000000000018, -5.279999999999999361 ) ) ;
#9893 = DIRECTION ( 'NONE',  ( 0.000000000000000000, 0.000000000000000000, 1.000000000000000000 ) ) ;
#9894 = DIRECTION ( 'NONE',  ( 0.000000000000000000, 0.000000000000000000, -1.000000000000000000 ) ) ;
#9895 = AXIS2_PLACEMENT_3D ( 'NONE', #5900, #9737, #5795 ) ;
#9896 = ORIENTED_EDGE ( 'NONE', *, *, #3027, .F. ) ;
#9897 = DIRECTION ( 'NONE',  ( 1.000000000000000000, 0.000000000000000000, 0.000000000000000000 ) ) ;
#9898 = EDGE_LOOP ( 'NONE', ( #688, #9147, #7257, #9605, #1871, #6667, #3525, #7975 ) ) ;
#9899 = DIRECTION ( 'NONE',  ( 0.000000000000000000, 0.000000000000000000, -1.000000000000000000 ) ) ;
#9900 = CARTESIAN_POINT ( 'NONE',  ( 7.620000000000162643, 4.721281787984062284, 6.858000000000008534 ) ) ;
#9901 = FACE_OUTER_BOUND ( 'NONE', #7880, .T. ) ;
#9902 = CARTESIAN_POINT ( 'NONE',  ( -7.619999999999975238, 1.600000000000000089, -6.349999999999999645 ) ) ;
#9903 = CARTESIAN_POINT ( 'NONE',  ( 9.500000000000000000, 1.599999999999999867, -5.549999999999998934 ) ) ;
#9904 = ORIENTED_EDGE ( 'NONE', *, *, #2866, .F. ) ;
#9905 = ORIENTED_EDGE ( 'NONE', *, *, #2479, .F. ) ;
#9906 = ORIENTED_EDGE ( 'NONE', *, *, #5503, .F. ) ;
#9907 = ORIENTED_EDGE ( 'NONE', *, *, #1816, .F. ) ;
#9908 = VERTEX_POINT ( 'NONE', #6351 ) ;
#9909 = ADVANCED_FACE ( 'NONE', ( #3080 ), #6293, .F. ) ;
#9910 = PLANE ( 'NONE',  #6837 ) ;
#9911 = DIRECTION ( 'NONE',  ( -0.000000000000000000, -1.000000000000000000, -0.000000000000000000 ) ) ;
#9912 = EDGE_CURVE ( 'NONE', #4324, #10364, #9170, .T. ) ;
#9913 = LINE ( 'NONE', #4276, #5699 ) ;
#9914 = ORIENTED_EDGE ( 'NONE', *, *, #3812, .T. ) ;
#9915 = LINE ( 'NONE', #3506, #4652 ) ;
#9916 = ORIENTED_EDGE ( 'NONE', *, *, #7592, .T. ) ;
#9917 = EDGE_LOOP ( 'NONE', ( #10227, #8110, #2897, #3879 ) ) ;
#9918 =( GEOMETRIC_REPRESENTATION_CONTEXT ( 3 ) GLOBAL_UNCERTAINTY_ASSIGNED_CONTEXT ( ( #1335 ) ) GLOBAL_UNIT_ASSIGNED_CONTEXT ( ( #7877, #8900, #3069 ) ) REPRESENTATION_CONTEXT ( 'NONE', 'WORKASPACE' ) );
#9919 = EDGE_CURVE ( 'NONE', #58, #1018, #4404, .T. ) ;
#9920 = CARTESIAN_POINT ( 'NONE',  ( -7.619999999999897078, 1.599999999999999867, 0.7620000000000018980 ) ) ;
#9921 = EDGE_CURVE ( 'NONE', #9226, #7992, #2451, .T. ) ;
#9922 = CARTESIAN_POINT ( 'NONE',  ( -6.505213034913190293E-16, 0.000000000000000000, -0.4700000000000117972 ) ) ;
#9923 = CARTESIAN_POINT ( 'NONE',  ( 1.590000000000000302, 29.71055027400083759, -4.930000000000001492 ) ) ;
#9924 = VECTOR ( 'NONE', #3752, 1000.000000000000000 ) ;
#9925 = DIRECTION ( 'NONE',  ( 0.000000000000000000, 0.000000000000000000, -1.000000000000000000 ) ) ;
#9926 = CARTESIAN_POINT ( 'NONE',  ( 9.500000000000000000, 4.721281787984062284, -3.301999999999999602 ) ) ;
#9927 = LINE ( 'NONE', #5935, #1587 ) ;
#9928 =( NAMED_UNIT ( * ) SI_UNIT ( $, .STERADIAN. ) SOLID_ANGLE_UNIT ( ) );
#9929 = DIRECTION ( 'NONE',  ( -1.000000000000000000, 0.000000000000000000, -0.000000000000000000 ) ) ;
#9930 = DIRECTION ( 'NONE',  ( 0.000000000000000000, 1.000000000000000000, -0.000000000000000000 ) ) ;
#9931 = EDGE_LOOP ( 'NONE', ( #2994, #7309, #1020, #6599 ) ) ;
#9932 = ORIENTED_EDGE ( 'NONE', *, *, #1228, .T. ) ;
#9933 = ORIENTED_EDGE ( 'NONE', *, *, #9272, .T. ) ;
#9934 = ADVANCED_FACE ( 'NONE', ( #9058 ), #4215, .F. ) ;
#9935 = CARTESIAN_POINT ( 'NONE',  ( 7.620000000000007212, 1.600000000000000089, -8.890000000000000568 ) ) ;
#9936 = CIRCLE ( 'NONE', #6454, 0.5080000000000001181 ) ;
#9937 = DIRECTION ( 'NONE',  ( 1.186541365237213826E-16, -0.000000000000000000, 1.000000000000000000 ) ) ;
#9938 = DIRECTION ( 'NONE',  ( -1.000000000000000000, 0.000000000000000000, -0.000000000000000000 ) ) ;
#9939 = FILL_AREA_STYLE_COLOUR ( '', #2326 ) ;
#9940 = FACE_BOUND ( 'NONE', #5311, .T. ) ;
#9941 = DIRECTION ( 'NONE',  ( 1.000000000000000000, -0.000000000000000000, 0.000000000000000000 ) ) ;
#9942 = CARTESIAN_POINT ( 'NONE',  ( 7.620000000000140439, 0.000000000000000000, 3.810000000000000941 ) ) ;
#9943 = VECTOR ( 'NONE', #6034, 1000.000000000000000 ) ;
#9944 = VERTEX_POINT ( 'NONE', #227 ) ;
#9945 = CARTESIAN_POINT ( 'NONE',  ( 0.000000000000000000, 2.970000000000000195, -9.390000000000000568 ) ) ;
#9946 = ORIENTED_EDGE ( 'NONE', *, *, #7523, .T. ) ;
#9947 = EDGE_CURVE ( 'NONE', #2753, #1459, #8230, .T. ) ;
#9948 = LINE ( 'NONE', #2108, #6357 ) ;
#9949 = DIRECTION ( 'NONE',  ( -1.000000000000000000, 0.000000000000000000, 9.227252531791528105E-16 ) ) ;
#9950 = CARTESIAN_POINT ( 'NONE',  ( -6.597485560230948354E-15, 0.000000000000000000, 7.150000000000006573 ) ) ;
#9951 = CARTESIAN_POINT ( 'NONE',  ( 7.620000000000007212, 4.721281787984062284, -8.382000000000001450 ) ) ;
#9952 = CLOSED_SHELL ( 'NONE', ( #9473, #1971, #4748, #8382, #5475, #8747, #3218, #3793, #3632, #3387 ) ) ;
#9953 = VERTEX_POINT ( 'NONE', #4865 ) ;
#9954 = ORIENTED_EDGE ( 'NONE', *, *, #5358, .F. ) ;
#9955 = ORIENTED_EDGE ( 'NONE', *, *, #4547, .F. ) ;
#9956 = CARTESIAN_POINT ( 'NONE',  ( 2.900000000000000799, 1.600000000000000089, -9.479999999999995097 ) ) ;
#9957 = VECTOR ( 'NONE', #9643, 1000.000000000000000 ) ;
#9958 = ORIENTED_EDGE ( 'NONE', *, *, #839, .T. ) ;
#9959 = EDGE_LOOP ( 'NONE', ( #6447, #6545 ) ) ;
#9960 = DIRECTION ( 'NONE',  ( -0.000000000000000000, 0.000000000000000000, 1.000000000000000000 ) ) ;
#9961 = VECTOR ( 'NONE', #252, 1000.000000000000000 ) ;
#9962 = DIRECTION ( 'NONE',  ( 0.000000000000000000, 0.000000000000000000, 1.000000000000000000 ) ) ;
#9963 = PLANE ( 'NONE',  #3808 ) ;
#9964 = DIRECTION ( 'NONE',  ( 1.000000000000000000, 0.000000000000000000, -2.306813132947882026E-15 ) ) ;
#9965 = CARTESIAN_POINT ( 'NONE',  ( -7.619999999999922835, 1.599999999999999867, -1.269999999999998463 ) ) ;
#9966 = VECTOR ( 'NONE', #4876, 1000.000000000000000 ) ;
#9967 = VERTEX_POINT ( 'NONE', #5114 ) ;
#9968 = DIRECTION ( 'NONE',  ( -0.000000000000000000, -1.000000000000000000, -0.000000000000000000 ) ) ;
#9969 = AXIS2_PLACEMENT_3D ( 'NONE', #6919, #4757, #2932 ) ;
#9970 = AXIS2_PLACEMENT_3D ( 'NONE', #6879, #3883, #6925 ) ;
#9971 = ORIENTED_EDGE ( 'NONE', *, *, #7298, .T. ) ;
#9972 = EDGE_CURVE ( 'NONE', #5927, #3843, #7549, .T. ) ;
#9973 = ORIENTED_EDGE ( 'NONE', *, *, #1922, .F. ) ;
#9974 = CIRCLE ( 'NONE', #8648, 0.8000000000000012657 ) ;
#9975 = DIRECTION ( 'NONE',  ( 0.000000000000000000, 1.000000000000000000, -0.000000000000000000 ) ) ;
#9976 = VECTOR ( 'NONE', #3386, 1000.000000000000000 ) ;
#9977 = AXIS2_PLACEMENT_3D ( 'NONE', #298, #6799, #8414 ) ;
#9978 = ADVANCED_FACE ( 'NONE', ( #9010 ), #1958, .F. ) ;
#9979 = LINE ( 'NONE', #6753, #2249 ) ;
#9980 = CARTESIAN_POINT ( 'NONE',  ( 7.620000000000000107, 4.721281787984062284, -7.150000000000001243 ) ) ;
#9981 = EDGE_CURVE ( 'NONE', #7283, #9442, #2649, .T. ) ;
#9982 = LINE ( 'NONE', #8421, #3125 ) ;
#9983 = DIRECTION ( 'NONE',  ( 0.000000000000000000, 0.000000000000000000, -1.000000000000000000 ) ) ;
#9984 = PLANE ( 'NONE',  #238 ) ;
#9985 = SURFACE_STYLE_USAGE ( .BOTH. , #8475 ) ;
#9986 = DIRECTION ( 'NONE',  ( 0.000000000000000000, 0.000000000000000000, -1.000000000000000000 ) ) ;
#9987 = VERTEX_POINT ( 'NONE', #6732 ) ;
#9988 = ADVANCED_FACE ( 'NONE', ( #4371 ), #6634, .T. ) ;
#9989 = AXIS2_PLACEMENT_3D ( 'NONE', #2004, #6882, #9998 ) ;
#9990 = ORIENTED_EDGE ( 'NONE', *, *, #8898, .T. ) ;
#9991 = ORIENTED_EDGE ( 'NONE', *, *, #7559, .T. ) ;
#9992 = VECTOR ( 'NONE', #8991, 1000.000000000000000 ) ;
#9993 = VERTEX_POINT ( 'NONE', #5058 ) ;
#9994 = CYLINDRICAL_SURFACE ( 'NONE', #10324, 0.1000000000000002554 ) ;
#9995 = LINE ( 'NONE', #2843, #8303 ) ;
#9996 = AXIS2_PLACEMENT_3D ( 'NONE', #327, #5224, #8339 ) ;
#9997 = EDGE_CURVE ( 'NONE', #1143, #1807, #8282, .T. ) ;
#9998 = DIRECTION ( 'NONE',  ( 0.000000000000000000, 0.000000000000000000, 1.000000000000000000 ) ) ;
#9999 = CARTESIAN_POINT ( 'NONE',  ( -9.499999999999996447, 1.600000000000000089, -8.089999999999999858 ) ) ;
#10000 = CARTESIAN_POINT ( 'NONE',  ( 0.000000000000000000, 1.600000000000000089, 0.000000000000000000 ) ) ;
#10001 = DIRECTION ( 'NONE',  ( 0.000000000000000000, 1.000000000000000000, -0.000000000000000000 ) ) ;
#10002 = ORIENTED_EDGE ( 'NONE', *, *, #5073, .T. ) ;
#10003 = EDGE_CURVE ( 'NONE', #1822, #10177, #5662, .T. ) ;
#10004 = DIRECTION ( 'NONE',  ( 1.000000000000000000, 0.000000000000000000, -0.000000000000000000 ) ) ;
#10005 = ORIENTED_EDGE ( 'NONE', *, *, #4701, .F. ) ;
#10006 = VECTOR ( 'NONE', #657, 1000.000000000000000 ) ;
#10007 = MECHANICAL_DESIGN_GEOMETRIC_PRESENTATION_REPRESENTATION (  '', ( #8358 ), #7348 ) ;
#10008 = DIRECTION ( 'NONE',  ( 0.000000000000000000, 0.000000000000000000, -1.000000000000000000 ) ) ;
#10009 = LINE ( 'NONE', #9900, #10154 ) ;
#10010 = UNCERTAINTY_MEASURE_WITH_UNIT (LENGTH_MEASURE( 1.000000000000000082E-05 ), #5714, 'distance_accuracy_value', 'NONE');
#10011 = ADVANCED_FACE ( 'NONE', ( #7555, #3489 ), #6019, .T. ) ;
#10012 = DIRECTION ( 'NONE',  ( 1.000000000000000000, 0.000000000000000000, -1.384087879768729216E-15 ) ) ;
#10013 = CYLINDRICAL_SURFACE ( 'NONE', #9386, 0.8000000000000012657 ) ;
#10014 = CARTESIAN_POINT ( 'NONE',  ( 7.620000000000000107, 4.721281787984062284, 5.550000000000003375 ) ) ;
#10015 = FACE_OUTER_BOUND ( 'NONE', #9579, .T. ) ;
#10016 = ORIENTED_EDGE ( 'NONE', *, *, #2899, .F. ) ;
#10017 = ORIENTED_EDGE ( 'NONE', *, *, #5355, .T. ) ;
#10018 = EDGE_LOOP ( 'NONE', ( #6021, #9650 ) ) ;
#10019 = CARTESIAN_POINT ( 'NONE',  ( 0.000000000000000000, 4.721281787984062284, -5.549999999999998934 ) ) ;
#10020 = ORIENTED_EDGE ( 'NONE', *, *, #2389, .T. ) ;
#10021 = ORIENTED_EDGE ( 'NONE', *, *, #1292, .F. ) ;
#10022 = STYLED_ITEM ( 'NONE', ( #5920 ), #8453 ) ;
#10023 = LINE ( 'NONE', #4487, #6675 ) ;
#10024 = PLANE ( 'NONE',  #2927 ) ;
#10025 = EDGE_CURVE ( 'NONE', #1400, #954, #2697, .T. ) ;
#10026 = CARTESIAN_POINT ( 'NONE',  ( 4.719999999999999751, 1.750000000000000000, -6.439999999999992397 ) ) ;
#10027 = CARTESIAN_POINT ( 'NONE',  ( 1.390000000000000124, 29.71055027400083759, -5.279999999999999361 ) ) ;
#10028 = PLANE ( 'NONE',  #2604 ) ;
#10029 = ORIENTED_EDGE ( 'NONE', *, *, #2256, .T. ) ;
#10030 =( GEOMETRIC_REPRESENTATION_CONTEXT ( 3 ) GLOBAL_UNCERTAINTY_ASSIGNED_CONTEXT ( ( #9479 ) ) GLOBAL_UNIT_ASSIGNED_CONTEXT ( ( #7383, #8061, #945 ) ) REPRESENTATION_CONTEXT ( 'NONE', 'WORKASPACE' ) );
#10031 = DIRECTION ( 'NONE',  ( 1.365923996832131609E-16, 0.000000000000000000, 1.000000000000000000 ) ) ;
#10032 = ORIENTED_EDGE ( 'NONE', *, *, #2265, .T. ) ;
#10033 = ORIENTED_EDGE ( 'NONE', *, *, #4810, .T. ) ;
#10034 = DIRECTION ( 'NONE',  ( 1.000000000000000000, -0.000000000000000000, 0.000000000000000000 ) ) ;
#10035 = DIRECTION ( 'NONE',  ( 1.000000000000000000, -0.000000000000000000, 0.000000000000000000 ) ) ;
#10036 = FACE_OUTER_BOUND ( 'NONE', #7769, .T. ) ;
#10037 = CARTESIAN_POINT ( 'NONE',  ( 9.500000000000000000, 0.000000000000000000, 6.857999999999999652 ) ) ;
#10038 = CARTESIAN_POINT ( 'NONE',  ( 9.500000000000000000, 1.599999999999999867, 9.397999999999999687 ) ) ;
#10039 = FACE_OUTER_BOUND ( 'NONE', #5028, .T. ) ;
#10040 = SURFACE_SIDE_STYLE ('',( #1155 ) ) ;
#10041 = DIRECTION ( 'NONE',  ( 0.000000000000000000, -0.000000000000000000, 1.000000000000000000 ) ) ;
#10042 = DIRECTION ( 'NONE',  ( -0.000000000000000000, -1.000000000000000000, -0.000000000000000000 ) ) ;
#10043 = ORIENTED_EDGE ( 'NONE', *, *, #10208, .T. ) ;
#10044 = ORIENTED_EDGE ( 'NONE', *, *, #1620, .T. ) ;
#10045 = ORIENTED_EDGE ( 'NONE', *, *, #2316, .T. ) ;
#10046 = EDGE_CURVE ( 'NONE', #1198, #7402, #5228, .T. ) ;
#10047 = EDGE_CURVE ( 'NONE', #3482, #6395, #4321, .T. ) ;
#10048 = DIRECTION ( 'NONE',  ( 0.000000000000000000, 1.000000000000000000, 0.000000000000000000 ) ) ;
#10049 = EDGE_CURVE ( 'NONE', #8642, #6961, #352, .T. ) ;
#10050 = DIRECTION ( 'NONE',  ( 1.000000000000000000, 0.000000000000000000, 0.000000000000000000 ) ) ;
#10051 = LINE ( 'NONE', #7330, #4311 ) ;
#10052 = CARTESIAN_POINT ( 'NONE',  ( 9.500000000000003553, 1.599999999999999867, -8.890000000000000568 ) ) ;
#10053 = PLANE ( 'NONE',  #8251 ) ;
#10054 = CARTESIAN_POINT ( 'NONE',  ( 3.219999999999999751, 1.750000000000000000, -6.439999999999992397 ) ) ;
#10055 = CARTESIAN_POINT ( 'NONE',  ( -6.000000000000001776, 29.71055027400083759, -9.690000000000001279 ) ) ;
#10056 = EDGE_LOOP ( 'NONE', ( #1366, #7616, #5540, #7268 ) ) ;
#10057 = CARTESIAN_POINT ( 'NONE',  ( 7.620000000000162643, 1.599999999999999867, 6.350000000000003197 ) ) ;
#10058 = AXIS2_PLACEMENT_3D ( 'NONE', #8208, #8885, #205 ) ;
#10059 = ORIENTED_EDGE ( 'NONE', *, *, #10187, .F. ) ;
#10060 = EDGE_CURVE ( 'NONE', #7850, #928, #7609, .T. ) ;
#10061 = DIRECTION ( 'NONE',  ( -0.000000000000000000, -1.000000000000000000, -0.000000000000000000 ) ) ;
#10062 = EDGE_CURVE ( 'NONE', #3927, #9993, #4569, .T. ) ;
#10063 = VECTOR ( 'NONE', #9964, 1000.000000000000000 ) ;
#10064 = DIRECTION ( 'NONE',  ( 0.000000000000000000, 0.000000000000000000, 1.000000000000000000 ) ) ;
#10065 = CARTESIAN_POINT ( 'NONE',  ( 7.620000000000057838, 0.000000000000000000, -3.301999999999994717 ) ) ;
#10066 = LINE ( 'NONE', #2218, #191 ) ;
#10067 = LINE ( 'NONE', #6020, #637 ) ;
#10068 = EDGE_LOOP ( 'NONE', ( #4881, #241, #1870, #1132 ) ) ;
#10069 = ORIENTED_EDGE ( 'NONE', *, *, #9487, .T. ) ;
#10070 = ORIENTED_EDGE ( 'NONE', *, *, #3272, .T. ) ;
#10071 = EDGE_LOOP ( 'NONE', ( #9060, #2659, #1908, #5940 ) ) ;
#10072 = VERTEX_POINT ( 'NONE', #5480 ) ;
#10073 = EDGE_CURVE ( 'NONE', #4559, #886, #10113, .T. ) ;
#10074 = CIRCLE ( 'NONE', #1718, 0.8000000000000020428 ) ;
#10075 = CARTESIAN_POINT ( 'NONE',  ( -7.619999999999975238, 4.721281787984062284, -6.349999999999999645 ) ) ;
#10076 = CARTESIAN_POINT ( 'NONE',  ( 3.969999999999999751, 3.000000000000000000, -7.359999999999994991 ) ) ;
#10077 = CYLINDRICAL_SURFACE ( 'NONE', #6150, 0.8000000000000003775 ) ;
#10078 = LINE ( 'NONE', #9440, #2714 ) ;
#10079 = ORIENTED_EDGE ( 'NONE', *, *, #7691, .T. ) ;
#10080 = ORIENTED_EDGE ( 'NONE', *, *, #4692, .T. ) ;
#10081 = CARTESIAN_POINT ( 'NONE',  ( 0.000000000000000000, 0.000000000000000000, 0.000000000000000000 ) ) ;
#10082 = VERTEX_POINT ( 'NONE', #9377 ) ;
#10083 = EDGE_CURVE ( 'NONE', #3353, #2948, #5924, .T. ) ;
#10084 = DIRECTION ( 'NONE',  ( 1.000000000000000000, -0.000000000000000000, 0.000000000000000000 ) ) ;
#10085 = LINE ( 'NONE', #10200, #4269 ) ;
#10086 = DIRECTION ( 'NONE',  ( 0.000000000000000000, 1.000000000000000000, -0.000000000000000000 ) ) ;
#10087 = FACE_OUTER_BOUND ( 'NONE', #6862, .T. ) ;
#10088 = LINE ( 'NONE', #10250, #9841 ) ;
#10089 =( LENGTH_UNIT ( ) NAMED_UNIT ( * ) SI_UNIT ( .MILLI., .METRE. ) );
#10090 = DIRECTION ( 'NONE',  ( -1.000000000000000000, -0.000000000000000000, -0.000000000000000000 ) ) ;
#10091 = CARTESIAN_POINT ( 'NONE',  ( -7.619999999999819806, 4.721281787984062284, 8.382000000000003226 ) ) ;
#10092 = ORIENTED_EDGE ( 'NONE', *, *, #10101, .T. ) ;
#10093 = ORIENTED_EDGE ( 'NONE', *, *, #6402, .F. ) ;
#10094 = ORIENTED_EDGE ( 'NONE', *, *, #6742, .F. ) ;
#10095 = VECTOR ( 'NONE', #9685, 1000.000000000000000 ) ;
#10096 = CARTESIAN_POINT ( 'NONE',  ( -7.619999999999975238, 0.000000000000000000, -6.349999999999999645 ) ) ;
#10097 = DIRECTION ( 'NONE',  ( -1.000000000000000000, 0.000000000000000000, -9.227252531791528105E-16 ) ) ;
#10098 = DIRECTION ( 'NONE',  ( 0.000000000000000000, 0.000000000000000000, -1.000000000000000000 ) ) ;
#10099 = CARTESIAN_POINT ( 'NONE',  ( -9.499999999999996447, 0.000000000000000000, -9.690000000000001279 ) ) ;
#10100 = FACE_OUTER_BOUND ( 'NONE', #9520, .T. ) ;
#10101 = EDGE_CURVE ( 'NONE', #8067, #5091, #3640, .T. ) ;
#10102 = VERTEX_POINT ( 'NONE', #4689 ) ;
#10103 = VERTEX_POINT ( 'NONE', #2957 ) ;
#10104 = FACE_OUTER_BOUND ( 'NONE', #9898, .T. ) ;
#10105 = ORIENTED_EDGE ( 'NONE', *, *, #3794, .T. ) ;
#10106 = VECTOR ( 'NONE', #6126, 1000.000000000000000 ) ;
#10107 = EDGE_CURVE ( 'NONE', #5939, #607, #6274, .T. ) ;
#10108 = CARTESIAN_POINT ( 'NONE',  ( 2.899999999999999467, 2.100000000000000089, -9.279999999999994031 ) ) ;
#10109 = AXIS2_PLACEMENT_3D ( 'NONE', #3919, #4752, #7166 ) ;
#10110 = VECTOR ( 'NONE', #8942, 1000.000000000000000 ) ;
#10111 = DIRECTION ( 'NONE',  ( -0.000000000000000000, -1.000000000000000000, -0.000000000000000000 ) ) ;
#10112 = CARTESIAN_POINT ( 'NONE',  ( 7.620000000000007212, 1.599999999999999867, -8.890000000000000568 ) ) ;
#10113 = LINE ( 'NONE', #9219, #8072 ) ;
#10114 = EDGE_CURVE ( 'NONE', #5194, #6179, #6842, .T. ) ;
#10115 = EDGE_CURVE ( 'NONE', #6047, #1400, #10066, .T. ) ;
#10116 = DIRECTION ( 'NONE',  ( -0.000000000000000000, -1.000000000000000000, -0.000000000000000000 ) ) ;
#10117 = ORIENTED_EDGE ( 'NONE', *, *, #4081, .F. ) ;
#10118 = EDGE_LOOP ( 'NONE', ( #8504, #1185, #1793, #1188 ) ) ;
#10119 = EDGE_CURVE ( 'NONE', #9226, #2375, #1339, .T. ) ;
#10120 = VERTEX_POINT ( 'NONE', #6068 ) ;
#10121 = ORIENTED_EDGE ( 'NONE', *, *, #789, .F. ) ;
#10122 = CARTESIAN_POINT ( 'NONE',  ( 3.969999999999999751, 2.100000000000000089, -8.209999999999995524 ) ) ;
#10123 = CYLINDRICAL_SURFACE ( 'NONE', #1658, 0.7999999999999969358 ) ;
#10124 = DIRECTION ( 'NONE',  ( 0.000000000000000000, 1.000000000000000000, -0.000000000000000000 ) ) ;
#10125 = LINE ( 'NONE', #8512, #6320 ) ;
#10126 = LINE ( 'NONE', #10027, #198 ) ;
#10127 = FILL_AREA_STYLE ('',( #6955 ) ) ;
#10128 = EDGE_CURVE ( 'NONE', #2753, #5030, #499, .T. ) ;
#10129 = ORIENTED_EDGE ( 'NONE', *, *, #6184, .T. ) ;
#10130 = CIRCLE ( 'NONE', #5137, 0.5080000000000015614 ) ;
#10131 = VERTEX_POINT ( 'NONE', #3698 ) ;
#10132 = ORIENTED_EDGE ( 'NONE', *, *, #2479, .T. ) ;
#10133 = PLANE ( 'NONE',  #9488 ) ;
#10134 = ORIENTED_EDGE ( 'NONE', *, *, #7875, .F. ) ;
#10135 = AXIS2_PLACEMENT_3D ( 'NONE', #5205, #8370, #1050 ) ;
#10136 = CARTESIAN_POINT ( 'NONE',  ( 0.000000000000000000, 1.600000000000000089, -4.610000000000000320 ) ) ;
#10137 = VECTOR ( 'NONE', #5455, 1000.000000000000000 ) ;
#10138 = VECTOR ( 'NONE', #1831, 1000.000000000000000 ) ;
#10139 = FACE_BOUND ( 'NONE', #2032, .T. ) ;
#10140 = CARTESIAN_POINT ( 'NONE',  ( 0.000000000000000000, 4.721281787984062284, -4.610000000000000320 ) ) ;
#10141 = EDGE_CURVE ( 'NONE', #2837, #9836, #2904, .T. ) ;
#10142 = AXIS2_PLACEMENT_3D ( 'NONE', #7899, #6358, #9513 ) ;
#10143 = CARTESIAN_POINT ( 'NONE',  ( 1.275773013041212096E-15, 3.270000000000000018, 9.340000000000008740 ) ) ;
#10144 = DIRECTION ( 'NONE',  ( -0.000000000000000000, -1.000000000000000000, -0.000000000000000000 ) ) ;
#10145 = FACE_OUTER_BOUND ( 'NONE', #9146, .T. ) ;
#10146 = APPLICATION_PROTOCOL_DEFINITION ( 'draft international standard', 'automotive_design', 1998, #8021 ) ;
#10147 = DIRECTION ( 'NONE',  ( -1.000000000000000000, 0.000000000000000000, 1.384087879768729216E-15 ) ) ;
#10148 = ORIENTED_EDGE ( 'NONE', *, *, #6368, .T. ) ;
#10149 = VECTOR ( 'NONE', #4564, 1000.000000000000000 ) ;
#10150 = VECTOR ( 'NONE', #8817, 1000.000000000000000 ) ;
#10151 = ORIENTED_EDGE ( 'NONE', *, *, #10308, .T. ) ;
#10152 = ORIENTED_EDGE ( 'NONE', *, *, #10182, .F. ) ;
#10153 = DIRECTION ( 'NONE',  ( 0.000000000000000000, 1.000000000000000000, -0.000000000000000000 ) ) ;
#10154 = VECTOR ( 'NONE', #1899, 1000.000000000000000 ) ;
#10155 = AXIS2_PLACEMENT_3D ( 'NONE', #5726, #8882, #6361 ) ;
#10156 = CARTESIAN_POINT ( 'NONE',  ( -9.499999999999996447, 0.000000000000000000, -3.009999999999999787 ) ) ;
#10157 = CARTESIAN_POINT ( 'NONE',  ( 3.969999999999999751, 2.682500000000000107, -8.527499999999994529 ) ) ;
#10158 = MECHANICAL_DESIGN_GEOMETRIC_PRESENTATION_REPRESENTATION (  '', ( #7985 ), #266 ) ;
#10159 = CARTESIAN_POINT ( 'NONE',  ( -7.620000000000000995, 1.599999999999999867, -8.890000000000000568 ) ) ;
#10160 = DIRECTION ( 'NONE',  ( -0.000000000000000000, -1.000000000000000000, -0.000000000000000000 ) ) ;
#10161 = AXIS2_PLACEMENT_3D ( 'NONE', #1060, #4254, #7440 ) ;
#10162 = DIRECTION ( 'NONE',  ( 0.000000000000000000, 0.000000000000000000, 1.000000000000000000 ) ) ;
#10163 = CIRCLE ( 'NONE', #5499, 0.2999999999999999334 ) ;
#10164 = ORIENTED_EDGE ( 'NONE', *, *, #8191, .T. ) ;
#10165 = CARTESIAN_POINT ( 'NONE',  ( 7.620000000000000107, 0.000000000000000000, -7.150000000000001243 ) ) ;
#10166 = VERTEX_POINT ( 'NONE', #7766 ) ;
#10167 = AXIS2_PLACEMENT_3D ( 'NONE', #3547, #4380, #3594 ) ;
#10168 = CARTESIAN_POINT ( 'NONE',  ( 1.240000000000002434, 3.270000000000000018, -5.279999999999999361 ) ) ;
#10169 = AXIS2_PLACEMENT_3D ( 'NONE', #7838, #10290, #10241 ) ;
#10170 = DIRECTION ( 'NONE',  ( -0.000000000000000000, -1.000000000000000000, -0.000000000000000000 ) ) ;
#10171 = EDGE_CURVE ( 'NONE', #7340, #270, #7718, .T. ) ;
#10172 = CARTESIAN_POINT ( 'NONE',  ( -9.499999999999996447, 1.600000000000000089, 0.000000000000000000 ) ) ;
#10173 = LINE ( 'NONE', #6460, #9040 ) ;
#10174 = SURFACE_STYLE_FILL_AREA ( #4633 ) ;
#10175 = ORIENTED_EDGE ( 'NONE', *, *, #4006, .F. ) ;
#10176 = VECTOR ( 'NONE', #5692, 1000.000000000000000 ) ;
#10177 = VERTEX_POINT ( 'NONE', #8601 ) ;
#10178 = VERTEX_POINT ( 'NONE', #2173 ) ;
#10179 = CARTESIAN_POINT ( 'NONE',  ( -7.619999999999814477, 0.000000000000000000, 8.890000000000000568 ) ) ;
#10180 = CARTESIAN_POINT ( 'NONE',  ( 0.000000000000000000, 0.000000000000000000, 0.000000000000000000 ) ) ;
#10181 = EDGE_CURVE ( 'NONE', #2007, #8481, #5385, .T. ) ;
#10182 = EDGE_CURVE ( 'NONE', #9028, #4669, #10173, .T. ) ;
#10183 = CARTESIAN_POINT ( 'NONE',  ( 9.500000000000000000, 0.000000000000000000, -4.610000000000000320 ) ) ;
#10184 = AXIS2_PLACEMENT_3D ( 'NONE', #5474, #3106, #3009 ) ;
#10185 = AXIS2_PLACEMENT_3D ( 'NONE', #931, #7263, #84 ) ;
#10186 = LINE ( 'NONE', #3022, #3290 ) ;
#10187 = EDGE_CURVE ( 'NONE', #2701, #4201, #9465, .T. ) ;
#10188 = CARTESIAN_POINT ( 'NONE',  ( 9.500000000000000000, 4.721281787984062284, 3.302000000000000490 ) ) ;
#10189 = FILL_AREA_STYLE ('',( #9233 ) ) ;
#10190 = ORIENTED_EDGE ( 'NONE', *, *, #4628, .F. ) ;
#10191 = VERTEX_POINT ( 'NONE', #5521 ) ;
#10193 = DIRECTION ( 'NONE',  ( 0.000000000000000000, 0.000000000000000000, -1.000000000000000000 ) ) ;
#10192 = AXIS2_PLACEMENT_3D ( 'NONE', #889, #3090, #7270 ) ;
#10194 = VERTEX_POINT ( 'NONE', #7905 ) ;
#10195 = CARTESIAN_POINT ( 'NONE',  ( 1.240000000000001545, 29.71055027400083759, -9.490000000000000213 ) ) ;
#10196 = EDGE_CURVE ( 'NONE', #3283, #7671, #746, .T. ) ;
#10197 = EDGE_CURVE ( 'NONE', #1743, #5526, #3936, .T. ) ;
#10198 = VECTOR ( 'NONE', #1509, 1000.000000000000000 ) ;
#10199 = DIRECTION ( 'NONE',  ( 0.000000000000000000, -1.000000000000000000, 0.000000000000000000 ) ) ;
#10200 = CARTESIAN_POINT ( 'NONE',  ( 1.240000000000001545, 2.970000000000000195, -9.690000000000001279 ) ) ;
#10201 = DIRECTION ( 'NONE',  ( -1.000000000000000000, 0.000000000000000000, 0.000000000000000000 ) ) ;
#10202 = DIRECTION ( 'NONE',  ( 0.000000000000000000, 0.000000000000000000, 1.000000000000000000 ) ) ;
#10203 = VERTEX_POINT ( 'NONE', #848 ) ;
#10204 = LINE ( 'NONE', #8731, #5825 ) ;
#10205 = ORIENTED_EDGE ( 'NONE', *, *, #7058, .F. ) ;
#10206 = ORIENTED_EDGE ( 'NONE', *, *, #9610, .F. ) ;
#10207 = DIRECTION ( 'NONE',  ( -0.000000000000000000, -1.000000000000000000, -0.000000000000000000 ) ) ;
#10208 = EDGE_CURVE ( 'NONE', #3540, #1127, #4044, .T. ) ;
#10209 = CARTESIAN_POINT ( 'NONE',  ( -9.499999999999996447, 1.600000000000000089, 11.00000000000000355 ) ) ;
#10210 = CARTESIAN_POINT ( 'NONE',  ( 0.000000000000000000, 0.000000000000000000, -4.610000000000000320 ) ) ;
#10211 =( LENGTH_UNIT ( ) NAMED_UNIT ( * ) SI_UNIT ( .MILLI., .METRE. ) );
#10212 = DIRECTION ( 'NONE',  ( 1.000000000000000000, 0.000000000000000000, 4.613626265895764052E-16 ) ) ;
#10213 = FACE_OUTER_BOUND ( 'NONE', #5975, .T. ) ;
#10214 = ORIENTED_EDGE ( 'NONE', *, *, #3985, .T. ) ;
#10215 = ORIENTED_EDGE ( 'NONE', *, *, #4072, .T. ) ;
#10216 = DIRECTION ( 'NONE',  ( -0.000000000000000000, -1.000000000000000000, -0.000000000000000000 ) ) ;
#10217 = ORIENTED_EDGE ( 'NONE', *, *, #6373, .T. ) ;
#10218 = EDGE_CURVE ( 'NONE', #5281, #9678, #7533, .T. ) ;
#10219 = CARTESIAN_POINT ( 'NONE',  ( -9.499999999999996447, 1.600000000000000089, -5.549999999999998934 ) ) ;
#10220 = UNCERTAINTY_MEASURE_WITH_UNIT (LENGTH_MEASURE( 1.000000000000000082E-05 ), #1000, 'distance_accuracy_value', 'NONE');
#10221 = LINE ( 'NONE', #2955, #3126 ) ;
#10222 = DIRECTION ( 'NONE',  ( 0.000000000000000000, 0.000000000000000000, 1.000000000000000000 ) ) ;
#10223 = DIRECTION ( 'NONE',  ( 0.000000000000000000, 0.000000000000000000, 1.000000000000000000 ) ) ;
#10224 = AXIS2_PLACEMENT_3D ( 'NONE', #4809, #628, #3920 ) ;
#10225 = ORIENTED_EDGE ( 'NONE', *, *, #752, .F. ) ;
#10226 = VERTEX_POINT ( 'NONE', #1928 ) ;
#10227 = ORIENTED_EDGE ( 'NONE', *, *, #7030, .F. ) ;
#10228 = ORIENTED_EDGE ( 'NONE', *, *, #4587, .T. ) ;
#10229 = DIRECTION ( 'NONE',  ( 0.000000000000000000, 0.000000000000000000, -1.000000000000000000 ) ) ;
#10230 = CARTESIAN_POINT ( 'NONE',  ( 7.620000000000110241, 1.599999999999999867, 1.270000000000002016 ) ) ;
#10231 = VECTOR ( 'NONE', #8258, 1000.000000000000000 ) ;
#10232 = AXIS2_PLACEMENT_3D ( 'NONE', #7451, #8131, #9949 ) ;
#10233 = LINE ( 'NONE', #7829, #8608 ) ;
#10234 = FACE_OUTER_BOUND ( 'NONE', #2210, .T. ) ;
#10235 = DIRECTION ( 'NONE',  ( 0.000000000000000000, -0.000000000000000000, 1.000000000000000000 ) ) ;
#10236 = LINE ( 'NONE', #9441, #3144 ) ;
#10237 = VERTEX_POINT ( 'NONE', #1048 ) ;
#10238 = EDGE_CURVE ( 'NONE', #8361, #3059, #946, .T. ) ;
#10239 = AXIS2_PLACEMENT_3D ( 'NONE', #1114, #2736, #9894 ) ;
#10240 = VERTEX_POINT ( 'NONE', #5084 ) ;
#10241 = DIRECTION ( 'NONE',  ( 0.000000000000000000, 0.000000000000000000, 1.000000000000000000 ) ) ;
#10242 = ORIENTED_EDGE ( 'NONE', *, *, #1056, .F. ) ;
#10243 = EDGE_CURVE ( 'NONE', #297, #8399, #7336, .T. ) ;
#10244 = DIRECTION ( 'NONE',  ( 0.000000000000000000, 1.000000000000000000, -0.000000000000000000 ) ) ;
#10245 = VECTOR ( 'NONE', #1668, 1000.000000000000000 ) ;
#10246 = CARTESIAN_POINT ( 'NONE',  ( -9.500000000000000000, 1.599999999999999867, 0.000000000000000000 ) ) ;
#10247 = DIRECTION ( 'NONE',  ( 0.000000000000000000, 0.000000000000000000, -1.000000000000000000 ) ) ;
#10248 = FACE_OUTER_BOUND ( 'NONE', #3436, .T. ) ;
#10249 = ORIENTED_EDGE ( 'NONE', *, *, #2718, .T. ) ;
#10250 = CARTESIAN_POINT ( 'NONE',  ( 6.150000000000000355, 2.970000000000000639, -4.930000000000001492 ) ) ;
#10251 = DIRECTION ( 'NONE',  ( -1.000000000000000000, 0.000000000000000000, -0.000000000000000000 ) ) ;
#10252 = EDGE_CURVE ( 'NONE', #8416, #2699, #1036, .T. ) ;
#10253 = ORIENTED_EDGE ( 'NONE', *, *, #1246, .T. ) ;
#10254 = ORIENTED_EDGE ( 'NONE', *, *, #9788, .F. ) ;
#10255 = ORIENTED_EDGE ( 'NONE', *, *, #9156, .F. ) ;
#10256 = EDGE_CURVE ( 'NONE', #6395, #8626, #3519, .T. ) ;
#10257 = CARTESIAN_POINT ( 'NONE',  ( -9.500000000000000000, 0.000000000000000000, -4.318000000000000504 ) ) ;
#10258 = DIRECTION ( 'NONE',  ( 0.000000000000000000, 0.000000000000000000, 1.000000000000000000 ) ) ;
#10259 = FACE_OUTER_BOUND ( 'NONE', #2198, .T. ) ;
#10260 = DIRECTION ( 'NONE',  ( -0.000000000000000000, -0.000000000000000000, 1.000000000000000000 ) ) ;
#10261 =( NAMED_UNIT ( * ) PLANE_ANGLE_UNIT ( ) SI_UNIT ( $, .RADIAN. ) );
#10262 = DIRECTION ( 'NONE',  ( 1.186541365237213826E-16, -0.000000000000000000, 1.000000000000000000 ) ) ;
#10263 = CYLINDRICAL_SURFACE ( 'NONE', #2391, 0.5079999999999997851 ) ;
#10264 = EDGE_CURVE ( 'NONE', #9117, #5797, #4987, .T. ) ;
#10265 = CARTESIAN_POINT ( 'NONE',  ( 9.500000000000000000, 0.000000000000000000, 0.000000000000000000 ) ) ;
#10266 = ORIENTED_EDGE ( 'NONE', *, *, #4396, .F. ) ;
#10267 = CARTESIAN_POINT ( 'NONE',  ( -7.619999999999894413, 1.600000000000000089, 1.270000000000000240 ) ) ;
#10268 = ORIENTED_EDGE ( 'NONE', *, *, #4760, .T. ) ;
#10269 = EDGE_LOOP ( 'NONE', ( #5188, #6973, #2058, #7557 ) ) ;
#10270 = AXIS2_PLACEMENT_3D ( 'NONE', #2689, #2102, #1170 ) ;
#10271 = FACE_OUTER_BOUND ( 'NONE', #6463, .T. ) ;
#10272 = DIRECTION ( 'NONE',  ( 0.000000000000000000, 0.000000000000000000, -1.000000000000000000 ) ) ;
#10273 = LINE ( 'NONE', #3215, #8222 ) ;
#10274 = CARTESIAN_POINT ( 'NONE',  ( 5.039999999999997371, 1.600000000000000089, -6.939999999999995950 ) ) ;
#10275 = EDGE_CURVE ( 'NONE', #7127, #9088, #3217, .T. ) ;
#10276 = CIRCLE ( 'NONE', #3930, 0.5080000000000050031 ) ;
#10277 = ORIENTED_EDGE ( 'NONE', *, *, #4176, .F. ) ;
#10278 = ORIENTED_EDGE ( 'NONE', *, *, #9478, .T. ) ;
#10279 = ORIENTED_EDGE ( 'NONE', *, *, #1163, .T. ) ;
#10280 = CARTESIAN_POINT ( 'NONE',  ( 9.500000000000000000, 1.599999999999999867, -1.778000000000000469 ) ) ;
#10281 = LINE ( 'NONE', #4790, #3162 ) ;
#10282 = VECTOR ( 'NONE', #5444, 1000.000000000000000 ) ;
#10283 = FACE_OUTER_BOUND ( 'NONE', #6652, .T. ) ;
#10284 = CARTESIAN_POINT ( 'NONE',  ( -7.620000000000000107, 1.599999999999999867, 9.689999999999999503 ) ) ;
#10285 = FACE_OUTER_BOUND ( 'NONE', #6751, .T. ) ;
#10286 = LINE ( 'NONE', #6339, #5460 ) ;
#10287 = CARTESIAN_POINT ( 'NONE',  ( 9.500000000000000000, 0.000000000000000000, 6.349999999999999645 ) ) ;
#10288 = ORIENTED_EDGE ( 'NONE', *, *, #9399, .F. ) ;
#10289 = EDGE_LOOP ( 'NONE', ( #9014, #3746, #445, #5182 ) ) ;
#10290 = DIRECTION ( 'NONE',  ( 0.000000000000000000, 1.000000000000000000, -0.000000000000000000 ) ) ;
#10291 = ORIENTED_EDGE ( 'NONE', *, *, #3741, .T. ) ;
#10292 = DIRECTION ( 'NONE',  ( -1.000000000000000000, 0.000000000000000000, -0.000000000000000000 ) ) ;
#10293 = DIRECTION ( 'NONE',  ( -0.000000000000000000, -0.000000000000000000, 1.000000000000000000 ) ) ;
#10294 = LINE ( 'NONE', #9448, #3773 ) ;
#10295 = VECTOR ( 'NONE', #8866, 1000.000000000000000 ) ;
#10296 = LINE ( 'NONE', #8727, #890 ) ;
#10297 = DIRECTION ( 'NONE',  ( 0.000000000000000000, 0.000000000000000000, 1.000000000000000000 ) ) ;
#10298 = EDGE_CURVE ( 'NONE', #8732, #9116, #5055, .T. ) ;
#10299 = ORIENTED_EDGE ( 'NONE', *, *, #1616, .F. ) ;
#10300 = DIRECTION ( 'NONE',  ( -0.000000000000000000, -1.000000000000000000, -0.000000000000000000 ) ) ;
#10301 = CIRCLE ( 'NONE', #942, 0.8000000000000003775 ) ;
#10302 = ORIENTED_EDGE ( 'NONE', *, *, #3146, .F. ) ;
#10303 = ORIENTED_EDGE ( 'NONE', *, *, #8701, .F. ) ;
#10304 = VECTOR ( 'NONE', #3358, 1000.000000000000000 ) ;
#10305 = DIRECTION ( 'NONE',  ( 0.000000000000000000, 1.000000000000000000, -0.000000000000000000 ) ) ;
#10306 = VECTOR ( 'NONE', #1204, 1000.000000000000000 ) ;
#10307 = EDGE_CURVE ( 'NONE', #7673, #2401, #4929, .T. ) ;
#10308 = EDGE_CURVE ( 'NONE', #3087, #5076, #4056, .T. ) ;
#10309 = VECTOR ( 'NONE', #2148, 1000.000000000000000 ) ;
#10310 = DIRECTION ( 'NONE',  ( 0.000000000000000000, 1.445602896647339706E-15, -1.000000000000000000 ) ) ;
#10311 = DIRECTION ( 'NONE',  ( 0.000000000000000000, 0.000000000000000000, 1.000000000000000000 ) ) ;
#10312 = DIRECTION ( 'NONE',  ( -0.000000000000000000, -1.000000000000000000, -0.000000000000000000 ) ) ;
#10313 = EDGE_CURVE ( 'NONE', #8233, #954, #4242, .T. ) ;
#10314 = PLANE ( 'NONE',  #7924 ) ;
#10315 = AXIS2_PLACEMENT_3D ( 'NONE', #644, #7078, #9363 ) ;
#10316 = DIRECTION ( 'NONE',  ( -0.000000000000000000, -1.000000000000000000, -0.000000000000000000 ) ) ;
#10317 = VECTOR ( 'NONE', #9083, 1000.000000000000000 ) ;
#10318 = CARTESIAN_POINT ( 'NONE',  ( 1.289999999999999591, 2.970000000000000195, -9.340000000000003411 ) ) ;
#10319 = VERTEX_POINT ( 'NONE', #8933 ) ;
#10320 = DIRECTION ( 'NONE',  ( 0.000000000000000000, 1.000000000000000000, -0.000000000000000000 ) ) ;
#10321 = ORIENTED_EDGE ( 'NONE', *, *, #6296, .F. ) ;
#10322 = ORIENTED_EDGE ( 'NONE', *, *, #5918, .F. ) ;
#10323 = AXIS2_PLACEMENT_3D ( 'NONE', #5644, #3227, #5757 ) ;
#10324 = AXIS2_PLACEMENT_3D ( 'NONE', #4204, #4358, #216 ) ;
#10325 = AXIS2_PLACEMENT_3D ( 'NONE', #1293, #2183, #7053 ) ;
#10326 = DIRECTION ( 'NONE',  ( -0.000000000000000000, -1.000000000000000000, -0.000000000000000000 ) ) ;
#10327 = VECTOR ( 'NONE', #6692, 1000.000000000000000 ) ;
#10328 = ADVANCED_FACE ( 'NONE', ( #5833 ), #4144, .F. ) ;
#10329 = DIRECTION ( 'NONE',  ( 0.000000000000000000, 0.000000000000000000, 1.000000000000000000 ) ) ;
#10330 = UNCERTAINTY_MEASURE_WITH_UNIT (LENGTH_MEASURE( 1.000000000000000082E-05 ), #7331, 'distance_accuracy_value', 'NONE');
#10331 = CIRCLE ( 'NONE', #5840, 0.5080000000000046700 ) ;
#10332 = DIRECTION ( 'NONE',  ( 1.000000000000000000, 0.000000000000000000, -9.227252531791528105E-16 ) ) ;
#10333 = ADVANCED_FACE ( 'NONE', ( #1775, #6566 ), #9880, .T. ) ;
#10334 = CARTESIAN_POINT ( 'NONE',  ( -9.500000000000000000, 0.000000000000000000, -8.382000000000001450 ) ) ;
#10335 = VERTEX_POINT ( 'NONE', #3411 ) ;
#10336 = EDGE_LOOP ( 'NONE', ( #2072, #1039, #5447, #4712 ) ) ;
#10337 = VERTEX_POINT ( 'NONE', #6607 ) ;
#10338 = ORIENTED_EDGE ( 'NONE', *, *, #289, .T. ) ;
#10339 = CARTESIAN_POINT ( 'NONE',  ( 3.969999999999999751, 3.000000000000000000, -8.209999999999995524 ) ) ;
#10340 = VECTOR ( 'NONE', #7601, 1000.000000000000000 ) ;
#10341 = DIRECTION ( 'NONE',  ( -0.000000000000000000, -0.000000000000000000, -1.000000000000000000 ) ) ;
#10342 = EDGE_CURVE ( 'NONE', #9524, #3642, #9768, .T. ) ;
#10343 = CARTESIAN_POINT ( 'NONE',  ( -6.505213034913190293E-16, 4.721281787984062284, -0.4700000000000117972 ) ) ;
#10344 = PLANE ( 'NONE',  #6641 ) ;
#10345 = AXIS2_PLACEMENT_3D ( 'NONE', #10230, #4695, #6331 ) ;
#10346 = CARTESIAN_POINT ( 'NONE',  ( 9.500000000000000000, 0.000000000000000000, 2.070000000000002505 ) ) ;
#10347 = CARTESIAN_POINT ( 'NONE',  ( -6.349999999999999645, 2.970000000000000639, 9.340000000000008740 ) ) ;
#10348 = ORIENTED_EDGE ( 'NONE', *, *, #2514, .T. ) ;
#10349 = DIRECTION ( 'NONE',  ( 0.000000000000000000, 1.000000000000000000, -0.000000000000000000 ) ) ;
#10350 = EDGE_LOOP ( 'NONE', ( #4910, #1161, #6025, #9750 ) ) ;
#10351 = AXIS2_PLACEMENT_3D ( 'NONE', #215, #1106, #1889 ) ;
#10352 = CARTESIAN_POINT ( 'NONE',  ( 9.500000000000000000, 4.721281787984062284, 0.000000000000000000 ) ) ;
#10353 = VECTOR ( 'NONE', #6501, 1000.000000000000000 ) ;
#10354 = ADVANCED_FACE ( 'NONE', ( #5038 ), #250, .T. ) ;
#10355 = CARTESIAN_POINT ( 'NONE',  ( 9.500000000000000000, 4.721281787984062284, 5.550000000000002487 ) ) ;
#10356 = PRESENTATION_STYLE_ASSIGNMENT (( #8873 ) ) ;
#10357 = CYLINDRICAL_SURFACE ( 'NONE', #4909, 0.5080000000000050031 ) ;
#10358 = CARTESIAN_POINT ( 'NONE',  ( -5.434359452786442609E-16, 3.270000000000000018, -4.580000000000002736 ) ) ;
#10359 = CIRCLE ( 'NONE', #1173, 0.7999999999999999334 ) ;
#10360 = ORIENTED_EDGE ( 'NONE', *, *, #5651, .F. ) ;
#10361 = FACE_OUTER_BOUND ( 'NONE', #2946, .T. ) ;
#10362 = EDGE_LOOP ( 'NONE', ( #1412, #6625, #8977, #9690 ) ) ;
#10363 = ORIENTED_EDGE ( 'NONE', *, *, #2976, .F. ) ;
#10364 = VERTEX_POINT ( 'NONE', #4291 ) ;
#10365 = DIRECTION ( 'NONE',  ( -0.000000000000000000, -0.000000000000000000, -1.000000000000000000 ) ) ;
ENDSEC;
END-ISO-10303-21;
